t,h_t,var_h_t,I_t,H_M_lower_bound,real,label,sample
0,3.202444194494824,11.14808363245185,nan,0.0,real,German.Parsed.CSV,0
1,2.0460023567416217,6.488092951575273,1.1564418377532024,1.1564418377532024,real,German.Parsed.CSV,0
2,1.480639610156384,4.346368504775555,0.5653627465852378,2.287167330923678,real,German.Parsed.CSV,0
3,1.2207978915187416,3.5160626080940256,0.25984171863764227,3.0666924868366046,real,German.Parsed.CSV,0
4,1.123387518509145,3.2492893475715356,0.09741037300959654,3.4563339788749907,real,German.Parsed.CSV,0
5,1.0940038622393018,3.1818300006418316,0.029383656269843295,3.603252260224207,real,German.Parsed.CSV,0
6,1.0865572591436174,3.165812793540161,0.007446603095684345,3.647931878798313,real,German.Parsed.CSV,0
7,1.0843111849188927,3.161515242575108,0.002246074224724781,3.6636543983713867,real,German.Parsed.CSV,0
8,1.0837596853304088,3.1605503773174295,0.0005514995884838836,3.668066395079258,real,German.Parsed.CSV,0
9,1.0834786669017122,3.1599738704799143,0.0002810184286965445,3.6705955609375267,real,German.Parsed.CSV,0
10,1.0834237817943706,3.1598415595295384,5.4885107341640094e-05,3.671144412010943,real,German.Parsed.CSV,0
11,1.083401948027743,3.159804534600785,2.1833766627565865e-05,3.6713845834438463,real,German.Parsed.CSV,0
12,1.08340016401578,3.159800404592531,1.7840119630463391e-06,3.671405991587403,real,German.Parsed.CSV,0
13,1.083399626209133,3.159799379061239,5.37806646994099e-07,3.6714129830738136,real,German.Parsed.CSV,0
14,1.0833988855895826,3.1597984220369675,7.406195503545376e-07,3.6714233517475185,real,German.Parsed.CSV,0
15,1.0833988566021286,3.1597984159169363,2.898745399271263e-08,3.6714237865593287,real,German.Parsed.CSV,0
16,1.0833988562202401,3.1597984156522316,3.8188852080622837e-10,3.671423792669545,real,German.Parsed.CSV,0
17,1.0833988102032568,3.1597983837549433,4.601698333495108e-08,3.6714245749582615,real,German.Parsed.CSV,0
18,1.0833988102032568,3.1597983837549433,-0.0,3.6714245749582615,real,German.Parsed.CSV,0
19,1.0833988102032568,3.1597983837549433,-0.0,3.6714245749582615,real,German.Parsed.CSV,0
20,1.0833988102032568,3.1597983837549433,-0.0,3.6714245749582615,real,German.Parsed.CSV,0
21,1.0833988102032568,3.1597983837549433,-0.0,3.6714245749582615,real,German.Parsed.CSV,0
22,1.0833988102032568,3.1597983837549433,-0.0,3.6714245749582615,real,German.Parsed.CSV,0
23,1.0833988102032568,3.1597983837549433,-0.0,3.6714245749582615,real,German.Parsed.CSV,0
24,1.0833988102032568,3.1597983837549433,-0.0,3.6714245749582615,real,German.Parsed.CSV,0
25,1.0833988102032568,3.1597983837549433,-0.0,3.6714245749582615,real,German.Parsed.CSV,0
26,1.0833988102032568,3.1597983837549433,-0.0,3.6714245749582615,real,German.Parsed.CSV,0
27,1.0833988102032568,3.1597983837549433,-0.0,3.6714245749582615,real,German.Parsed.CSV,0
0,3.202444194494824,11.14808363245185,nan,0.0,scramble,German.Parsed.CSV,0
1,2.4553977836233822,8.414624408200188,0.7470464108714419,0.7470464108714419,scramble,German.Parsed.CSV,0
2,1.7596726687835527,5.625664016375784,0.6957251148398296,2.138496640551101,scramble,German.Parsed.CSV,0
3,1.2472978100577239,3.798744669211102,0.5123748587258288,3.6756212167285875,scramble,German.Parsed.CSV,0
4,1.1033524512466906,3.4265832759496995,0.14394535881103332,4.251402651972721,scramble,German.Parsed.CSV,0
5,1.0854020513076255,3.3928404396256395,0.01795039993906511,4.341154651668046,scramble,German.Parsed.CSV,0
6,1.0838632509955841,3.390336765468251,0.001538800312041344,4.350387453540295,scramble,German.Parsed.CSV,0
7,1.0835762097395094,3.3898738476015753,0.0002870412560747049,4.352396742332818,scramble,German.Parsed.CSV,0
8,1.0834833923104374,3.389730305653636,9.281742907196744e-05,4.353139281765394,scramble,German.Parsed.CSV,0
9,1.0834362233352506,3.3896688341719226,4.716897518686203e-05,4.353563802542076,scramble,German.Parsed.CSV,0
10,1.08343343645845,3.3896657227559195,2.786876800664473e-06,4.353591671310083,scramble,German.Parsed.CSV,0
11,1.0834006547981776,3.389626282985442,3.278166027231855e-05,4.353952269573078,scramble,German.Parsed.CSV,0
12,1.0833988133628478,3.3896249031803465,1.8414353297746544e-06,4.353974366797035,scramble,German.Parsed.CSV,0
13,1.0833988102032566,3.389624896407662,3.1595912552973004e-09,4.353974407871721,scramble,German.Parsed.CSV,0
14,1.0833988102032566,3.389624896407662,-0.0,4.353974407871721,scramble,German.Parsed.CSV,0
15,1.0833988102032566,3.389624896407662,-0.0,4.353974407871721,scramble,German.Parsed.CSV,0
16,1.0833988102032566,3.389624896407662,-0.0,4.353974407871721,scramble,German.Parsed.CSV,0
17,1.0833988102032566,3.389624896407662,-0.0,4.353974407871721,scramble,German.Parsed.CSV,0
18,1.0833988102032566,3.389624896407662,-0.0,4.353974407871721,scramble,German.Parsed.CSV,0
19,1.0833988102032566,3.389624896407662,-0.0,4.353974407871721,scramble,German.Parsed.CSV,0
20,1.0833988102032566,3.389624896407662,-0.0,4.353974407871721,scramble,German.Parsed.CSV,0
21,1.0833988102032566,3.389624896407662,-0.0,4.353974407871721,scramble,German.Parsed.CSV,0
22,1.0833988102032566,3.389624896407662,-0.0,4.353974407871721,scramble,German.Parsed.CSV,0
23,1.0833988102032566,3.389624896407662,-0.0,4.353974407871721,scramble,German.Parsed.CSV,0
24,1.0833988102032566,3.389624896407662,-0.0,4.353974407871721,scramble,German.Parsed.CSV,0
25,1.0833988102032566,3.389624896407662,-0.0,4.353974407871721,scramble,German.Parsed.CSV,0
26,1.0833988102032566,3.389624896407662,-0.0,4.353974407871721,scramble,German.Parsed.CSV,0
27,1.0833988102032566,3.389624896407662,-0.0,4.353974407871721,scramble,German.Parsed.CSV,0
0,3.202444194494824,11.14808363245185,nan,0.0,manner,German.Parsed.CSV,0
1,2.320759464018092,7.864744745305283,0.8816847304767319,0.8816847304767319,manner,German.Parsed.CSV,0
2,1.7232651174860678,5.473915858583278,0.5974943465320244,2.0766734235407807,manner,German.Parsed.CSV,0
3,1.3135852088561764,4.02593368254088,0.40967990862989145,3.305713149430455,manner,German.Parsed.CSV,0
4,1.1423600723438945,3.559973302130173,0.17122513651228188,3.9906136954795826,manner,German.Parsed.CSV,0
5,1.1062426121417803,3.485610505698287,0.03611746020211415,4.171200996490153,manner,German.Parsed.CSV,0
6,1.1018929198490905,3.477591533574527,0.004349692292689777,4.197299150246292,manner,German.Parsed.CSV,0
7,1.1014279562799698,3.476807834376938,0.00046496356912073544,4.200553895230137,manner,German.Parsed.CSV,0
8,1.1012293356873055,3.476627394360527,0.00019862059266428922,4.202142859971452,manner,German.Parsed.CSV,0
9,1.1012232656848315,3.4766165174426735,6.070002473990144e-06,4.202197489993718,manner,German.Parsed.CSV,0
10,1.1012187648490355,3.4766129295248622,4.500835796061864e-06,4.202242498351678,manner,German.Parsed.CSV,0
11,1.1012180274858978,3.476612258341816,7.373631376594858e-07,4.202250609346192,manner,German.Parsed.CSV,0
12,1.1012180274858978,3.476612258341816,-0.0,4.202250609346192,manner,German.Parsed.CSV,0
13,1.1012180274858978,3.476612258341816,-0.0,4.202250609346192,manner,German.Parsed.CSV,0
14,1.1012180274858978,3.476612258341816,-0.0,4.202250609346192,manner,German.Parsed.CSV,0
15,1.1012180274858978,3.476612258341816,-0.0,4.202250609346192,manner,German.Parsed.CSV,0
16,1.1012180274858978,3.476612258341816,-0.0,4.202250609346192,manner,German.Parsed.CSV,0
17,1.1012180274858978,3.476612258341816,-0.0,4.202250609346192,manner,German.Parsed.CSV,0
18,1.1012180274858978,3.476612258341816,-0.0,4.202250609346192,manner,German.Parsed.CSV,0
19,1.1012180274858978,3.476612258341816,-0.0,4.202250609346192,manner,German.Parsed.CSV,0
20,1.1012180274858978,3.476612258341816,-0.0,4.202250609346192,manner,German.Parsed.CSV,0
21,1.1012180274858978,3.476612258341816,-0.0,4.202250609346192,manner,German.Parsed.CSV,0
22,1.1012180274858978,3.476612258341816,-0.0,4.202250609346192,manner,German.Parsed.CSV,0
23,1.1012180274858978,3.476612258341816,-0.0,4.202250609346192,manner,German.Parsed.CSV,0
24,1.1012180274858978,3.476612258341816,-0.0,4.202250609346192,manner,German.Parsed.CSV,0
25,1.1012180274858978,3.476612258341816,-0.0,4.202250609346192,manner,German.Parsed.CSV,0
26,1.1012180274858978,3.476612258341816,-0.0,4.202250609346192,manner,German.Parsed.CSV,0
27,1.1012180274858978,3.476612258341816,-0.0,4.202250609346192,manner,German.Parsed.CSV,0
0,3.202444194494824,11.14808363245185,nan,0.0,cv,German.Parsed.CSV,0
1,2.5184624261348496,8.474943958509279,0.6839817683599745,0.6839817683599745,cv,German.Parsed.CSV,0
2,1.8453737049477226,5.9790542964409825,0.673088721187127,2.0301592107342286,cv,German.Parsed.CSV,0
3,1.3600566320378407,4.2678840290485995,0.4853170729098819,3.4861104294638743,cv,German.Parsed.CSV,0
4,1.1617662392766899,3.738942343701053,0.1982903927611508,4.2792720005084774,cv,German.Parsed.CSV,0
5,1.1359200933373996,3.687925673490618,0.025846145939290244,4.408502730204929,cv,German.Parsed.CSV,0
6,1.1343220937381426,3.685259545668052,0.001597999599256994,4.418090727800471,cv,German.Parsed.CSV,0
7,1.134280718215414,3.6851749994172796,4.1375522728648306e-05,4.418380356459571,cv,German.Parsed.CSV,0
8,1.134278152873294,3.68517208601041,2.565342120064429e-06,4.418400879196532,cv,German.Parsed.CSV,0
9,1.1342775104702216,3.6851713675489846,6.424030722929075e-07,4.418406660824182,cv,German.Parsed.CSV,0
10,1.1342775104702216,3.6851713675489846,-0.0,4.418406660824182,cv,German.Parsed.CSV,0
11,1.1342775104702216,3.6851713675489846,-0.0,4.418406660824182,cv,German.Parsed.CSV,0
12,1.1342775104702216,3.6851713675489846,-0.0,4.418406660824182,cv,German.Parsed.CSV,0
13,1.1342775104702216,3.6851713675489846,-0.0,4.418406660824182,cv,German.Parsed.CSV,0
14,1.1342775104702216,3.6851713675489846,-0.0,4.418406660824182,cv,German.Parsed.CSV,0
15,1.1342775104702216,3.6851713675489846,-0.0,4.418406660824182,cv,German.Parsed.CSV,0
16,1.1342775104702216,3.6851713675489846,-0.0,4.418406660824182,cv,German.Parsed.CSV,0
17,1.1342775104702216,3.6851713675489846,-0.0,4.418406660824182,cv,German.Parsed.CSV,0
18,1.1342775104702216,3.6851713675489846,-0.0,4.418406660824182,cv,German.Parsed.CSV,0
19,1.1342775104702216,3.6851713675489846,-0.0,4.418406660824182,cv,German.Parsed.CSV,0
20,1.1342775104702216,3.6851713675489846,-0.0,4.418406660824182,cv,German.Parsed.CSV,0
21,1.1342775104702216,3.6851713675489846,-0.0,4.418406660824182,cv,German.Parsed.CSV,0
22,1.1342775104702216,3.6851713675489846,-0.0,4.418406660824182,cv,German.Parsed.CSV,0
23,1.1342775104702216,3.6851713675489846,-0.0,4.418406660824182,cv,German.Parsed.CSV,0
24,1.1342775104702216,3.6851713675489846,-0.0,4.418406660824182,cv,German.Parsed.CSV,0
25,1.1342775104702216,3.6851713675489846,-0.0,4.418406660824182,cv,German.Parsed.CSV,0
26,1.1342775104702216,3.6851713675489846,-0.0,4.418406660824182,cv,German.Parsed.CSV,0
27,1.1342775104702216,3.6851713675489846,-0.0,4.418406660824182,cv,German.Parsed.CSV,0
0,3.2024441944948245,11.14808363245185,nan,0.0,scramble,German.Parsed.CSV,1
1,2.544104728198981,8.723164590785021,0.6583394662958435,0.6583394662958435,scramble,German.Parsed.CSV,1
2,1.763170772389154,5.640449404148865,0.7809339558098269,2.2202073779154974,scramble,German.Parsed.CSV,1
3,1.2457273258395998,3.8030460639923334,0.5174434465495543,3.7725377175641603,scramble,German.Parsed.CSV,1
4,1.102476958160087,3.4386779155071583,0.1432503676795127,4.345539188282212,scramble,German.Parsed.CSV,1
5,1.086303809322207,3.405984898004539,0.016173148837880014,4.426404932471612,scramble,German.Parsed.CSV,1
6,1.0839243234898883,3.40210355285021,0.0023794858323187285,4.440681847465524,scramble,German.Parsed.CSV,1
7,1.083553332375435,3.401579860186534,0.0003709911144533784,4.443278785266697,scramble,German.Parsed.CSV,1
8,1.083454784883733,3.4014314210340433,9.85474917019058e-05,4.4440671652003125,scramble,German.Parsed.CSV,1
9,1.083409558359856,3.401349300719069,4.5226523877062164e-05,4.444474203915206,scramble,German.Parsed.CSV,1
10,1.083401340709264,3.401334433410214,8.217650592001746e-06,4.444556380421126,scramble,German.Parsed.CSV,1
11,1.0834001972972487,3.401332810985501,1.1434120152920002e-06,4.444568957953294,scramble,German.Parsed.CSV,1
12,1.0833988398028247,3.401331034100492,1.3574944239813647e-06,4.444585247886382,scramble,German.Parsed.CSV,1
13,1.0833988102032568,3.401330998673064,2.9599567907823143e-08,4.444585632680765,scramble,German.Parsed.CSV,1
14,1.0833988102032568,3.401330998673064,-0.0,4.444585632680765,scramble,German.Parsed.CSV,1
15,1.0833988102032568,3.401330998673064,-0.0,4.444585632680765,scramble,German.Parsed.CSV,1
16,1.0833988102032568,3.401330998673064,-0.0,4.444585632680765,scramble,German.Parsed.CSV,1
17,1.0833988102032568,3.401330998673064,-0.0,4.444585632680765,scramble,German.Parsed.CSV,1
18,1.0833988102032568,3.401330998673064,-0.0,4.444585632680765,scramble,German.Parsed.CSV,1
19,1.0833988102032568,3.401330998673064,-0.0,4.444585632680765,scramble,German.Parsed.CSV,1
20,1.0833988102032568,3.401330998673064,-0.0,4.444585632680765,scramble,German.Parsed.CSV,1
21,1.0833988102032568,3.401330998673064,-0.0,4.444585632680765,scramble,German.Parsed.CSV,1
22,1.0833988102032568,3.401330998673064,-0.0,4.444585632680765,scramble,German.Parsed.CSV,1
23,1.0833988102032568,3.401330998673064,-0.0,4.444585632680765,scramble,German.Parsed.CSV,1
24,1.0833988102032568,3.401330998673064,-0.0,4.444585632680765,scramble,German.Parsed.CSV,1
25,1.0833988102032568,3.401330998673064,-0.0,4.444585632680765,scramble,German.Parsed.CSV,1
26,1.0833988102032568,3.401330998673064,-0.0,4.444585632680765,scramble,German.Parsed.CSV,1
27,1.0833988102032568,3.401330998673064,-0.0,4.444585632680765,scramble,German.Parsed.CSV,1
0,3.202444194494824,11.14808363245185,nan,0.0,manner,German.Parsed.CSV,1
1,2.309896627965656,7.804148189496759,0.892547566529168,0.892547566529168,manner,German.Parsed.CSV,1
2,1.7309206834513216,5.466080529206192,0.5789759445143345,2.050499455557837,manner,German.Parsed.CSV,1
3,1.3160854316118682,4.0100311623181595,0.41483525183945336,3.295005211076197,manner,German.Parsed.CSV,1
4,1.1417920407534297,3.53981846837866,0.17429339085843853,3.9921787745099513,manner,German.Parsed.CSV,1
5,1.1077269140544144,3.4673620087447454,0.03406512669901529,4.162504408005027,manner,German.Parsed.CSV,1
6,1.1032761745856476,3.4592493130834794,0.004450739468766729,4.189208844817628,manner,German.Parsed.CSV,1
7,1.1027519728667976,3.458414376020796,0.000524201718850037,4.192878256849578,manner,German.Parsed.CSV,1
8,1.1026778245991147,3.458296679381849,7.414826768292748e-05,4.193471442991042,manner,German.Parsed.CSV,1
9,1.1025770159132942,3.4582132003834243,0.00010080868582051927,4.194378721163426,manner,German.Parsed.CSV,1
10,1.1025762336662404,3.458212233380123,7.822470537988124e-07,4.194386543633964,manner,German.Parsed.CSV,1
11,1.1025762308710532,3.4582122284363512,2.795187192816684e-09,4.194386574381023,manner,German.Parsed.CSV,1
12,1.1025762308710532,3.4582122284363512,-0.0,4.194386574381023,manner,German.Parsed.CSV,1
13,1.1025762308710532,3.4582122284363512,-0.0,4.194386574381023,manner,German.Parsed.CSV,1
14,1.1025762308710532,3.4582122284363512,-0.0,4.194386574381023,manner,German.Parsed.CSV,1
15,1.1025762308710532,3.4582122284363512,-0.0,4.194386574381023,manner,German.Parsed.CSV,1
16,1.1025762308710532,3.4582122284363512,-0.0,4.194386574381023,manner,German.Parsed.CSV,1
17,1.1025762308710532,3.4582122284363512,-0.0,4.194386574381023,manner,German.Parsed.CSV,1
18,1.1025762308710532,3.4582122284363512,-0.0,4.194386574381023,manner,German.Parsed.CSV,1
19,1.1025762308710532,3.4582122284363512,-0.0,4.194386574381023,manner,German.Parsed.CSV,1
20,1.1025762308710532,3.4582122284363512,-0.0,4.194386574381023,manner,German.Parsed.CSV,1
21,1.1025762308710532,3.4582122284363512,-0.0,4.194386574381023,manner,German.Parsed.CSV,1
22,1.1025762308710532,3.4582122284363512,-0.0,4.194386574381023,manner,German.Parsed.CSV,1
23,1.1025762308710532,3.4582122284363512,-0.0,4.194386574381023,manner,German.Parsed.CSV,1
24,1.1025762308710532,3.4582122284363512,-0.0,4.194386574381023,manner,German.Parsed.CSV,1
25,1.1025762308710532,3.4582122284363512,-0.0,4.194386574381023,manner,German.Parsed.CSV,1
26,1.1025762308710532,3.4582122284363512,-0.0,4.194386574381023,manner,German.Parsed.CSV,1
27,1.1025762308710532,3.4582122284363512,-0.0,4.194386574381023,manner,German.Parsed.CSV,1
0,3.202444194494824,11.14808363245185,nan,0.0,cv,German.Parsed.CSV,1
1,2.465043117381448,8.451553531929914,0.7374010771133759,0.7374010771133759,cv,German.Parsed.CSV,1
2,1.833495086219659,5.909272879658166,0.6315480311617891,2.000497139436954,cv,German.Parsed.CSV,1
3,1.3431830708907946,4.188103005597733,0.4903120153288645,3.471433185423548,cv,German.Parsed.CSV,1
4,1.1469309195623947,3.6658247585562247,0.1962521513283999,4.2564417907371475,cv,German.Parsed.CSV,1
5,1.1221179694706733,3.6161587826248875,0.024812950091721353,4.3805065411957544,cv,German.Parsed.CSV,1
6,1.1204983633143915,3.6134178544797084,0.001619606156281872,4.390224178133446,cv,German.Parsed.CSV,1
7,1.1204486114597598,3.6133384381652034,4.975185463163001e-05,4.390572441115867,cv,German.Parsed.CSV,1
8,1.1204478706628678,3.6133368619752964,7.407968920514207e-07,4.3905783674910035,cv,German.Parsed.CSV,1
9,1.1204478706628678,3.6133368619752964,-0.0,4.3905783674910035,cv,German.Parsed.CSV,1
10,1.1204478691785433,3.6133368566521615,1.484324441136664e-09,4.3905783823342475,cv,German.Parsed.CSV,1
11,1.1204478691785433,3.6133368566521615,-0.0,4.3905783823342475,cv,German.Parsed.CSV,1
12,1.1204478691785433,3.6133368566521615,-0.0,4.3905783823342475,cv,German.Parsed.CSV,1
13,1.1204478691785433,3.6133368566521615,-0.0,4.3905783823342475,cv,German.Parsed.CSV,1
14,1.1204478691785433,3.6133368566521615,-0.0,4.3905783823342475,cv,German.Parsed.CSV,1
15,1.1204478691785433,3.6133368566521615,-0.0,4.3905783823342475,cv,German.Parsed.CSV,1
16,1.1204478691785433,3.6133368566521615,-0.0,4.3905783823342475,cv,German.Parsed.CSV,1
17,1.1204478691785433,3.6133368566521615,-0.0,4.3905783823342475,cv,German.Parsed.CSV,1
18,1.1204478691785433,3.6133368566521615,-0.0,4.3905783823342475,cv,German.Parsed.CSV,1
19,1.1204478691785433,3.6133368566521615,-0.0,4.3905783823342475,cv,German.Parsed.CSV,1
20,1.1204478691785433,3.6133368566521615,-0.0,4.3905783823342475,cv,German.Parsed.CSV,1
21,1.1204478691785433,3.6133368566521615,-0.0,4.3905783823342475,cv,German.Parsed.CSV,1
22,1.1204478691785433,3.6133368566521615,-0.0,4.3905783823342475,cv,German.Parsed.CSV,1
23,1.1204478691785433,3.6133368566521615,-0.0,4.3905783823342475,cv,German.Parsed.CSV,1
24,1.1204478691785433,3.6133368566521615,-0.0,4.3905783823342475,cv,German.Parsed.CSV,1
25,1.1204478691785433,3.6133368566521615,-0.0,4.3905783823342475,cv,German.Parsed.CSV,1
26,1.1204478691785433,3.6133368566521615,-0.0,4.3905783823342475,cv,German.Parsed.CSV,1
27,1.1204478691785433,3.6133368566521615,-0.0,4.3905783823342475,cv,German.Parsed.CSV,1
0,3.2024441944948245,11.14808363245185,nan,0.0,scramble,German.Parsed.CSV,2
1,2.451663730069434,8.547361708139114,0.7507804644253904,0.7507804644253904,scramble,German.Parsed.CSV,2
2,1.7595417663564221,5.63626277380625,0.692121963713012,2.1350243918514145,scramble,German.Parsed.CSV,2
3,1.261578025027764,3.8530437078567177,0.49796374132865817,3.628915615837389,scramble,German.Parsed.CSV,2
4,1.1013075579905662,3.440932331023783,0.16027046703719772,4.26999748398618,scramble,German.Parsed.CSV,2
5,1.0860468715608662,3.412150930686864,0.015260686429700021,4.34630091613468,scramble,German.Parsed.CSV,2
6,1.0838761639681207,3.4083904510586565,0.0021707075927455133,4.359325161691153,scramble,German.Parsed.CSV,2
7,1.0835076329998017,3.407848123829445,0.0003685309683190141,4.361904878469386,scramble,German.Parsed.CSV,2
8,1.0834367860496528,3.4077403069793464,7.084695014891729e-05,4.3624716540705775,scramble,German.Parsed.CSV,2
9,1.0834067655619608,3.4076915303916366,3.002048769196186e-05,4.362741838459805,scramble,German.Parsed.CSV,2
10,1.083404796955989,3.407689108106056,1.968605971791604e-06,4.362761524519524,scramble,German.Parsed.CSV,2
11,1.083399554980027,3.4076831462664883,5.241975961967071e-06,4.362819186255106,scramble,German.Parsed.CSV,2
12,1.0833988173055107,3.4076822675221305,7.376745163600873e-07,4.362828038349302,scramble,German.Parsed.CSV,2
13,1.0833988102032566,3.407682261047702,7.102254118152018e-09,4.362828130678605,scramble,German.Parsed.CSV,2
14,1.0833988102032566,3.407682261047702,-0.0,4.362828130678605,scramble,German.Parsed.CSV,2
15,1.0833988102032566,3.407682261047702,-0.0,4.362828130678605,scramble,German.Parsed.CSV,2
16,1.0833988102032566,3.407682261047702,-0.0,4.362828130678605,scramble,German.Parsed.CSV,2
17,1.0833988102032566,3.407682261047702,-0.0,4.362828130678605,scramble,German.Parsed.CSV,2
18,1.0833988102032566,3.407682261047702,-0.0,4.362828130678605,scramble,German.Parsed.CSV,2
19,1.0833988102032566,3.407682261047702,-0.0,4.362828130678605,scramble,German.Parsed.CSV,2
20,1.0833988102032566,3.407682261047702,-0.0,4.362828130678605,scramble,German.Parsed.CSV,2
21,1.0833988102032566,3.407682261047702,-0.0,4.362828130678605,scramble,German.Parsed.CSV,2
22,1.0833988102032566,3.407682261047702,-0.0,4.362828130678605,scramble,German.Parsed.CSV,2
23,1.0833988102032566,3.407682261047702,-0.0,4.362828130678605,scramble,German.Parsed.CSV,2
24,1.0833988102032566,3.407682261047702,-0.0,4.362828130678605,scramble,German.Parsed.CSV,2
25,1.0833988102032566,3.407682261047702,-0.0,4.362828130678605,scramble,German.Parsed.CSV,2
26,1.0833988102032566,3.407682261047702,-0.0,4.362828130678605,scramble,German.Parsed.CSV,2
27,1.0833988102032566,3.407682261047702,-0.0,4.362828130678605,scramble,German.Parsed.CSV,2
0,3.202444194494824,11.14808363245185,nan,0.0,manner,German.Parsed.CSV,2
1,2.3169561337636364,7.841507985658049,0.8854880607311877,0.8854880607311877,manner,German.Parsed.CSV,2
2,1.729619720433199,5.465108075260606,0.5873364133304375,2.0601608873920627,manner,German.Parsed.CSV,2
3,1.3141508018583883,4.01457229973709,0.4154689185748106,3.3065676431164945,manner,German.Parsed.CSV,2
4,1.1423809037437913,3.5499551769327407,0.17176989811459697,3.9936472355748824,manner,German.Parsed.CSV,2
5,1.1069867518325194,3.475492512631633,0.03539415191127193,4.170617995131242,manner,German.Parsed.CSV,2
6,1.1026637029506743,3.4672661278390002,0.004323048881845093,4.196556288422313,manner,German.Parsed.CSV,2
7,1.1021379224215273,3.466432176272621,0.0005257805291469797,4.200236752126342,manner,German.Parsed.CSV,2
8,1.1020405475315935,3.4662928777143693,9.737488993377674e-05,4.201015751245812,manner,German.Parsed.CSV,2
9,1.1020192105888784,3.4662655589330447,2.1336942715111107e-05,4.201207783730248,manner,German.Parsed.CSV,2
10,1.1020182974843669,3.466264138264049,9.1310451155735e-07,4.2012169147753635,manner,German.Parsed.CSV,2
11,1.1020178293642686,3.4662638079798986,4.681200982403766e-07,4.201222064096444,manner,German.Parsed.CSV,2
12,1.1020178293642686,3.4662638079798986,-0.0,4.201222064096444,manner,German.Parsed.CSV,2
13,1.1020178293642686,3.4662638079798986,-0.0,4.201222064096444,manner,German.Parsed.CSV,2
14,1.1020178293642686,3.4662638079798986,-0.0,4.201222064096444,manner,German.Parsed.CSV,2
15,1.1020178293642686,3.4662638079798986,-0.0,4.201222064096444,manner,German.Parsed.CSV,2
16,1.1020178293642686,3.4662638079798986,-0.0,4.201222064096444,manner,German.Parsed.CSV,2
17,1.1020178293642686,3.4662638079798986,-0.0,4.201222064096444,manner,German.Parsed.CSV,2
18,1.1020178293642686,3.4662638079798986,-0.0,4.201222064096444,manner,German.Parsed.CSV,2
19,1.1020178293642686,3.4662638079798986,-0.0,4.201222064096444,manner,German.Parsed.CSV,2
20,1.1020178293642686,3.4662638079798986,-0.0,4.201222064096444,manner,German.Parsed.CSV,2
21,1.1020178293642686,3.4662638079798986,-0.0,4.201222064096444,manner,German.Parsed.CSV,2
22,1.1020178293642686,3.4662638079798986,-0.0,4.201222064096444,manner,German.Parsed.CSV,2
23,1.1020178293642686,3.4662638079798986,-0.0,4.201222064096444,manner,German.Parsed.CSV,2
24,1.1020178293642686,3.4662638079798986,-0.0,4.201222064096444,manner,German.Parsed.CSV,2
25,1.1020178293642686,3.4662638079798986,-0.0,4.201222064096444,manner,German.Parsed.CSV,2
26,1.1020178293642686,3.4662638079798986,-0.0,4.201222064096444,manner,German.Parsed.CSV,2
27,1.1020178293642686,3.4662638079798986,-0.0,4.201222064096444,manner,German.Parsed.CSV,2
0,3.202444194494824,11.14808363245185,nan,0.0,cv,German.Parsed.CSV,2
1,2.5327491045666766,8.523339068654806,0.6696950899281475,0.6696950899281475,cv,German.Parsed.CSV,2
2,1.8608897193212333,5.993257476014001,0.6718593852454433,2.013413860419034,cv,German.Parsed.CSV,2
3,1.3609307908946147,4.243523969354256,0.4999589284266186,3.51329064569889,cv,German.Parsed.CSV,2
4,1.1654983790133722,3.7212411149439153,0.1954324118812425,4.29502029322386,cv,German.Parsed.CSV,2
5,1.1401784725005653,3.67091907498684,0.02531990651280691,4.421619825787895,cv,German.Parsed.CSV,2
6,1.1387303604315138,3.6684869215402287,0.0014481120690514881,4.430308498202203,cv,German.Parsed.CSV,2
7,1.138693457014973,3.668416543441278,3.69034165408344e-05,4.430566822117989,cv,German.Parsed.CSV,2
8,1.1386921443111684,3.668413475390236,1.312703804545734e-06,4.430577323748425,cv,German.Parsed.CSV,2
9,1.138692133746305,3.6684134658539507,1.0564863428541571e-08,4.430577418832196,cv,German.Parsed.CSV,2
10,1.138692133746305,3.6684134658539507,-0.0,4.430577418832196,cv,German.Parsed.CSV,2
11,1.138692133746305,3.6684134658539507,-0.0,4.430577418832196,cv,German.Parsed.CSV,2
12,1.138692133746305,3.6684134658539507,-0.0,4.430577418832196,cv,German.Parsed.CSV,2
13,1.138692133746305,3.6684134658539507,-0.0,4.430577418832196,cv,German.Parsed.CSV,2
14,1.138692133746305,3.6684134658539507,-0.0,4.430577418832196,cv,German.Parsed.CSV,2
15,1.138692133746305,3.6684134658539507,-0.0,4.430577418832196,cv,German.Parsed.CSV,2
16,1.138692133746305,3.6684134658539507,-0.0,4.430577418832196,cv,German.Parsed.CSV,2
17,1.138692133746305,3.6684134658539507,-0.0,4.430577418832196,cv,German.Parsed.CSV,2
18,1.138692133746305,3.6684134658539507,-0.0,4.430577418832196,cv,German.Parsed.CSV,2
19,1.138692133746305,3.6684134658539507,-0.0,4.430577418832196,cv,German.Parsed.CSV,2
20,1.138692133746305,3.6684134658539507,-0.0,4.430577418832196,cv,German.Parsed.CSV,2
21,1.138692133746305,3.6684134658539507,-0.0,4.430577418832196,cv,German.Parsed.CSV,2
22,1.138692133746305,3.6684134658539507,-0.0,4.430577418832196,cv,German.Parsed.CSV,2
23,1.138692133746305,3.6684134658539507,-0.0,4.430577418832196,cv,German.Parsed.CSV,2
24,1.138692133746305,3.6684134658539507,-0.0,4.430577418832196,cv,German.Parsed.CSV,2
25,1.138692133746305,3.6684134658539507,-0.0,4.430577418832196,cv,German.Parsed.CSV,2
26,1.138692133746305,3.6684134658539507,-0.0,4.430577418832196,cv,German.Parsed.CSV,2
27,1.138692133746305,3.6684134658539507,-0.0,4.430577418832196,cv,German.Parsed.CSV,2
0,3.202444194494824,11.14808363245185,nan,0.0,scramble,German.Parsed.CSV,3
1,2.480633571151844,8.509602064063596,0.72181062334298,0.72181062334298,scramble,German.Parsed.CSV,3
2,1.6849043989675174,5.438115328999049,0.7957291721843267,2.3132689677116334,scramble,German.Parsed.CSV,3
3,1.2322896913357484,3.803534984127732,0.45261470763176903,3.6711130906069407,scramble,German.Parsed.CSV,3
4,1.1023442497418627,3.462732771917788,0.12994544159388566,4.190894856982483,scramble,German.Parsed.CSV,3
5,1.0862049861491998,3.4303823818173917,0.016139263592662934,4.271591174945798,scramble,German.Parsed.CSV,3
6,1.0839465835798487,3.426667581031612,0.002258402569351059,4.285141590361905,scramble,German.Parsed.CSV,3
7,1.0834994725528377,3.4259149606442234,0.0004471110270110046,4.288271367550982,scramble,German.Parsed.CSV,3
8,1.083424609226253,3.425806379832901,7.486332658479533e-05,4.28887027416366,scramble,German.Parsed.CSV,3
9,1.0834006422926072,3.4257716227077815,2.396693364570268e-05,4.289085976566471,scramble,German.Parsed.CSV,3
10,1.083400122374907,3.42577078438226,5.199177002257471e-07,4.289091175743474,scramble,German.Parsed.CSV,3
11,1.0833997835236546,3.4257697286994673,3.3885125239052627e-07,4.28909490310725,scramble,German.Parsed.CSV,3
12,1.0833990972076035,3.425768900278324,6.863160511016986e-07,4.289103138899863,scramble,German.Parsed.CSV,3
13,1.0833988102032566,3.4257685404527662,2.8700434695494437e-07,4.289106869956374,scramble,German.Parsed.CSV,3
14,1.0833988102032566,3.4257685404527662,-0.0,4.289106869956374,scramble,German.Parsed.CSV,3
15,1.0833988102032566,3.4257685404527662,-0.0,4.289106869956374,scramble,German.Parsed.CSV,3
16,1.0833988102032566,3.4257685404527662,-0.0,4.289106869956374,scramble,German.Parsed.CSV,3
17,1.0833988102032566,3.4257685404527662,-0.0,4.289106869956374,scramble,German.Parsed.CSV,3
18,1.0833988102032566,3.4257685404527662,-0.0,4.289106869956374,scramble,German.Parsed.CSV,3
19,1.0833988102032566,3.4257685404527662,-0.0,4.289106869956374,scramble,German.Parsed.CSV,3
20,1.0833988102032566,3.4257685404527662,-0.0,4.289106869956374,scramble,German.Parsed.CSV,3
21,1.0833988102032566,3.4257685404527662,-0.0,4.289106869956374,scramble,German.Parsed.CSV,3
22,1.0833988102032566,3.4257685404527662,-0.0,4.289106869956374,scramble,German.Parsed.CSV,3
23,1.0833988102032566,3.4257685404527662,-0.0,4.289106869956374,scramble,German.Parsed.CSV,3
24,1.0833988102032566,3.4257685404527662,-0.0,4.289106869956374,scramble,German.Parsed.CSV,3
25,1.0833988102032566,3.4257685404527662,-0.0,4.289106869956374,scramble,German.Parsed.CSV,3
26,1.0833988102032566,3.4257685404527662,-0.0,4.289106869956374,scramble,German.Parsed.CSV,3
27,1.0833988102032566,3.4257685404527662,-0.0,4.289106869956374,scramble,German.Parsed.CSV,3
0,3.202444194494824,11.14808363245185,nan,0.0,manner,German.Parsed.CSV,3
1,2.31757263281744,7.841711945937654,0.8848715616773841,0.8848715616773841,manner,German.Parsed.CSV,3
2,1.7248516521605666,5.455543152434207,0.5927209806568734,2.070313522991131,manner,German.Parsed.CSV,3
3,1.3092643838973463,4.008163728813005,0.41558726826322023,3.317075327780792,manner,German.Parsed.CSV,3
4,1.1375162067822295,3.5401279284929115,0.1717481771151168,4.004068036241259,manner,German.Parsed.CSV,3
5,1.102133748811075,3.4657066030806436,0.03538245797115458,4.180980326097032,manner,German.Parsed.CSV,3
6,1.0980628434010697,3.4582428304845005,0.00407090541000521,4.205405758557063,manner,German.Parsed.CSV,3
7,1.0975976009775925,3.4574366758917967,0.0004652424234772301,4.208662455521404,manner,German.Parsed.CSV,3
8,1.0975435790519321,3.4573612373703697,5.4021925660396874e-05,4.209094630926687,manner,German.Parsed.CSV,3
9,1.0975259244830031,3.4573380463810865,1.7654568928993086e-05,4.209253522047048,manner,German.Parsed.CSV,3
10,1.0975132413273965,3.457321400523495,1.2683155606652008e-05,4.209380353603114,manner,German.Parsed.CSV,3
11,1.0975132413273965,3.457321400523495,-0.0,4.209380353603114,manner,German.Parsed.CSV,3
12,1.0975132306075224,3.4573213848703985,1.0719874099507365e-08,4.209380482241603,manner,German.Parsed.CSV,3
13,1.0975132306075224,3.4573213848703985,-0.0,4.209380482241603,manner,German.Parsed.CSV,3
14,1.0975132306075224,3.4573213848703985,-0.0,4.209380482241603,manner,German.Parsed.CSV,3
15,1.0975132306075224,3.4573213848703985,-0.0,4.209380482241603,manner,German.Parsed.CSV,3
16,1.0975132306075224,3.4573213848703985,-0.0,4.209380482241603,manner,German.Parsed.CSV,3
17,1.0975132306075224,3.4573213848703985,-0.0,4.209380482241603,manner,German.Parsed.CSV,3
18,1.0975132306075224,3.4573213848703985,-0.0,4.209380482241603,manner,German.Parsed.CSV,3
19,1.0975132306075224,3.4573213848703985,-0.0,4.209380482241603,manner,German.Parsed.CSV,3
20,1.0975132306075224,3.4573213848703985,-0.0,4.209380482241603,manner,German.Parsed.CSV,3
21,1.0975132306075224,3.4573213848703985,-0.0,4.209380482241603,manner,German.Parsed.CSV,3
22,1.0975132306075224,3.4573213848703985,-0.0,4.209380482241603,manner,German.Parsed.CSV,3
23,1.0975132306075224,3.4573213848703985,-0.0,4.209380482241603,manner,German.Parsed.CSV,3
24,1.0975132306075224,3.4573213848703985,-0.0,4.209380482241603,manner,German.Parsed.CSV,3
25,1.0975132306075224,3.4573213848703985,-0.0,4.209380482241603,manner,German.Parsed.CSV,3
26,1.0975132306075224,3.4573213848703985,-0.0,4.209380482241603,manner,German.Parsed.CSV,3
27,1.0975132306075224,3.4573213848703985,-0.0,4.209380482241603,manner,German.Parsed.CSV,3
0,3.202444194494824,11.14808363245185,nan,0.0,cv,German.Parsed.CSV,3
1,2.533053391868605,8.517122438045176,0.6693908026262192,0.6693908026262192,cv,German.Parsed.CSV,3
2,1.852098454890396,5.981763496378483,0.6809549369782089,2.031300676582637,cv,German.Parsed.CSV,3
3,1.3632282909502356,4.266972990281806,0.4888701639401605,3.4979111684031183,cv,German.Parsed.CSV,3
4,1.164860166377759,3.740281301785702,0.19836812457247666,4.291383666693025,cv,German.Parsed.CSV,3
5,1.1386798087667516,3.6880254174832565,0.026180357611007343,4.422285454748062,cv,German.Parsed.CSV,3
6,1.1372801428126054,3.6855733917986537,0.0013996659541462009,4.430683450472939,cv,German.Parsed.CSV,3
7,1.137214712274752,3.6854914134201597,6.54305378533504e-05,4.431141464237912,cv,German.Parsed.CSV,3
8,1.1372141025323452,3.685490493028718,6.097424067874613e-07,4.431146342177167,cv,German.Parsed.CSV,3
9,1.1372138506296061,3.6854897827959006,2.5190273911235295e-07,4.431148609301818,cv,German.Parsed.CSV,3
10,1.1372138506296061,3.6854897827959006,-0.0,4.431148609301818,cv,German.Parsed.CSV,3
11,1.1372138506296061,3.6854897827959006,-0.0,4.431148609301818,cv,German.Parsed.CSV,3
12,1.1372138506296061,3.6854897827959006,-0.0,4.431148609301818,cv,German.Parsed.CSV,3
13,1.1372138506296061,3.6854897827959006,-0.0,4.431148609301818,cv,German.Parsed.CSV,3
14,1.1372138506296061,3.6854897827959006,-0.0,4.431148609301818,cv,German.Parsed.CSV,3
15,1.1372138506296061,3.6854897827959006,-0.0,4.431148609301818,cv,German.Parsed.CSV,3
16,1.1372138506296061,3.6854897827959006,-0.0,4.431148609301818,cv,German.Parsed.CSV,3
17,1.1372138506296061,3.6854897827959006,-0.0,4.431148609301818,cv,German.Parsed.CSV,3
18,1.1372138506296061,3.6854897827959006,-0.0,4.431148609301818,cv,German.Parsed.CSV,3
19,1.1372138506296061,3.6854897827959006,-0.0,4.431148609301818,cv,German.Parsed.CSV,3
20,1.1372138506296061,3.6854897827959006,-0.0,4.431148609301818,cv,German.Parsed.CSV,3
21,1.1372138506296061,3.6854897827959006,-0.0,4.431148609301818,cv,German.Parsed.CSV,3
22,1.1372138506296061,3.6854897827959006,-0.0,4.431148609301818,cv,German.Parsed.CSV,3
23,1.1372138506296061,3.6854897827959006,-0.0,4.431148609301818,cv,German.Parsed.CSV,3
24,1.1372138506296061,3.6854897827959006,-0.0,4.431148609301818,cv,German.Parsed.CSV,3
25,1.1372138506296061,3.6854897827959006,-0.0,4.431148609301818,cv,German.Parsed.CSV,3
26,1.1372138506296061,3.6854897827959006,-0.0,4.431148609301818,cv,German.Parsed.CSV,3
27,1.1372138506296061,3.6854897827959006,-0.0,4.431148609301818,cv,German.Parsed.CSV,3
0,3.202444194494824,11.14808363245185,nan,0.0,scramble,German.Parsed.CSV,4
1,2.5389016778189366,8.782789173801044,0.6635425166758875,0.6635425166758875,scramble,German.Parsed.CSV,4
2,1.760747412051954,5.755813275197779,0.7781542657669827,2.219851048209853,scramble,German.Parsed.CSV,4
3,1.2568947140820452,3.9459652557934586,0.5038526979699087,3.731409142119579,scramble,German.Parsed.CSV,4
4,1.1074230525858781,3.560986677004928,0.14947166149616709,4.329295788104247,scramble,German.Parsed.CSV,4
5,1.0868360699549067,3.518456163502933,0.020586982630971473,4.432230701259105,scramble,German.Parsed.CSV,4
6,1.0842298852567256,3.5137484099945713,0.00260618469818108,4.447867809448191,scramble,German.Parsed.CSV,4
7,1.0835793450963627,3.5127419097925556,0.0006505401603629224,4.452421590570731,scramble,German.Parsed.CSV,4
8,1.0834505810828108,3.512530285174287,0.00012876401355188527,4.453451702679146,scramble,German.Parsed.CSV,4
9,1.0834010230881894,3.512463497788455,4.955799462136312e-05,4.453897724630739,scramble,German.Parsed.CSV,4
10,1.083398910168302,3.5124611155082928,2.112919887498066e-06,4.453918853829614,scramble,German.Parsed.CSV,4
11,1.0833988407274424,3.512460973567949,6.94408595069973e-08,4.453919617679069,scramble,German.Parsed.CSV,4
12,1.0833988102032566,3.5124609497282187,3.052418584559291e-08,4.453919983969299,scramble,German.Parsed.CSV,4
13,1.0833988102032566,3.5124609497282187,-0.0,4.453919983969299,scramble,German.Parsed.CSV,4
14,1.0833988102032566,3.5124609497282187,-0.0,4.453919983969299,scramble,German.Parsed.CSV,4
15,1.0833988102032566,3.5124609497282187,-0.0,4.453919983969299,scramble,German.Parsed.CSV,4
16,1.0833988102032566,3.5124609497282187,-0.0,4.453919983969299,scramble,German.Parsed.CSV,4
17,1.0833988102032566,3.5124609497282187,-0.0,4.453919983969299,scramble,German.Parsed.CSV,4
18,1.0833988102032566,3.5124609497282187,-0.0,4.453919983969299,scramble,German.Parsed.CSV,4
19,1.0833988102032566,3.5124609497282187,-0.0,4.453919983969299,scramble,German.Parsed.CSV,4
20,1.0833988102032566,3.5124609497282187,-0.0,4.453919983969299,scramble,German.Parsed.CSV,4
21,1.0833988102032566,3.5124609497282187,-0.0,4.453919983969299,scramble,German.Parsed.CSV,4
22,1.0833988102032566,3.5124609497282187,-0.0,4.453919983969299,scramble,German.Parsed.CSV,4
23,1.0833988102032566,3.5124609497282187,-0.0,4.453919983969299,scramble,German.Parsed.CSV,4
24,1.0833988102032566,3.5124609497282187,-0.0,4.453919983969299,scramble,German.Parsed.CSV,4
25,1.0833988102032566,3.5124609497282187,-0.0,4.453919983969299,scramble,German.Parsed.CSV,4
26,1.0833988102032566,3.5124609497282187,-0.0,4.453919983969299,scramble,German.Parsed.CSV,4
27,1.0833988102032566,3.5124609497282187,-0.0,4.453919983969299,scramble,German.Parsed.CSV,4
0,3.202444194494824,11.14808363245185,nan,0.0,manner,German.Parsed.CSV,4
1,2.3222446771693344,7.863865929451932,0.8801995173254897,0.8801995173254897,manner,German.Parsed.CSV,4
2,1.7335554552019312,5.487561919117312,0.5886892219674031,2.057577961260296,manner,German.Parsed.CSV,4
3,1.3143680430326232,4.024116062756977,0.419187412169308,3.31514019776822,manner,German.Parsed.CSV,4
4,1.1437356864300903,3.5573758525957695,0.17063235660253295,3.997669624178352,manner,German.Parsed.CSV,4
5,1.1099975916664997,3.4858887262324436,0.033738094763590576,4.1663600979963045,manner,German.Parsed.CSV,4
6,1.1055744878207054,3.478073128357549,0.004423103845794252,4.19289872107107,manner,German.Parsed.CSV,4
7,1.1049563664865123,3.4770544405621395,0.0006181213341931446,4.197225570410422,manner,German.Parsed.CSV,4
8,1.1048672363389664,3.4769035147128537,8.913014754585724e-05,4.197938611590789,manner,German.Parsed.CSV,4
9,1.1048542039144773,3.476890152889099,1.3032424489134442e-05,4.198055903411191,manner,German.Parsed.CSV,4
10,1.104850159058553,3.4768868146841654,4.044855924201229e-06,4.198096351970433,manner,German.Parsed.CSV,4
11,1.1048501270604951,3.476886773301182,3.199805798104194e-08,4.198096703949071,manner,German.Parsed.CSV,4
12,1.1048495653457264,3.4768858226814277,5.617147686987067e-07,4.1981034445262955,manner,German.Parsed.CSV,4
13,1.1048495653457264,3.4768858226814277,-0.0,4.1981034445262955,manner,German.Parsed.CSV,4
14,1.1048495653457264,3.4768858226814277,-0.0,4.1981034445262955,manner,German.Parsed.CSV,4
15,1.1048495653457264,3.4768858226814277,-0.0,4.1981034445262955,manner,German.Parsed.CSV,4
16,1.1048495653457264,3.4768858226814277,-0.0,4.1981034445262955,manner,German.Parsed.CSV,4
17,1.1048495653457264,3.4768858226814277,-0.0,4.1981034445262955,manner,German.Parsed.CSV,4
18,1.1048495653457264,3.4768858226814277,-0.0,4.1981034445262955,manner,German.Parsed.CSV,4
19,1.1048495653457264,3.4768858226814277,-0.0,4.1981034445262955,manner,German.Parsed.CSV,4
20,1.1048495653457264,3.4768858226814277,-0.0,4.1981034445262955,manner,German.Parsed.CSV,4
21,1.1048495653457264,3.4768858226814277,-0.0,4.1981034445262955,manner,German.Parsed.CSV,4
22,1.1048495653457264,3.4768858226814277,-0.0,4.1981034445262955,manner,German.Parsed.CSV,4
23,1.1048495653457264,3.4768858226814277,-0.0,4.1981034445262955,manner,German.Parsed.CSV,4
24,1.1048495653457264,3.4768858226814277,-0.0,4.1981034445262955,manner,German.Parsed.CSV,4
25,1.1048495653457264,3.4768858226814277,-0.0,4.1981034445262955,manner,German.Parsed.CSV,4
26,1.1048495653457264,3.4768858226814277,-0.0,4.1981034445262955,manner,German.Parsed.CSV,4
27,1.1048495653457264,3.4768858226814277,-0.0,4.1981034445262955,manner,German.Parsed.CSV,4
0,3.202444194494824,11.14808363245185,nan,0.0,cv,German.Parsed.CSV,4
1,2.532797100554393,8.522678676267706,0.6696470939404309,0.6696470939404309,cv,German.Parsed.CSV,4
2,1.8505883111616206,5.969907991747466,0.6822087893927726,2.034064672725976,cv,German.Parsed.CSV,4
3,1.3651292132098112,4.249702434322921,0.4854590979518094,3.4904419665814044,cv,German.Parsed.CSV,4
4,1.1661182231064313,3.723725234842314,0.19901099010337986,4.286485926994924,cv,German.Parsed.CSV,4
5,1.1400702030367038,3.671885222718786,0.026048020069727507,4.416726027343562,cv,German.Parsed.CSV,4
6,1.1385474793640906,3.66932618242547,0.001522723672613191,4.4258623693792405,cv,German.Parsed.CSV,4
7,1.1384811880285421,3.669201231194639,6.6291335548474e-05,4.42632640872808,cv,German.Parsed.CSV,4
8,1.138480233270051,3.6692000478559748,9.547584911562268e-07,4.4263340467960095,cv,German.Parsed.CSV,4
9,1.138480233270051,3.6692000478559748,-0.0,4.4263340467960095,cv,German.Parsed.CSV,4
10,1.138480233270051,3.6692000478559748,-0.0,4.4263340467960095,cv,German.Parsed.CSV,4
11,1.138480233270051,3.6692000478559748,-0.0,4.4263340467960095,cv,German.Parsed.CSV,4
12,1.138480233270051,3.6692000478559748,-0.0,4.4263340467960095,cv,German.Parsed.CSV,4
13,1.138480233270051,3.6692000478559748,-0.0,4.4263340467960095,cv,German.Parsed.CSV,4
14,1.138480233270051,3.6692000478559748,-0.0,4.4263340467960095,cv,German.Parsed.CSV,4
15,1.138480233270051,3.6692000478559748,-0.0,4.4263340467960095,cv,German.Parsed.CSV,4
16,1.138480233270051,3.6692000478559748,-0.0,4.4263340467960095,cv,German.Parsed.CSV,4
17,1.138480233270051,3.6692000478559748,-0.0,4.4263340467960095,cv,German.Parsed.CSV,4
18,1.138480233270051,3.6692000478559748,-0.0,4.4263340467960095,cv,German.Parsed.CSV,4
19,1.138480233270051,3.6692000478559748,-0.0,4.4263340467960095,cv,German.Parsed.CSV,4
20,1.138480233270051,3.6692000478559748,-0.0,4.4263340467960095,cv,German.Parsed.CSV,4
21,1.138480233270051,3.6692000478559748,-0.0,4.4263340467960095,cv,German.Parsed.CSV,4
22,1.138480233270051,3.6692000478559748,-0.0,4.4263340467960095,cv,German.Parsed.CSV,4
23,1.138480233270051,3.6692000478559748,-0.0,4.4263340467960095,cv,German.Parsed.CSV,4
24,1.138480233270051,3.6692000478559748,-0.0,4.4263340467960095,cv,German.Parsed.CSV,4
25,1.138480233270051,3.6692000478559748,-0.0,4.4263340467960095,cv,German.Parsed.CSV,4
26,1.138480233270051,3.6692000478559748,-0.0,4.4263340467960095,cv,German.Parsed.CSV,4
27,1.138480233270051,3.6692000478559748,-0.0,4.4263340467960095,cv,German.Parsed.CSV,4
0,3.202444194494824,11.14808363245185,nan,0.0,scramble,German.Parsed.CSV,5
1,2.444448672488228,8.4618973119386,0.7579955220065959,0.7579955220065959,scramble,German.Parsed.CSV,5
2,1.7425571435360532,5.538348993179699,0.701891528952175,2.161778579910946,scramble,German.Parsed.CSV,5
3,1.2640842248971076,3.828851611216166,0.4784729186389456,3.597197335827783,scramble,German.Parsed.CSV,5
4,1.1086535265371014,3.4383335126774996,0.15543069836000623,4.218920129267808,scramble,German.Parsed.CSV,5
5,1.0872530817425903,3.396321311240893,0.021400444794511086,4.3259223532403634,scramble,German.Parsed.CSV,5
6,1.0842929961922048,3.391367854519799,0.002960085550385516,4.343682866542677,scramble,German.Parsed.CSV,5
7,1.0835898337026961,3.390297603484326,0.0007031624895086352,4.348605003969237,scramble,German.Parsed.CSV,5
8,1.0834593114553324,3.390089978846204,0.0001305222473637624,4.3496491819481475,scramble,German.Parsed.CSV,5
9,1.0834184541649299,3.390032275086502,4.085729040248509e-05,4.35001689756177,scramble,German.Parsed.CSV,5
10,1.08340868436646,3.390017763385158,9.769798469783098e-06,4.350114595546468,scramble,German.Parsed.CSV,5
11,1.0833994356123546,3.390003626630148,9.248754105461998e-06,4.350216331841628,scramble,German.Parsed.CSV,5
12,1.0833988629757538,3.390003010672067,5.726366008040884e-07,4.350223203480837,scramble,German.Parsed.CSV,5
13,1.0833988552872134,3.3900030049196554,7.688540470951466e-09,4.350223303431863,scramble,German.Parsed.CSV,5
14,1.0833988102032566,3.390002914101976,4.5083956790037405e-08,4.350223934607259,scramble,German.Parsed.CSV,5
15,1.0833988102032566,3.390002914101976,-0.0,4.350223934607259,scramble,German.Parsed.CSV,5
16,1.0833988102032566,3.390002914101976,-0.0,4.350223934607259,scramble,German.Parsed.CSV,5
17,1.0833988102032566,3.390002914101976,-0.0,4.350223934607259,scramble,German.Parsed.CSV,5
18,1.0833988102032566,3.390002914101976,-0.0,4.350223934607259,scramble,German.Parsed.CSV,5
19,1.0833988102032566,3.390002914101976,-0.0,4.350223934607259,scramble,German.Parsed.CSV,5
20,1.0833988102032566,3.390002914101976,-0.0,4.350223934607259,scramble,German.Parsed.CSV,5
21,1.0833988102032566,3.390002914101976,-0.0,4.350223934607259,scramble,German.Parsed.CSV,5
22,1.0833988102032566,3.390002914101976,-0.0,4.350223934607259,scramble,German.Parsed.CSV,5
23,1.0833988102032566,3.390002914101976,-0.0,4.350223934607259,scramble,German.Parsed.CSV,5
24,1.0833988102032566,3.390002914101976,-0.0,4.350223934607259,scramble,German.Parsed.CSV,5
25,1.0833988102032566,3.390002914101976,-0.0,4.350223934607259,scramble,German.Parsed.CSV,5
26,1.0833988102032566,3.390002914101976,-0.0,4.350223934607259,scramble,German.Parsed.CSV,5
27,1.0833988102032566,3.390002914101976,-0.0,4.350223934607259,scramble,German.Parsed.CSV,5
0,3.202444194494824,11.14808363245185,nan,0.0,manner,German.Parsed.CSV,5
1,2.3168544229080528,7.833720793715235,0.8855897715867713,0.8855897715867713,manner,German.Parsed.CSV,5
2,1.7347822053946893,5.4877374514098936,0.5820722175133635,2.0497342066134983,manner,German.Parsed.CSV,5
3,1.3143937114270607,4.016020662146722,0.42038849396762856,3.310899688516384,manner,German.Parsed.CSV,5
4,1.1417879093818302,3.54709666902727,0.17260580204523057,4.001322896697307,manner,German.Parsed.CSV,5
5,1.107893236470214,3.475398571680925,0.033894672911616075,4.170796261255387,manner,German.Parsed.CSV,5
6,1.103508500649568,3.467355980103328,0.004384735820646135,4.197104676179264,manner,German.Parsed.CSV,5
7,1.1030076040723595,3.466609251181024,0.0005008965772084206,4.200610952219723,manner,German.Parsed.CSV,5
8,1.1028663149543185,3.4664147173675657,0.0001412891180410103,4.201741265164051,manner,German.Parsed.CSV,5
9,1.1028619140659268,3.4664064434287383,4.400888391709046e-06,4.201780873159576,manner,German.Parsed.CSV,5
10,1.102860255310539,3.466403096406154,1.6587553877123185e-06,4.201797460713453,manner,German.Parsed.CSV,5
11,1.1028602101495992,3.466403064239775,4.516093987660952e-08,4.201797957483792,manner,German.Parsed.CSV,5
12,1.1028602101495992,3.466403064239775,-0.0,4.201797957483792,manner,German.Parsed.CSV,5
13,1.1028602101495992,3.466403064239775,-0.0,4.201797957483792,manner,German.Parsed.CSV,5
14,1.1028602101495992,3.466403064239775,-0.0,4.201797957483792,manner,German.Parsed.CSV,5
15,1.1028602101495992,3.466403064239775,-0.0,4.201797957483792,manner,German.Parsed.CSV,5
16,1.1028602101495992,3.466403064239775,-0.0,4.201797957483792,manner,German.Parsed.CSV,5
17,1.1028602101495992,3.466403064239775,-0.0,4.201797957483792,manner,German.Parsed.CSV,5
18,1.1028602101495992,3.466403064239775,-0.0,4.201797957483792,manner,German.Parsed.CSV,5
19,1.1028602101495992,3.466403064239775,-0.0,4.201797957483792,manner,German.Parsed.CSV,5
20,1.1028602101495992,3.466403064239775,-0.0,4.201797957483792,manner,German.Parsed.CSV,5
21,1.1028602101495992,3.466403064239775,-0.0,4.201797957483792,manner,German.Parsed.CSV,5
22,1.1028602101495992,3.466403064239775,-0.0,4.201797957483792,manner,German.Parsed.CSV,5
23,1.1028602101495992,3.466403064239775,-0.0,4.201797957483792,manner,German.Parsed.CSV,5
24,1.1028602101495992,3.466403064239775,-0.0,4.201797957483792,manner,German.Parsed.CSV,5
25,1.1028602101495992,3.466403064239775,-0.0,4.201797957483792,manner,German.Parsed.CSV,5
26,1.1028602101495992,3.466403064239775,-0.0,4.201797957483792,manner,German.Parsed.CSV,5
27,1.1028602101495992,3.466403064239775,-0.0,4.201797957483792,manner,German.Parsed.CSV,5
0,3.202444194494824,11.14808363245185,nan,0.0,cv,German.Parsed.CSV,5
1,2.530980995373637,8.532369261920193,0.6714631991211872,0.6714631991211872,cv,German.Parsed.CSV,5
2,1.848678028570344,5.975285544137398,0.6823029668032929,2.036069132727773,cv,German.Parsed.CSV,5
3,1.3534792541091303,4.246847343731124,0.49519877446121363,3.521665456111414,cv,German.Parsed.CSV,5
4,1.157451048975794,3.724424217153166,0.1960282051333362,4.305778276644759,cv,German.Parsed.CSV,5
5,1.1325412025176862,3.674346666833808,0.024909846458107898,4.4303275089352985,cv,German.Parsed.CSV,5
6,1.131117230944942,3.671959221621867,0.0014239715727442093,4.438871338371763,cv,German.Parsed.CSV,5
7,1.1310679389583693,3.671878407255731,4.929198657266376e-05,4.439216382277772,cv,German.Parsed.CSV,5
8,1.131064095091924,3.6718741022781685,3.843866445363275e-06,4.439247133209335,cv,German.Parsed.CSV,5
9,1.131063790990314,3.671873881062323,3.0410160989369217e-07,4.439249870123824,cv,German.Parsed.CSV,5
10,1.131063790990314,3.671873881062323,-0.0,4.439249870123824,cv,German.Parsed.CSV,5
11,1.131063790990314,3.671873881062323,-0.0,4.439249870123824,cv,German.Parsed.CSV,5
12,1.131063790990314,3.671873881062323,-0.0,4.439249870123824,cv,German.Parsed.CSV,5
13,1.131063790990314,3.671873881062323,-0.0,4.439249870123824,cv,German.Parsed.CSV,5
14,1.131063790990314,3.671873881062323,-0.0,4.439249870123824,cv,German.Parsed.CSV,5
15,1.131063790990314,3.671873881062323,-0.0,4.439249870123824,cv,German.Parsed.CSV,5
16,1.131063790990314,3.671873881062323,-0.0,4.439249870123824,cv,German.Parsed.CSV,5
17,1.131063790990314,3.671873881062323,-0.0,4.439249870123824,cv,German.Parsed.CSV,5
18,1.131063790990314,3.671873881062323,-0.0,4.439249870123824,cv,German.Parsed.CSV,5
19,1.131063790990314,3.671873881062323,-0.0,4.439249870123824,cv,German.Parsed.CSV,5
20,1.131063790990314,3.671873881062323,-0.0,4.439249870123824,cv,German.Parsed.CSV,5
21,1.131063790990314,3.671873881062323,-0.0,4.439249870123824,cv,German.Parsed.CSV,5
22,1.131063790990314,3.671873881062323,-0.0,4.439249870123824,cv,German.Parsed.CSV,5
23,1.131063790990314,3.671873881062323,-0.0,4.439249870123824,cv,German.Parsed.CSV,5
24,1.131063790990314,3.671873881062323,-0.0,4.439249870123824,cv,German.Parsed.CSV,5
25,1.131063790990314,3.671873881062323,-0.0,4.439249870123824,cv,German.Parsed.CSV,5
26,1.131063790990314,3.671873881062323,-0.0,4.439249870123824,cv,German.Parsed.CSV,5
27,1.131063790990314,3.671873881062323,-0.0,4.439249870123824,cv,German.Parsed.CSV,5
0,3.202444194494824,11.14808363245185,nan,0.0,scramble,German.Parsed.CSV,6
1,2.4462961608989757,8.436524930250956,0.7561480335958484,0.7561480335958484,scramble,German.Parsed.CSV,6
2,1.7100717466144126,5.479936324279959,0.7362244142845631,2.2285968621649745,scramble,German.Parsed.CSV,6
3,1.2462000787709824,3.8581859803249365,0.46387166784343026,3.620211865695265,scramble,German.Parsed.CSV,6
4,1.1064566122647101,3.4919544131428406,0.13974346650627223,4.179185731720354,scramble,German.Parsed.CSV,6
5,1.0878616351513346,3.4538940552141373,0.018594977113375544,4.2721606172872315,scramble,German.Parsed.CSV,6
6,1.0844898833520666,3.448352333129553,0.0033717517992679635,4.292391128082839,scramble,German.Parsed.CSV,6
7,1.0839146295280266,3.4473417075065966,0.0005752538240400007,4.296417904851118,scramble,German.Parsed.CSV,6
8,1.0838379719514672,3.447233847436793,7.665757655939132e-05,4.2970311654635935,scramble,German.Parsed.CSV,6
9,1.0834655322890785,3.4466821823437903,0.00037243966238875714,4.300383122425092,scramble,German.Parsed.CSV,6
10,1.0833989431833133,3.4465938381393366,6.658910576518018e-05,4.301049013482745,scramble,German.Parsed.CSV,6
11,1.0833988666774748,3.44659373223868,7.650583855323134e-08,4.301049855046969,scramble,German.Parsed.CSV,6
12,1.083398823703249,3.446593694387046,4.297422573351639e-08,4.301050370737678,scramble,German.Parsed.CSV,6
13,1.083398823703249,3.446593694387046,-0.0,4.301050370737678,scramble,German.Parsed.CSV,6
14,1.0833988102032566,3.446593683990072,1.3499992457255416e-08,4.301050559737572,scramble,German.Parsed.CSV,6
15,1.0833988102032566,3.446593683990072,-0.0,4.301050559737572,scramble,German.Parsed.CSV,6
16,1.0833988102032566,3.446593683990072,-0.0,4.301050559737572,scramble,German.Parsed.CSV,6
17,1.0833988102032566,3.446593683990072,-0.0,4.301050559737572,scramble,German.Parsed.CSV,6
18,1.0833988102032566,3.446593683990072,-0.0,4.301050559737572,scramble,German.Parsed.CSV,6
19,1.0833988102032566,3.446593683990072,-0.0,4.301050559737572,scramble,German.Parsed.CSV,6
20,1.0833988102032566,3.446593683990072,-0.0,4.301050559737572,scramble,German.Parsed.CSV,6
21,1.0833988102032566,3.446593683990072,-0.0,4.301050559737572,scramble,German.Parsed.CSV,6
22,1.0833988102032566,3.446593683990072,-0.0,4.301050559737572,scramble,German.Parsed.CSV,6
23,1.0833988102032566,3.446593683990072,-0.0,4.301050559737572,scramble,German.Parsed.CSV,6
24,1.0833988102032566,3.446593683990072,-0.0,4.301050559737572,scramble,German.Parsed.CSV,6
25,1.0833988102032566,3.446593683990072,-0.0,4.301050559737572,scramble,German.Parsed.CSV,6
26,1.0833988102032566,3.446593683990072,-0.0,4.301050559737572,scramble,German.Parsed.CSV,6
27,1.0833988102032566,3.446593683990072,-0.0,4.301050559737572,scramble,German.Parsed.CSV,6
0,3.202444194494824,11.14808363245185,nan,0.0,manner,German.Parsed.CSV,6
1,2.318967174316632,7.8587363690035374,0.8834770201781921,0.8834770201781921,manner,German.Parsed.CSV,6
2,1.7183960893699757,5.474896760642424,0.6005710849466563,2.0846191900715048,manner,German.Parsed.CSV,6
3,1.3067929987755889,4.022151714375119,0.4116030905943868,3.319428461854665,manner,German.Parsed.CSV,6
4,1.133603824169889,3.5504083982058026,0.17318917460569994,4.012185160277465,manner,German.Parsed.CSV,6
5,1.0999961174763786,3.4789734240088257,0.03360770669351032,4.180223693745017,manner,German.Parsed.CSV,6
6,1.0958235452681526,3.47144207399495,0.0041725722082259775,4.205259126994372,manner,German.Parsed.CSV,6
7,1.0953606974290586,3.470620054189717,0.00046284783909400495,4.2084990618680305,manner,German.Parsed.CSV,6
8,1.095306047681138,3.470525600592229,5.464974792057653e-05,4.208936259851395,manner,German.Parsed.CSV,6
9,1.0952971180837503,3.470508135479108,8.92959738774124e-06,4.209016626227885,manner,German.Parsed.CSV,6
10,1.0952968012645534,3.470507793870605,3.1681919687720494e-07,4.209019794419854,manner,German.Parsed.CSV,6
11,1.095296783343152,3.4705077281406562,1.79214014739415e-08,4.20901999155527,manner,German.Parsed.CSV,6
12,1.095296783343152,3.4705077281406562,-0.0,4.20901999155527,manner,German.Parsed.CSV,6
13,1.095296783343152,3.4705077281406562,-0.0,4.20901999155527,manner,German.Parsed.CSV,6
14,1.095296783343152,3.4705077281406562,-0.0,4.20901999155527,manner,German.Parsed.CSV,6
15,1.095296783343152,3.4705077281406562,-0.0,4.20901999155527,manner,German.Parsed.CSV,6
16,1.095296783343152,3.4705077281406562,-0.0,4.20901999155527,manner,German.Parsed.CSV,6
17,1.095296783343152,3.4705077281406562,-0.0,4.20901999155527,manner,German.Parsed.CSV,6
18,1.095296783343152,3.4705077281406562,-0.0,4.20901999155527,manner,German.Parsed.CSV,6
19,1.095296783343152,3.4705077281406562,-0.0,4.20901999155527,manner,German.Parsed.CSV,6
20,1.095296783343152,3.4705077281406562,-0.0,4.20901999155527,manner,German.Parsed.CSV,6
21,1.095296783343152,3.4705077281406562,-0.0,4.20901999155527,manner,German.Parsed.CSV,6
22,1.095296783343152,3.4705077281406562,-0.0,4.20901999155527,manner,German.Parsed.CSV,6
23,1.095296783343152,3.4705077281406562,-0.0,4.20901999155527,manner,German.Parsed.CSV,6
24,1.095296783343152,3.4705077281406562,-0.0,4.20901999155527,manner,German.Parsed.CSV,6
25,1.095296783343152,3.4705077281406562,-0.0,4.20901999155527,manner,German.Parsed.CSV,6
26,1.095296783343152,3.4705077281406562,-0.0,4.20901999155527,manner,German.Parsed.CSV,6
27,1.095296783343152,3.4705077281406562,-0.0,4.20901999155527,manner,German.Parsed.CSV,6
0,3.202444194494824,11.14808363245185,nan,0.0,cv,German.Parsed.CSV,6
1,2.5322098095452743,8.529456914036958,0.6702343849495498,0.6702343849495498,cv,German.Parsed.CSV,6
2,1.8464773044575806,5.978354564349405,0.6857325050876937,2.041699395124937,cv,German.Parsed.CSV,6
3,1.3553867515392184,4.248254459593085,0.49109055291836223,3.514971053880024,cv,German.Parsed.CSV,6
4,1.1590387514052,3.7265244836368505,0.19634800013401832,4.300363054416097,cv,German.Parsed.CSV,6
5,1.1339275785080944,3.6754915177026595,0.025111172897105627,4.425918918901625,cv,German.Parsed.CSV,6
6,1.1322875358754083,3.672763102933741,0.001640042632686134,4.435759174697742,cv,German.Parsed.CSV,6
7,1.1322092847532974,3.672626001335694,7.825112211090612e-05,4.436306932552518,cv,German.Parsed.CSV,6
8,1.1322082763776877,3.6726239772428784,1.0083756096790353e-06,4.436314999557395,cv,German.Parsed.CSV,6
9,1.132208261937571,3.672623896038821,1.4440116657965518e-08,4.436315129518445,cv,German.Parsed.CSV,6
10,1.132208261937571,3.672623896038821,-0.0,4.436315129518445,cv,German.Parsed.CSV,6
11,1.132208261937571,3.672623896038821,-0.0,4.436315129518445,cv,German.Parsed.CSV,6
12,1.132208261937571,3.672623896038821,-0.0,4.436315129518445,cv,German.Parsed.CSV,6
13,1.132208261937571,3.672623896038821,-0.0,4.436315129518445,cv,German.Parsed.CSV,6
14,1.132208261937571,3.672623896038821,-0.0,4.436315129518445,cv,German.Parsed.CSV,6
15,1.132208261937571,3.672623896038821,-0.0,4.436315129518445,cv,German.Parsed.CSV,6
16,1.132208261937571,3.672623896038821,-0.0,4.436315129518445,cv,German.Parsed.CSV,6
17,1.132208261937571,3.672623896038821,-0.0,4.436315129518445,cv,German.Parsed.CSV,6
18,1.132208261937571,3.672623896038821,-0.0,4.436315129518445,cv,German.Parsed.CSV,6
19,1.132208261937571,3.672623896038821,-0.0,4.436315129518445,cv,German.Parsed.CSV,6
20,1.132208261937571,3.672623896038821,-0.0,4.436315129518445,cv,German.Parsed.CSV,6
21,1.132208261937571,3.672623896038821,-0.0,4.436315129518445,cv,German.Parsed.CSV,6
22,1.132208261937571,3.672623896038821,-0.0,4.436315129518445,cv,German.Parsed.CSV,6
23,1.132208261937571,3.672623896038821,-0.0,4.436315129518445,cv,German.Parsed.CSV,6
24,1.132208261937571,3.672623896038821,-0.0,4.436315129518445,cv,German.Parsed.CSV,6
25,1.132208261937571,3.672623896038821,-0.0,4.436315129518445,cv,German.Parsed.CSV,6
26,1.132208261937571,3.672623896038821,-0.0,4.436315129518445,cv,German.Parsed.CSV,6
27,1.132208261937571,3.672623896038821,-0.0,4.436315129518445,cv,German.Parsed.CSV,6
0,3.202444194494824,11.14808363245185,nan,0.0,scramble,German.Parsed.CSV,7
1,2.5180638211012374,8.671157668367952,0.6843803733935867,0.6843803733935867,scramble,German.Parsed.CSV,7
2,1.7721936760345463,5.742730997310978,0.7458701450666911,2.176120663526969,scramble,German.Parsed.CSV,7
3,1.2514320718429863,3.9105981308590394,0.5207616041915599,3.738405476101649,scramble,German.Parsed.CSV,7
4,1.1069582663222985,3.5385194163987,0.14447380552068778,4.3163006981844,scramble,German.Parsed.CSV,7
5,1.0866680477118829,3.498337834628772,0.02029021861041569,4.417751791236478,scramble,German.Parsed.CSV,7
6,1.0839444730881247,3.493690104747596,0.0027235746237581626,4.4340932389790275,scramble,German.Parsed.CSV,7
7,1.0835275993520002,3.493071533670245,0.0004168737361245345,4.437011355131899,scramble,German.Parsed.CSV,7
8,1.0834195816803514,3.4929030088684407,0.00010801767164880793,4.4378754965050895,scramble,German.Parsed.CSV,7
9,1.0834068310427327,3.4928814759893467,1.2750637618630378e-05,4.437990252243657,scramble,German.Parsed.CSV,7
10,1.0834007238725212,3.4928716426926014,6.107170211544499e-06,4.438051323945773,scramble,German.Parsed.CSV,7
11,1.0833996491664855,3.492870507284246,1.0747060357196858e-06,4.4380631457121655,scramble,German.Parsed.CSV,7
12,1.0833994947593952,3.492870345263787,1.5440709022485066e-07,4.438064998597248,scramble,German.Parsed.CSV,7
13,1.083399483848365,3.4928703367793257,1.091103030148588e-08,4.438065140440642,scramble,German.Parsed.CSV,7
14,1.0833988102032566,3.492869535627888,6.736451083622086e-07,4.438074571472159,scramble,German.Parsed.CSV,7
15,1.0833988102032566,3.492869535627888,-0.0,4.438074571472159,scramble,German.Parsed.CSV,7
16,1.0833988102032566,3.492869535627888,-0.0,4.438074571472159,scramble,German.Parsed.CSV,7
17,1.0833988102032566,3.492869535627888,-0.0,4.438074571472159,scramble,German.Parsed.CSV,7
18,1.0833988102032566,3.492869535627888,-0.0,4.438074571472159,scramble,German.Parsed.CSV,7
19,1.0833988102032566,3.492869535627888,-0.0,4.438074571472159,scramble,German.Parsed.CSV,7
20,1.0833988102032566,3.492869535627888,-0.0,4.438074571472159,scramble,German.Parsed.CSV,7
21,1.0833988102032566,3.492869535627888,-0.0,4.438074571472159,scramble,German.Parsed.CSV,7
22,1.0833988102032566,3.492869535627888,-0.0,4.438074571472159,scramble,German.Parsed.CSV,7
23,1.0833988102032566,3.492869535627888,-0.0,4.438074571472159,scramble,German.Parsed.CSV,7
24,1.0833988102032566,3.492869535627888,-0.0,4.438074571472159,scramble,German.Parsed.CSV,7
25,1.0833988102032566,3.492869535627888,-0.0,4.438074571472159,scramble,German.Parsed.CSV,7
26,1.0833988102032566,3.492869535627888,-0.0,4.438074571472159,scramble,German.Parsed.CSV,7
27,1.0833988102032566,3.492869535627888,-0.0,4.438074571472159,scramble,German.Parsed.CSV,7
0,3.202444194494824,11.14808363245185,nan,0.0,manner,German.Parsed.CSV,7
1,2.323568845763198,7.8834151994432435,0.8788753487316261,0.8788753487316261,manner,German.Parsed.CSV,7
2,1.722292187151665,5.476140943006201,0.601276658611533,2.081428665954692,manner,German.Parsed.CSV,7
3,1.3092138908142754,4.024269140496888,0.41307829633738957,3.3206635549668606,manner,German.Parsed.CSV,7
4,1.1406899228481024,3.564243259926345,0.16852396796617297,3.9947594268315525,manner,German.Parsed.CSV,7
5,1.1052030180035073,3.4892941533205826,0.03548690484459516,4.1721939510545285,manner,German.Parsed.CSV,7
6,1.101012962217196,3.4816320749195775,0.004190055786311264,4.197334285772396,manner,German.Parsed.CSV,7
7,1.1003460109393566,3.480621701599913,0.0006669512778394449,4.202002944717272,manner,German.Parsed.CSV,7
8,1.1002877231049009,3.4805246165819366,5.828783445571695e-05,4.2024692473929175,manner,German.Parsed.CSV,7
9,1.1002681447055918,3.4804974358780885,1.9578399309105876e-05,4.202645452986699,manner,German.Parsed.CSV,7
10,1.100260514487006,3.480490890171031,7.630218585852333e-06,4.202721755172558,manner,German.Parsed.CSV,7
11,1.1002560176040053,3.4804798891377806,4.496883000637553e-06,4.202771220885564,manner,German.Parsed.CSV,7
12,1.1002560176040053,3.4804798891377806,-0.0,4.202771220885564,manner,German.Parsed.CSV,7
13,1.1002560176040053,3.4804798891377806,-0.0,4.202771220885564,manner,German.Parsed.CSV,7
14,1.1002560176040053,3.4804798891377806,-0.0,4.202771220885564,manner,German.Parsed.CSV,7
15,1.1002560176040053,3.4804798891377806,-0.0,4.202771220885564,manner,German.Parsed.CSV,7
16,1.1002560176040053,3.4804798891377806,-0.0,4.202771220885564,manner,German.Parsed.CSV,7
17,1.1002560176040053,3.4804798891377806,-0.0,4.202771220885564,manner,German.Parsed.CSV,7
18,1.1002560176040053,3.4804798891377806,-0.0,4.202771220885564,manner,German.Parsed.CSV,7
19,1.1002560176040053,3.4804798891377806,-0.0,4.202771220885564,manner,German.Parsed.CSV,7
20,1.1002560176040053,3.4804798891377806,-0.0,4.202771220885564,manner,German.Parsed.CSV,7
21,1.1002560176040053,3.4804798891377806,-0.0,4.202771220885564,manner,German.Parsed.CSV,7
22,1.1002560176040053,3.4804798891377806,-0.0,4.202771220885564,manner,German.Parsed.CSV,7
23,1.1002560176040053,3.4804798891377806,-0.0,4.202771220885564,manner,German.Parsed.CSV,7
24,1.1002560176040053,3.4804798891377806,-0.0,4.202771220885564,manner,German.Parsed.CSV,7
25,1.1002560176040053,3.4804798891377806,-0.0,4.202771220885564,manner,German.Parsed.CSV,7
26,1.1002560176040053,3.4804798891377806,-0.0,4.202771220885564,manner,German.Parsed.CSV,7
27,1.1002560176040053,3.4804798891377806,-0.0,4.202771220885564,manner,German.Parsed.CSV,7
0,3.202444194494824,11.14808363245185,nan,0.0,cv,German.Parsed.CSV,7
1,2.5273700547133235,8.501237409117303,0.6750741397815005,0.6750741397815005,cv,German.Parsed.CSV,7
2,1.851745439504971,5.968054166291246,0.6756246152083525,2.0263233701982055,cv,German.Parsed.CSV,7
3,1.3611200959185463,4.253188159065826,0.49062534358642473,3.4981994009574797,cv,German.Parsed.CSV,7
4,1.1636452267968613,3.7298343853510594,0.197474869121685,4.28809887744422,cv,German.Parsed.CSV,7
5,1.1375990345742564,3.6778514120329624,0.026046192222604958,4.418329838557245,cv,German.Parsed.CSV,7
6,1.1362640499587469,3.675445407080175,0.0013349846155095157,4.426339746250302,cv,German.Parsed.CSV,7
7,1.1362123907210777,3.6753635738466537,5.165923766914382e-05,4.426701360913986,cv,German.Parsed.CSV,7
8,1.1362114293037806,3.6753619429091886,9.614172971073032e-07,4.426709052252363,cv,German.Parsed.CSV,7
9,1.136211405503785,3.675361899363944,2.3799995529927287e-08,4.426709266452323,cv,German.Parsed.CSV,7
10,1.136211405503785,3.675361899363944,-0.0,4.426709266452323,cv,German.Parsed.CSV,7
11,1.136211405503785,3.675361899363944,-0.0,4.426709266452323,cv,German.Parsed.CSV,7
12,1.136211405503785,3.675361899363944,-0.0,4.426709266452323,cv,German.Parsed.CSV,7
13,1.136211405503785,3.675361899363944,-0.0,4.426709266452323,cv,German.Parsed.CSV,7
14,1.136211405503785,3.675361899363944,-0.0,4.426709266452323,cv,German.Parsed.CSV,7
15,1.136211405503785,3.675361899363944,-0.0,4.426709266452323,cv,German.Parsed.CSV,7
16,1.136211405503785,3.675361899363944,-0.0,4.426709266452323,cv,German.Parsed.CSV,7
17,1.136211405503785,3.675361899363944,-0.0,4.426709266452323,cv,German.Parsed.CSV,7
18,1.136211405503785,3.675361899363944,-0.0,4.426709266452323,cv,German.Parsed.CSV,7
19,1.136211405503785,3.675361899363944,-0.0,4.426709266452323,cv,German.Parsed.CSV,7
20,1.136211405503785,3.675361899363944,-0.0,4.426709266452323,cv,German.Parsed.CSV,7
21,1.136211405503785,3.675361899363944,-0.0,4.426709266452323,cv,German.Parsed.CSV,7
22,1.136211405503785,3.675361899363944,-0.0,4.426709266452323,cv,German.Parsed.CSV,7
23,1.136211405503785,3.675361899363944,-0.0,4.426709266452323,cv,German.Parsed.CSV,7
24,1.136211405503785,3.675361899363944,-0.0,4.426709266452323,cv,German.Parsed.CSV,7
25,1.136211405503785,3.675361899363944,-0.0,4.426709266452323,cv,German.Parsed.CSV,7
26,1.136211405503785,3.675361899363944,-0.0,4.426709266452323,cv,German.Parsed.CSV,7
27,1.136211405503785,3.675361899363944,-0.0,4.426709266452323,cv,German.Parsed.CSV,7
0,3.202444194494824,11.14808363245185,nan,0.0,scramble,German.Parsed.CSV,8
1,2.4911150277298266,8.542870678762942,0.7113291667649975,0.7113291667649975,scramble,German.Parsed.CSV,8
2,1.7495486542269199,5.6380658677844675,0.7415663735029068,2.194461913770811,scramble,German.Parsed.CSV,8
3,1.2519197574094747,3.8848647414779114,0.49762889681744515,3.6873486042231463,scramble,German.Parsed.CSV,8
4,1.1036226241614648,3.515245204478142,0.14829713324800986,4.280537137215186,scramble,German.Parsed.CSV,8
5,1.0862342112870476,3.4792373075478276,0.01738841287441728,4.3674792015872725,scramble,German.Parsed.CSV,8
6,1.0837137633565885,3.4746992784269164,0.0025204479304590244,4.382601889170027,scramble,German.Parsed.CSV,8
7,1.0834447952030581,3.4742700675673657,0.00026896815353039116,4.38448466624474,scramble,German.Parsed.CSV,8
8,1.0834091470269374,3.474215197580329,3.564817612078386e-05,4.384769851653706,scramble,German.Parsed.CSV,8
9,1.0834021762029724,3.474204736683144,6.9708239649468595e-06,4.384832589069391,scramble,German.Parsed.CSV,8
10,1.0833992422056224,3.474201299709211,2.9339973499631355e-06,4.3848619290428905,scramble,German.Parsed.CSV,8
11,1.083398870969472,3.474200830936055,3.7123615048706426e-07,4.384866012640546,scramble,German.Parsed.CSV,8
12,1.0833988102032566,3.47420074261009,6.076621539286009e-08,4.384866741835131,scramble,German.Parsed.CSV,8
13,1.0833988102032566,3.47420074261009,-0.0,4.384866741835131,scramble,German.Parsed.CSV,8
14,1.0833988102032566,3.47420074261009,-0.0,4.384866741835131,scramble,German.Parsed.CSV,8
15,1.0833988102032566,3.47420074261009,-0.0,4.384866741835131,scramble,German.Parsed.CSV,8
16,1.0833988102032566,3.47420074261009,-0.0,4.384866741835131,scramble,German.Parsed.CSV,8
17,1.0833988102032566,3.47420074261009,-0.0,4.384866741835131,scramble,German.Parsed.CSV,8
18,1.0833988102032566,3.47420074261009,-0.0,4.384866741835131,scramble,German.Parsed.CSV,8
19,1.0833988102032566,3.47420074261009,-0.0,4.384866741835131,scramble,German.Parsed.CSV,8
20,1.0833988102032566,3.47420074261009,-0.0,4.384866741835131,scramble,German.Parsed.CSV,8
21,1.0833988102032566,3.47420074261009,-0.0,4.384866741835131,scramble,German.Parsed.CSV,8
22,1.0833988102032566,3.47420074261009,-0.0,4.384866741835131,scramble,German.Parsed.CSV,8
23,1.0833988102032566,3.47420074261009,-0.0,4.384866741835131,scramble,German.Parsed.CSV,8
24,1.0833988102032566,3.47420074261009,-0.0,4.384866741835131,scramble,German.Parsed.CSV,8
25,1.0833988102032566,3.47420074261009,-0.0,4.384866741835131,scramble,German.Parsed.CSV,8
26,1.0833988102032566,3.47420074261009,-0.0,4.384866741835131,scramble,German.Parsed.CSV,8
27,1.0833988102032566,3.47420074261009,-0.0,4.384866741835131,scramble,German.Parsed.CSV,8
0,3.202444194494824,11.14808363245185,nan,0.0,manner,German.Parsed.CSV,8
1,2.325335395215312,7.8859207283485775,0.8771087992795121,0.8771087992795121,manner,German.Parsed.CSV,8
2,1.7368502720498076,5.502988405764732,0.5884851231655044,2.054079045610521,manner,German.Parsed.CSV,8
3,1.3185108106437753,4.042615911881699,0.4183394614060323,3.3090974298286175,manner,German.Parsed.CSV,8
4,1.143933670416852,3.5712039090912158,0.1745771402269234,4.007405990736311,manner,German.Parsed.CSV,8
5,1.1096237129923545,3.4974885147492305,0.034309957424497384,4.178955777858798,manner,German.Parsed.CSV,8
6,1.1051559121027408,3.48932764597451,0.004467800889613738,4.20576258319648,manner,German.Parsed.CSV,8
7,1.1044664165357543,3.488375765694024,0.0006894955669864977,4.2105890521653855,manner,German.Parsed.CSV,8
8,1.1043934965963045,3.488251826317544,7.291993944980035e-05,4.211172411680984,manner,German.Parsed.CSV,8
9,1.1043693804804853,3.488223854958897,2.411611581920603e-05,4.2113894567233565,manner,German.Parsed.CSV,8
10,1.1043670715506626,3.4882200604080036,2.3089298226697252e-06,4.211412546021583,manner,German.Parsed.CSV,8
11,1.1043670715506626,3.4882200604080036,-0.0,4.211412546021583,manner,German.Parsed.CSV,8
12,1.1043670715506626,3.4882200604080036,-0.0,4.211412546021583,manner,German.Parsed.CSV,8
13,1.1043670715506626,3.4882200604080036,-0.0,4.211412546021583,manner,German.Parsed.CSV,8
14,1.1043670715506626,3.4882200604080036,-0.0,4.211412546021583,manner,German.Parsed.CSV,8
15,1.1043670715506626,3.4882200604080036,-0.0,4.211412546021583,manner,German.Parsed.CSV,8
16,1.1043670715506626,3.4882200604080036,-0.0,4.211412546021583,manner,German.Parsed.CSV,8
17,1.1043670715506626,3.4882200604080036,-0.0,4.211412546021583,manner,German.Parsed.CSV,8
18,1.1043670715506626,3.4882200604080036,-0.0,4.211412546021583,manner,German.Parsed.CSV,8
19,1.1043670715506626,3.4882200604080036,-0.0,4.211412546021583,manner,German.Parsed.CSV,8
20,1.1043670715506626,3.4882200604080036,-0.0,4.211412546021583,manner,German.Parsed.CSV,8
21,1.1043670715506626,3.4882200604080036,-0.0,4.211412546021583,manner,German.Parsed.CSV,8
22,1.1043670715506626,3.4882200604080036,-0.0,4.211412546021583,manner,German.Parsed.CSV,8
23,1.1043670715506626,3.4882200604080036,-0.0,4.211412546021583,manner,German.Parsed.CSV,8
24,1.1043670715506626,3.4882200604080036,-0.0,4.211412546021583,manner,German.Parsed.CSV,8
25,1.1043670715506626,3.4882200604080036,-0.0,4.211412546021583,manner,German.Parsed.CSV,8
26,1.1043670715506626,3.4882200604080036,-0.0,4.211412546021583,manner,German.Parsed.CSV,8
27,1.1043670715506626,3.4882200604080036,-0.0,4.211412546021583,manner,German.Parsed.CSV,8
0,3.202444194494824,11.14808363245185,nan,0.0,cv,German.Parsed.CSV,8
1,2.530192294425913,8.51629052859432,0.6722519000689111,0.6722519000689111,cv,German.Parsed.CSV,8
2,1.8462911167026685,5.98037156106643,0.6839011777232444,2.0400542555154,cv,German.Parsed.CSV,8
3,1.3527066598507083,4.252992570933749,0.4935844568519603,3.5208076260712806,cv,German.Parsed.CSV,8
4,1.1578865183554794,3.7330330402003105,0.19482014149522886,4.300088192052196,cv,German.Parsed.CSV,8
5,1.132881156888357,3.68250529449832,0.0250053614671224,4.425114999387808,cv,German.Parsed.CSV,8
6,1.1313009504497156,3.67993638309951,0.0015802064386414294,4.434596238019656,cv,German.Parsed.CSV,8
7,1.131245052233046,3.679843806020116,5.5898216669625356e-05,4.434987525536344,cv,German.Parsed.CSV,8
8,1.1312399707581724,3.6798286400641853,5.081474873547265e-06,4.435028177335332,cv,German.Parsed.CSV,8
9,1.1312399707581724,3.6798286400641853,-0.0,4.435028177335332,cv,German.Parsed.CSV,8
10,1.1312399707581724,3.6798286400641853,-0.0,4.435028177335332,cv,German.Parsed.CSV,8
11,1.1312399707581724,3.6798286400641853,-0.0,4.435028177335332,cv,German.Parsed.CSV,8
12,1.1312399707581724,3.6798286400641853,-0.0,4.435028177335332,cv,German.Parsed.CSV,8
13,1.1312399707581724,3.6798286400641853,-0.0,4.435028177335332,cv,German.Parsed.CSV,8
14,1.1312399707581724,3.6798286400641853,-0.0,4.435028177335332,cv,German.Parsed.CSV,8
15,1.1312399707581724,3.6798286400641853,-0.0,4.435028177335332,cv,German.Parsed.CSV,8
16,1.1312399707581724,3.6798286400641853,-0.0,4.435028177335332,cv,German.Parsed.CSV,8
17,1.1312399707581724,3.6798286400641853,-0.0,4.435028177335332,cv,German.Parsed.CSV,8
18,1.1312399707581724,3.6798286400641853,-0.0,4.435028177335332,cv,German.Parsed.CSV,8
19,1.1312399707581724,3.6798286400641853,-0.0,4.435028177335332,cv,German.Parsed.CSV,8
20,1.1312399707581724,3.6798286400641853,-0.0,4.435028177335332,cv,German.Parsed.CSV,8
21,1.1312399707581724,3.6798286400641853,-0.0,4.435028177335332,cv,German.Parsed.CSV,8
22,1.1312399707581724,3.6798286400641853,-0.0,4.435028177335332,cv,German.Parsed.CSV,8
23,1.1312399707581724,3.6798286400641853,-0.0,4.435028177335332,cv,German.Parsed.CSV,8
24,1.1312399707581724,3.6798286400641853,-0.0,4.435028177335332,cv,German.Parsed.CSV,8
25,1.1312399707581724,3.6798286400641853,-0.0,4.435028177335332,cv,German.Parsed.CSV,8
26,1.1312399707581724,3.6798286400641853,-0.0,4.435028177335332,cv,German.Parsed.CSV,8
27,1.1312399707581724,3.6798286400641853,-0.0,4.435028177335332,cv,German.Parsed.CSV,8
0,3.202444194494824,11.14808363245185,nan,0.0,scramble,German.Parsed.CSV,9
1,2.5116727521687197,8.670394440954059,0.6907714423261044,0.6907714423261044,scramble,German.Parsed.CSV,9
2,1.736625163487759,5.6608116102790245,0.7750475886809607,2.240866619688026,scramble,German.Parsed.CSV,9
3,1.2430896344849254,3.901294651933389,0.4935355290028336,3.7214732066965266,scramble,German.Parsed.CSV,9
4,1.1093803966814049,3.556709698157272,0.1337092378035205,4.256310157910608,scramble,German.Parsed.CSV,9
5,1.0885116371296524,3.5151188802195903,0.02086875955175249,4.36065395566937,scramble,German.Parsed.CSV,9
6,1.084673109640653,3.5080522290842024,0.003838527488999377,4.383685120603367,scramble,German.Parsed.CSV,9
7,1.0837563729653445,3.5066993689722255,0.0009167366753084494,4.390102277330526,scramble,German.Parsed.CSV,9
8,1.0834850005227425,3.5061786463696674,0.00027137244260200255,4.392273256871342,scramble,German.Parsed.CSV,9
9,1.0834282412450107,3.506093245715245,5.675927773185485e-05,4.392784090370929,scramble,German.Parsed.CSV,9
10,1.0834150917436167,3.5060746256459168,1.3149501393971974e-05,4.392915585384869,scramble,German.Parsed.CSV,9
11,1.083413634859285,3.5060720106968257,1.456884331618724e-06,4.392931611112517,scramble,German.Parsed.CSV,9
12,1.0834126391418475,3.5060705357422073,9.95717437612953e-07,4.392943559721768,scramble,German.Parsed.CSV,9
13,1.0834026451254746,3.506057507855146,9.994016372916192e-06,4.393073481934616,scramble,German.Parsed.CSV,9
14,1.0833988102032566,3.5060533369741202,3.834922218004522e-06,4.393127170845668,scramble,German.Parsed.CSV,9
15,1.0833988102032566,3.5060533369741202,-0.0,4.393127170845668,scramble,German.Parsed.CSV,9
16,1.0833988102032566,3.5060533369741202,-0.0,4.393127170845668,scramble,German.Parsed.CSV,9
17,1.0833988102032566,3.5060533369741202,-0.0,4.393127170845668,scramble,German.Parsed.CSV,9
18,1.0833988102032566,3.5060533369741202,-0.0,4.393127170845668,scramble,German.Parsed.CSV,9
19,1.0833988102032566,3.5060533369741202,-0.0,4.393127170845668,scramble,German.Parsed.CSV,9
20,1.0833988102032566,3.5060533369741202,-0.0,4.393127170845668,scramble,German.Parsed.CSV,9
21,1.0833988102032566,3.5060533369741202,-0.0,4.393127170845668,scramble,German.Parsed.CSV,9
22,1.0833988102032566,3.5060533369741202,-0.0,4.393127170845668,scramble,German.Parsed.CSV,9
23,1.0833988102032566,3.5060533369741202,-0.0,4.393127170845668,scramble,German.Parsed.CSV,9
24,1.0833988102032566,3.5060533369741202,-0.0,4.393127170845668,scramble,German.Parsed.CSV,9
25,1.0833988102032566,3.5060533369741202,-0.0,4.393127170845668,scramble,German.Parsed.CSV,9
26,1.0833988102032566,3.5060533369741202,-0.0,4.393127170845668,scramble,German.Parsed.CSV,9
27,1.0833988102032566,3.5060533369741202,-0.0,4.393127170845668,scramble,German.Parsed.CSV,9
0,3.202444194494824,11.14808363245185,nan,0.0,manner,German.Parsed.CSV,9
1,2.3104442222160095,7.81725054589009,0.8919999722788146,0.8919999722788146,manner,German.Parsed.CSV,9
2,1.730214089086298,5.472597323154714,0.5802301331297115,2.0524602385382376,manner,German.Parsed.CSV,9
3,1.3124327667239852,4.003621252107117,0.4177813223623128,3.3058042056251757,manner,German.Parsed.CSV,9
4,1.1431576804326238,3.540180765746228,0.16927508629136145,3.9829045507906216,manner,German.Parsed.CSV,9
5,1.1073792190130238,3.464273769555994,0.03577846141959995,4.161796857888621,manner,German.Parsed.CSV,9
6,1.103097367453541,3.456229471575151,0.004281851559482908,4.187487967245518,manner,German.Parsed.CSV,9
7,1.1024884741338525,3.455270699686951,0.0006088933196883861,4.191750220483337,manner,German.Parsed.CSV,9
8,1.1024363849786192,3.45517719449397,5.208915523335911e-05,4.192166933725204,manner,German.Parsed.CSV,9
9,1.1024245040243532,3.4551626112314775,1.1880954265963695e-05,4.1922738623135976,manner,German.Parsed.CSV,9
10,1.1024236097129956,3.4551609337796414,8.943113576354023e-07,4.192282805427174,manner,German.Parsed.CSV,9
11,1.1024235467363843,3.4551608725313647,6.297661125920229e-08,4.192283498169898,manner,German.Parsed.CSV,9
12,1.1024235467363843,3.4551608725313647,-0.0,4.192283498169898,manner,German.Parsed.CSV,9
13,1.1024235467363843,3.4551608725313647,-0.0,4.192283498169898,manner,German.Parsed.CSV,9
14,1.1024235467363843,3.4551608725313647,-0.0,4.192283498169898,manner,German.Parsed.CSV,9
15,1.1024235467363843,3.4551608725313647,-0.0,4.192283498169898,manner,German.Parsed.CSV,9
16,1.1024235467363843,3.4551608725313647,-0.0,4.192283498169898,manner,German.Parsed.CSV,9
17,1.1024235467363843,3.4551608725313647,-0.0,4.192283498169898,manner,German.Parsed.CSV,9
18,1.1024235467363843,3.4551608725313647,-0.0,4.192283498169898,manner,German.Parsed.CSV,9
19,1.1024235467363843,3.4551608725313647,-0.0,4.192283498169898,manner,German.Parsed.CSV,9
20,1.1024235467363843,3.4551608725313647,-0.0,4.192283498169898,manner,German.Parsed.CSV,9
21,1.1024235467363843,3.4551608725313647,-0.0,4.192283498169898,manner,German.Parsed.CSV,9
22,1.1024235467363843,3.4551608725313647,-0.0,4.192283498169898,manner,German.Parsed.CSV,9
23,1.1024235467363843,3.4551608725313647,-0.0,4.192283498169898,manner,German.Parsed.CSV,9
24,1.1024235467363843,3.4551608725313647,-0.0,4.192283498169898,manner,German.Parsed.CSV,9
25,1.1024235467363843,3.4551608725313647,-0.0,4.192283498169898,manner,German.Parsed.CSV,9
26,1.1024235467363843,3.4551608725313647,-0.0,4.192283498169898,manner,German.Parsed.CSV,9
27,1.1024235467363843,3.4551608725313647,-0.0,4.192283498169898,manner,German.Parsed.CSV,9
0,3.202444194494824,11.14808363245185,nan,0.0,cv,German.Parsed.CSV,9
1,2.5541416282626113,8.60087186233493,0.6483025662322128,0.6483025662322128,cv,German.Parsed.CSV,9
2,1.8599044129530031,6.027775936474513,0.6942372153096081,2.036776996851429,cv,German.Parsed.CSV,9
3,1.3662508047270796,4.291120102028012,0.4936536082259235,3.5177378215291997,cv,German.Parsed.CSV,9
4,1.1711733823547266,3.771459747858134,0.19507742237235304,4.298047511018612,cv,German.Parsed.CSV,9
5,1.1456566075544534,3.721322174559627,0.025516774800273145,4.425631385019978,cv,German.Parsed.CSV,9
6,1.144278281071857,3.718765952754412,0.0013783264825963926,4.433901343915556,cv,German.Parsed.CSV,9
7,1.1442245986738686,3.718674258984317,5.368239798841934e-05,4.434277120701475,cv,German.Parsed.CSV,9
8,1.1442237923781609,3.718672774930051,8.062957077559219e-07,4.434283571067137,cv,German.Parsed.CSV,9
9,1.1442237402680087,3.7186726759638695,5.211015219330761e-08,4.4342840400585075,cv,German.Parsed.CSV,9
10,1.1442237402680087,3.7186726759638695,-0.0,4.4342840400585075,cv,German.Parsed.CSV,9
11,1.1442237402680087,3.7186726759638695,-0.0,4.4342840400585075,cv,German.Parsed.CSV,9
12,1.1442237402680087,3.7186726759638695,-0.0,4.4342840400585075,cv,German.Parsed.CSV,9
13,1.1442237402680087,3.7186726759638695,-0.0,4.4342840400585075,cv,German.Parsed.CSV,9
14,1.1442237402680087,3.7186726759638695,-0.0,4.4342840400585075,cv,German.Parsed.CSV,9
15,1.1442237402680087,3.7186726759638695,-0.0,4.4342840400585075,cv,German.Parsed.CSV,9
16,1.1442237402680087,3.7186726759638695,-0.0,4.4342840400585075,cv,German.Parsed.CSV,9
17,1.1442237402680087,3.7186726759638695,-0.0,4.4342840400585075,cv,German.Parsed.CSV,9
18,1.1442237402680087,3.7186726759638695,-0.0,4.4342840400585075,cv,German.Parsed.CSV,9
19,1.1442237402680087,3.7186726759638695,-0.0,4.4342840400585075,cv,German.Parsed.CSV,9
20,1.1442237402680087,3.7186726759638695,-0.0,4.4342840400585075,cv,German.Parsed.CSV,9
21,1.1442237402680087,3.7186726759638695,-0.0,4.4342840400585075,cv,German.Parsed.CSV,9
22,1.1442237402680087,3.7186726759638695,-0.0,4.4342840400585075,cv,German.Parsed.CSV,9
23,1.1442237402680087,3.7186726759638695,-0.0,4.4342840400585075,cv,German.Parsed.CSV,9
24,1.1442237402680087,3.7186726759638695,-0.0,4.4342840400585075,cv,German.Parsed.CSV,9
25,1.1442237402680087,3.7186726759638695,-0.0,4.4342840400585075,cv,German.Parsed.CSV,9
26,1.1442237402680087,3.7186726759638695,-0.0,4.4342840400585075,cv,German.Parsed.CSV,9
27,1.1442237402680087,3.7186726759638695,-0.0,4.4342840400585075,cv,German.Parsed.CSV,9
0,3.088936719101143,10.623105279450918,nan,0.0,real,Dutch.Parsed.CSV,0
1,2.007659179458394,6.3166944887776815,1.0812775396427492,1.0812775396427492,real,Dutch.Parsed.CSV,0
2,1.5085378687085123,4.519551193460446,0.49912131074988153,2.0795201611425123,real,Dutch.Parsed.CSV,0
3,1.2864112523250408,3.8161184656577127,0.22212661638347142,2.7459000102929263,real,Dutch.Parsed.CSV,0
4,1.1978845958465716,3.57836358840674,0.08852665647846925,3.1000066362068033,real,Dutch.Parsed.CSV,0
5,1.1718068910342871,3.514993663262052,0.02607770481228444,3.2303951602682255,real,Dutch.Parsed.CSV,0
6,1.164703506403377,3.4989231401427108,0.007103384630910092,3.273015468053686,real,Dutch.Parsed.CSV,0
7,1.1629492166104798,3.4954737399507136,0.0017542897928972678,3.285295496603967,real,Dutch.Parsed.CSV,0
8,1.1624189166318317,3.4944834869522423,0.0005302999786480633,3.2895378964331514,real,Dutch.Parsed.CSV,0
9,1.1622072710079268,3.4940787537633953,0.00021164562390496577,3.2914427070482963,real,Dutch.Parsed.CSV,0
10,1.1621224137343624,3.4939418358050918,8.485727356433159e-05,3.2922912797839397,real,Dutch.Parsed.CSV,0
11,1.1620901324699382,3.4938869182532994,3.228126442422763e-05,3.292646373692606,real,Dutch.Parsed.CSV,0
12,1.1620857465233323,3.493875248290107,4.385946605900415e-06,3.292699005051877,real,Dutch.Parsed.CSV,0
13,1.162084973489941,3.4938728139943005,7.730333912991938e-07,3.2927090544859636,real,Dutch.Parsed.CSV,0
14,1.1620835863399854,3.493870938415508,1.387149955567324e-06,3.2927284745853416,real,Dutch.Parsed.CSV,0
15,1.1620834045601984,3.493870582124329,1.8177978700073538e-07,3.2927312012821464,real,Dutch.Parsed.CSV,0
16,1.1620832213580656,3.4938701431732846,1.8320213279743314e-07,3.292734132516271,real,Dutch.Parsed.CSV,0
17,1.162083203551029,3.493870100805095,1.780703673404105e-08,3.2927344352358956,real,Dutch.Parsed.CSV,0
18,1.162083199406674,3.49387008153203,4.144354859292321e-09,3.292734509834283,real,Dutch.Parsed.CSV,0
19,1.1620831965481233,3.4938700729981287,2.8585507294565105e-09,3.292734564146747,real,Dutch.Parsed.CSV,0
20,1.1620831936674105,3.493870063998695,2.880712779429473e-09,3.2927346217610025,real,Dutch.Parsed.CSV,0
21,1.1620831936674105,3.493870063998695,-0.0,3.2927346217610025,real,Dutch.Parsed.CSV,0
22,1.1620831936674105,3.493870063998695,-0.0,3.2927346217610025,real,Dutch.Parsed.CSV,0
23,1.1620831936674105,3.493870063998695,-0.0,3.2927346217610025,real,Dutch.Parsed.CSV,0
24,1.1620831936674105,3.493870063998695,-0.0,3.2927346217610025,real,Dutch.Parsed.CSV,0
25,1.1620831936674105,3.493870063998695,-0.0,3.2927346217610025,real,Dutch.Parsed.CSV,0
26,1.1620831936674105,3.493870063998695,-0.0,3.2927346217610025,real,Dutch.Parsed.CSV,0
27,1.1620831936674105,3.493870063998695,-0.0,3.2927346217610025,real,Dutch.Parsed.CSV,0
28,1.1620831936674105,3.493870063998695,-0.0,3.2927346217610025,real,Dutch.Parsed.CSV,0
29,1.1620831936674105,3.493870063998695,-0.0,3.2927346217610025,real,Dutch.Parsed.CSV,0
30,1.1620831936674105,3.493870063998695,-0.0,3.2927346217610025,real,Dutch.Parsed.CSV,0
31,1.1620831936674105,3.493870063998695,-0.0,3.2927346217610025,real,Dutch.Parsed.CSV,0
32,1.1620831936674105,3.493870063998695,-0.0,3.2927346217610025,real,Dutch.Parsed.CSV,0
0,3.088936719101143,10.623105279450918,nan,0.0,scramble,Dutch.Parsed.CSV,0
1,2.2987673928228487,7.6760799438534875,0.7901693262782943,0.7901693262782943,scramble,Dutch.Parsed.CSV,0
2,1.6924660193359335,5.313043752898961,0.6063013734869152,2.0027720732521246,scramble,Dutch.Parsed.CSV,0
3,1.3049256682825503,3.9307059121026757,0.38754035105338325,3.1653931264122743,scramble,Dutch.Parsed.CSV,0
4,1.1820001995592715,3.582612883913793,0.12292546872327881,3.6570950013053896,scramble,Dutch.Parsed.CSV,0
5,1.164033127987524,3.5436259721831336,0.017967071571747484,3.7469303591641268,scramble,Dutch.Parsed.CSV,0
6,1.1625331334791733,3.540903405690791,0.0014999945083506994,3.755930326214231,scramble,Dutch.Parsed.CSV,0
7,1.1622252697717126,3.540410833676661,0.00030786370746072045,3.758085372166456,scramble,Dutch.Parsed.CSV,0
8,1.1621504564625487,3.5403011248062937,7.481330916392359e-05,3.7586838786397676,scramble,Dutch.Parsed.CSV,0
9,1.1621367189063274,3.5402791664417106,1.3737556221249392e-05,3.758807516645759,scramble,Dutch.Parsed.CSV,0
10,1.1621338897551567,3.540274446290406,2.829151170669064e-06,3.7588358081574658,scramble,Dutch.Parsed.CSV,0
11,1.1620836426927685,3.5402322476203314,5.0247062388208974e-05,3.759388525843736,scramble,Dutch.Parsed.CSV,0
12,1.1620835041709077,3.540232064924624,1.385218608707106e-07,3.7593901881060665,scramble,Dutch.Parsed.CSV,0
13,1.1620832085548198,3.5402317035998014,2.9561608783090776e-07,3.7593940311152085,scramble,Dutch.Parsed.CSV,0
14,1.162083203414903,3.5402316973940824,5.139916936514055e-09,3.7593941030740456,scramble,Dutch.Parsed.CSV,0
15,1.1620831936674103,3.540231690186627,9.747492590861384e-09,3.7593942492864345,scramble,Dutch.Parsed.CSV,0
16,1.1620831936674103,3.540231690186627,-0.0,3.7593942492864345,scramble,Dutch.Parsed.CSV,0
17,1.1620831936674103,3.540231690186627,-0.0,3.7593942492864345,scramble,Dutch.Parsed.CSV,0
18,1.1620831936674103,3.540231690186627,-0.0,3.7593942492864345,scramble,Dutch.Parsed.CSV,0
19,1.1620831936674103,3.540231690186627,-0.0,3.7593942492864345,scramble,Dutch.Parsed.CSV,0
20,1.1620831936674103,3.540231690186627,-0.0,3.7593942492864345,scramble,Dutch.Parsed.CSV,0
21,1.1620831936674103,3.540231690186627,-0.0,3.7593942492864345,scramble,Dutch.Parsed.CSV,0
22,1.1620831936674103,3.540231690186627,-0.0,3.7593942492864345,scramble,Dutch.Parsed.CSV,0
23,1.1620831936674103,3.540231690186627,-0.0,3.7593942492864345,scramble,Dutch.Parsed.CSV,0
24,1.1620831936674103,3.540231690186627,-0.0,3.7593942492864345,scramble,Dutch.Parsed.CSV,0
25,1.1620831936674103,3.540231690186627,-0.0,3.7593942492864345,scramble,Dutch.Parsed.CSV,0
26,1.1620831936674103,3.540231690186627,-0.0,3.7593942492864345,scramble,Dutch.Parsed.CSV,0
27,1.1620831936674103,3.540231690186627,-0.0,3.7593942492864345,scramble,Dutch.Parsed.CSV,0
28,1.1620831936674103,3.540231690186627,-0.0,3.7593942492864345,scramble,Dutch.Parsed.CSV,0
29,1.1620831936674103,3.540231690186627,-0.0,3.7593942492864345,scramble,Dutch.Parsed.CSV,0
30,1.1620831936674103,3.540231690186627,-0.0,3.7593942492864345,scramble,Dutch.Parsed.CSV,0
31,1.1620831936674103,3.540231690186627,-0.0,3.7593942492864345,scramble,Dutch.Parsed.CSV,0
32,1.1620831936674103,3.540231690186627,-0.0,3.7593942492864345,scramble,Dutch.Parsed.CSV,0
0,3.088936719101143,10.623105279450918,nan,0.0,manner,Dutch.Parsed.CSV,0
1,2.190394638687319,7.223256241371106,0.898542080413824,0.898542080413824,manner,Dutch.Parsed.CSV,0
2,1.674080929692896,5.265859159544501,0.516313708994423,1.93116949840267,manner,Dutch.Parsed.CSV,0
3,1.3625703111401972,4.190068475301143,0.3115106185526988,2.865701354060766,manner,Dutch.Parsed.CSV,0
4,1.2159434616095413,3.775567757776087,0.14662684953065597,3.45220875218339,manner,Dutch.Parsed.CSV,0
5,1.1816575816987431,3.695178921849028,0.03428587991079812,3.6236381517373806,manner,Dutch.Parsed.CSV,0
6,1.1770600292742486,3.686000437524359,0.004597552424494555,3.651223466284348,manner,Dutch.Parsed.CSV,0
7,1.176557466639645,3.6850984161599927,0.0005025626346035761,3.6547414047265727,manner,Dutch.Parsed.CSV,0
8,1.1764964204675108,3.6849962127953706,6.104617213420482e-05,3.6552297741036464,manner,Dutch.Parsed.CSV,0
9,1.1764879849309193,3.684983115874092,8.435536591466786e-06,3.6553056939329696,manner,Dutch.Parsed.CSV,0
10,1.1764838282829289,3.6849692865438777,4.1566479904719955e-06,3.6553472604128743,manner,Dutch.Parsed.CSV,0
11,1.176483426994629,3.684968694955114,4.0128829992269743e-07,3.6553516745841734,manner,Dutch.Parsed.CSV,0
12,1.176483425378511,3.6849686938349064,1.6161179061668918e-09,3.6553516939775883,manner,Dutch.Parsed.CSV,0
13,1.176483425378511,3.6849686938349064,-0.0,3.6553516939775883,manner,Dutch.Parsed.CSV,0
14,1.176483425378511,3.6849686938349064,-0.0,3.6553516939775883,manner,Dutch.Parsed.CSV,0
15,1.176483425378511,3.6849686938349064,-0.0,3.6553516939775883,manner,Dutch.Parsed.CSV,0
16,1.176483425378511,3.6849686938349064,-0.0,3.6553516939775883,manner,Dutch.Parsed.CSV,0
17,1.176483425378511,3.6849686938349064,-0.0,3.6553516939775883,manner,Dutch.Parsed.CSV,0
18,1.176483425378511,3.6849686938349064,-0.0,3.6553516939775883,manner,Dutch.Parsed.CSV,0
19,1.176483425378511,3.6849686938349064,-0.0,3.6553516939775883,manner,Dutch.Parsed.CSV,0
20,1.176483425378511,3.6849686938349064,-0.0,3.6553516939775883,manner,Dutch.Parsed.CSV,0
21,1.176483425378511,3.6849686938349064,-0.0,3.6553516939775883,manner,Dutch.Parsed.CSV,0
22,1.176483425378511,3.6849686938349064,-0.0,3.6553516939775883,manner,Dutch.Parsed.CSV,0
23,1.176483425378511,3.6849686938349064,-0.0,3.6553516939775883,manner,Dutch.Parsed.CSV,0
24,1.176483425378511,3.6849686938349064,-0.0,3.6553516939775883,manner,Dutch.Parsed.CSV,0
25,1.176483425378511,3.6849686938349064,-0.0,3.6553516939775883,manner,Dutch.Parsed.CSV,0
26,1.176483425378511,3.6849686938349064,-0.0,3.6553516939775883,manner,Dutch.Parsed.CSV,0
27,1.176483425378511,3.6849686938349064,-0.0,3.6553516939775883,manner,Dutch.Parsed.CSV,0
28,1.176483425378511,3.6849686938349064,-0.0,3.6553516939775883,manner,Dutch.Parsed.CSV,0
29,1.176483425378511,3.6849686938349064,-0.0,3.6553516939775883,manner,Dutch.Parsed.CSV,0
30,1.176483425378511,3.6849686938349064,-0.0,3.6553516939775883,manner,Dutch.Parsed.CSV,0
31,1.176483425378511,3.6849686938349064,-0.0,3.6553516939775883,manner,Dutch.Parsed.CSV,0
32,1.176483425378511,3.6849686938349064,-0.0,3.6553516939775883,manner,Dutch.Parsed.CSV,0
0,3.088936719101143,10.623105279450918,nan,0.0,cv,Dutch.Parsed.CSV,0
1,2.365049135630425,7.7775565758544465,0.7238875834707179,0.7238875834707179,cv,Dutch.Parsed.CSV,0
2,1.7718426229607933,5.687123466228965,0.5932065126696318,1.9103006088099814,cv,Dutch.Parsed.CSV,0
3,1.4037205528284074,4.401916030932897,0.36812207013238596,3.0146668192071395,cv,Dutch.Parsed.CSV,0
4,1.2412527991151092,3.9408412184468316,0.16246775371329814,3.664537834060332,cv,Dutch.Parsed.CSV,0
5,1.2149521400020487,3.8821775335680773,0.026300659113060565,3.796041129625635,cv,Dutch.Parsed.CSV,0
6,1.2133077345251613,3.87909043489603,0.0016444054768873784,3.805907562486959,cv,Dutch.Parsed.CSV,0
7,1.2132402503543145,3.8789652473499197,6.74841708467877e-05,3.806379951682887,cv,Dutch.Parsed.CSV,0
8,1.2132383232882122,3.8789616921544097,1.9270661022474656e-06,3.806395368211705,cv,Dutch.Parsed.CSV,0
9,1.213238304383503,3.8789616393291397,1.8904709131462027e-08,3.806395538354087,cv,Dutch.Parsed.CSV,0
10,1.213238304383503,3.8789616393291397,-0.0,3.806395538354087,cv,Dutch.Parsed.CSV,0
11,1.213238304383503,3.8789616393291397,-0.0,3.806395538354087,cv,Dutch.Parsed.CSV,0
12,1.213238304383503,3.8789616393291397,-0.0,3.806395538354087,cv,Dutch.Parsed.CSV,0
13,1.213238304383503,3.8789616393291397,-0.0,3.806395538354087,cv,Dutch.Parsed.CSV,0
14,1.213238304383503,3.8789616393291397,-0.0,3.806395538354087,cv,Dutch.Parsed.CSV,0
15,1.213238304383503,3.8789616393291397,-0.0,3.806395538354087,cv,Dutch.Parsed.CSV,0
16,1.213238304383503,3.8789616393291397,-0.0,3.806395538354087,cv,Dutch.Parsed.CSV,0
17,1.213238304383503,3.8789616393291397,-0.0,3.806395538354087,cv,Dutch.Parsed.CSV,0
18,1.213238304383503,3.8789616393291397,-0.0,3.806395538354087,cv,Dutch.Parsed.CSV,0
19,1.213238304383503,3.8789616393291397,-0.0,3.806395538354087,cv,Dutch.Parsed.CSV,0
20,1.213238304383503,3.8789616393291397,-0.0,3.806395538354087,cv,Dutch.Parsed.CSV,0
21,1.213238304383503,3.8789616393291397,-0.0,3.806395538354087,cv,Dutch.Parsed.CSV,0
22,1.213238304383503,3.8789616393291397,-0.0,3.806395538354087,cv,Dutch.Parsed.CSV,0
23,1.213238304383503,3.8789616393291397,-0.0,3.806395538354087,cv,Dutch.Parsed.CSV,0
24,1.213238304383503,3.8789616393291397,-0.0,3.806395538354087,cv,Dutch.Parsed.CSV,0
25,1.213238304383503,3.8789616393291397,-0.0,3.806395538354087,cv,Dutch.Parsed.CSV,0
26,1.213238304383503,3.8789616393291397,-0.0,3.806395538354087,cv,Dutch.Parsed.CSV,0
27,1.213238304383503,3.8789616393291397,-0.0,3.806395538354087,cv,Dutch.Parsed.CSV,0
28,1.213238304383503,3.8789616393291397,-0.0,3.806395538354087,cv,Dutch.Parsed.CSV,0
29,1.213238304383503,3.8789616393291397,-0.0,3.806395538354087,cv,Dutch.Parsed.CSV,0
30,1.213238304383503,3.8789616393291397,-0.0,3.806395538354087,cv,Dutch.Parsed.CSV,0
31,1.213238304383503,3.8789616393291397,-0.0,3.806395538354087,cv,Dutch.Parsed.CSV,0
32,1.213238304383503,3.8789616393291397,-0.0,3.806395538354087,cv,Dutch.Parsed.CSV,0
0,3.088936719101143,10.623105279450918,nan,0.0,scramble,Dutch.Parsed.CSV,1
1,2.377281767095864,8.016882401664336,0.7116549520052788,0.7116549520052788,scramble,Dutch.Parsed.CSV,1
2,1.6920011006840505,5.436629467986038,0.6852806664118136,2.082216284828906,scramble,Dutch.Parsed.CSV,1
3,1.3010166214497227,4.019366397629021,0.3909844792343278,3.2551697225318894,scramble,Dutch.Parsed.CSV,1
4,1.17908955946527,3.682178165438568,0.1219270619844528,3.7428779704697006,scramble,Dutch.Parsed.CSV,1
5,1.1637252114987615,3.648644512642365,0.01536434796650843,3.8196997103022428,scramble,Dutch.Parsed.CSV,1
6,1.1623486633560032,3.646120593296412,0.0013765481427583381,3.827958999158793,scramble,Dutch.Parsed.CSV,1
7,1.1621588818420512,3.6457954813879327,0.00018978151395199205,3.8292874697564567,scramble,Dutch.Parsed.CSV,1
8,1.1620995255211408,3.6456907526888953,5.9356320910364246e-05,3.8297623203237396,scramble,Dutch.Parsed.CSV,1
9,1.1620882303272266,3.645671398440363,1.1295193914184765e-05,3.8298639770689675,scramble,Dutch.Parsed.CSV,1
10,1.1620841378095408,3.6456647513108917,4.092517685849728e-06,3.829904902245826,scramble,Dutch.Parsed.CSV,1
11,1.1620837503290185,3.6456642752612822,3.8748052233472663e-07,3.8299091645315717,scramble,Dutch.Parsed.CSV,1
12,1.1620833019607917,3.645663657959757,4.483682267686362e-07,3.829914544950293,scramble,Dutch.Parsed.CSV,1
13,1.1620832341878993,3.6456635859656923,6.777289240922357e-08,3.8299154259978945,scramble,Dutch.Parsed.CSV,1
14,1.1620832307575983,3.6456635828757293,3.430300932194541e-09,3.8299154740221075,scramble,Dutch.Parsed.CSV,1
15,1.162083220638526,3.6456635735197582,1.0119072246794758e-08,3.8299156258081912,scramble,Dutch.Parsed.CSV,1
16,1.162083220638526,3.6456635735197582,-0.0,3.8299156258081912,scramble,Dutch.Parsed.CSV,1
17,1.1620832186770627,3.6456635720846764,1.961463436117583e-09,3.8299156591530696,scramble,Dutch.Parsed.CSV,1
18,1.1620831936674103,3.6456635460297315,2.5009652349083922e-08,3.829916109326812,scramble,Dutch.Parsed.CSV,1
19,1.1620831936674103,3.6456635460297315,-0.0,3.829916109326812,scramble,Dutch.Parsed.CSV,1
20,1.1620831936674103,3.6456635460297315,-0.0,3.829916109326812,scramble,Dutch.Parsed.CSV,1
21,1.1620831936674103,3.6456635460297315,-0.0,3.829916109326812,scramble,Dutch.Parsed.CSV,1
22,1.1620831936674103,3.6456635460297315,-0.0,3.829916109326812,scramble,Dutch.Parsed.CSV,1
23,1.1620831936674103,3.6456635460297315,-0.0,3.829916109326812,scramble,Dutch.Parsed.CSV,1
24,1.1620831936674103,3.6456635460297315,-0.0,3.829916109326812,scramble,Dutch.Parsed.CSV,1
25,1.1620831936674103,3.6456635460297315,-0.0,3.829916109326812,scramble,Dutch.Parsed.CSV,1
26,1.1620831936674103,3.6456635460297315,-0.0,3.829916109326812,scramble,Dutch.Parsed.CSV,1
27,1.1620831936674103,3.6456635460297315,-0.0,3.829916109326812,scramble,Dutch.Parsed.CSV,1
28,1.1620831936674103,3.6456635460297315,-0.0,3.829916109326812,scramble,Dutch.Parsed.CSV,1
29,1.1620831936674103,3.6456635460297315,-0.0,3.829916109326812,scramble,Dutch.Parsed.CSV,1
30,1.1620831936674103,3.6456635460297315,-0.0,3.829916109326812,scramble,Dutch.Parsed.CSV,1
31,1.1620831936674103,3.6456635460297315,-0.0,3.829916109326812,scramble,Dutch.Parsed.CSV,1
32,1.1620831936674103,3.6456635460297315,-0.0,3.829916109326812,scramble,Dutch.Parsed.CSV,1
0,3.088936719101143,10.623105279450918,nan,0.0,manner,Dutch.Parsed.CSV,1
1,2.18825381867561,7.219503073047006,0.900682900425533,0.900682900425533,manner,Dutch.Parsed.CSV,1
2,1.6719152917444675,5.251928128720904,0.5163385269311425,1.933359954287818,manner,Dutch.Parsed.CSV,1
3,1.3620319731216592,4.183432493628302,0.30988331862280827,2.8630099101562427,manner,Dutch.Parsed.CSV,1
4,1.2169057197301745,3.7716891290916106,0.14512625339148477,3.443514923722182,manner,Dutch.Parsed.CSV,1
5,1.1826151889785992,3.691802906347725,0.03429053075157529,3.6149675774800585,manner,Dutch.Parsed.CSV,1
6,1.1780464228203944,3.6825319907119978,0.0045687661582047845,3.642380174429287,manner,Dutch.Parsed.CSV,1
7,1.1775435117797985,3.6815946916091193,0.0005029110405958548,3.645900551713458,manner,Dutch.Parsed.CSV,1
8,1.1774688434784366,3.6814641911284616,7.466830136193536e-05,3.6464978981243537,manner,Dutch.Parsed.CSV,1
9,1.1774274768003703,3.6814227948466023,4.1366678066312446e-05,3.6468701982269502,manner,Dutch.Parsed.CSV,1
10,1.1774267451448484,3.6814203010979654,7.316555219460952e-07,3.6468775147821697,manner,Dutch.Parsed.CSV,1
11,1.1774267097224307,3.681420195972484,3.54224176657425e-08,3.646877904428764,manner,Dutch.Parsed.CSV,1
12,1.1774237822080345,3.681417294724493,2.9275143962337324e-06,3.6469130346015186,manner,Dutch.Parsed.CSV,1
13,1.1774237822080345,3.681417294724493,-0.0,3.6469130346015186,manner,Dutch.Parsed.CSV,1
14,1.1774237822080345,3.681417294724493,-0.0,3.6469130346015186,manner,Dutch.Parsed.CSV,1
15,1.1774237822080345,3.681417294724493,-0.0,3.6469130346015186,manner,Dutch.Parsed.CSV,1
16,1.1774237822080345,3.681417294724493,-0.0,3.6469130346015186,manner,Dutch.Parsed.CSV,1
17,1.1774237822080345,3.681417294724493,-0.0,3.6469130346015186,manner,Dutch.Parsed.CSV,1
18,1.1774237822080345,3.681417294724493,-0.0,3.6469130346015186,manner,Dutch.Parsed.CSV,1
19,1.1774237822080345,3.681417294724493,-0.0,3.6469130346015186,manner,Dutch.Parsed.CSV,1
20,1.1774237822080345,3.681417294724493,-0.0,3.6469130346015186,manner,Dutch.Parsed.CSV,1
21,1.1774237822080345,3.681417294724493,-0.0,3.6469130346015186,manner,Dutch.Parsed.CSV,1
22,1.1774237822080345,3.681417294724493,-0.0,3.6469130346015186,manner,Dutch.Parsed.CSV,1
23,1.1774237822080345,3.681417294724493,-0.0,3.6469130346015186,manner,Dutch.Parsed.CSV,1
24,1.1774237822080345,3.681417294724493,-0.0,3.6469130346015186,manner,Dutch.Parsed.CSV,1
25,1.1774237822080345,3.681417294724493,-0.0,3.6469130346015186,manner,Dutch.Parsed.CSV,1
26,1.1774237822080345,3.681417294724493,-0.0,3.6469130346015186,manner,Dutch.Parsed.CSV,1
27,1.1774237822080345,3.681417294724493,-0.0,3.6469130346015186,manner,Dutch.Parsed.CSV,1
28,1.1774237822080345,3.681417294724493,-0.0,3.6469130346015186,manner,Dutch.Parsed.CSV,1
29,1.1774237822080345,3.681417294724493,-0.0,3.6469130346015186,manner,Dutch.Parsed.CSV,1
30,1.1774237822080345,3.681417294724493,-0.0,3.6469130346015186,manner,Dutch.Parsed.CSV,1
31,1.1774237822080345,3.681417294724493,-0.0,3.6469130346015186,manner,Dutch.Parsed.CSV,1
32,1.1774237822080345,3.681417294724493,-0.0,3.6469130346015186,manner,Dutch.Parsed.CSV,1
0,3.088936719101143,10.623105279450918,nan,0.0,cv,Dutch.Parsed.CSV,1
1,2.323934768563654,7.717639099320028,0.765001950537489,0.765001950537489,cv,Dutch.Parsed.CSV,1
2,1.7613474260359039,5.648350272341236,0.5625873425277501,1.8901766355929892,cv,Dutch.Parsed.CSV,1
3,1.3966444196247936,4.366742252043592,0.3647030064111103,2.98428565482632,cv,Dutch.Parsed.CSV,1
4,1.2331165447138819,3.9045267291599646,0.1635278749109117,3.638397154469967,cv,Dutch.Parsed.CSV,1
5,1.2069804659349608,3.84602198247722,0.0261360787789211,3.7690775483645726,cv,Dutch.Parsed.CSV,1
6,1.2053660299676017,3.842954618898904,0.0016144359673591069,3.7787641641687273,cv,Dutch.Parsed.CSV,1
7,1.2052891472728424,3.8428303516540594,7.688269475925047e-05,3.7793023430320423,cv,Dutch.Parsed.CSV,1
8,1.2052822307292903,3.842819255928045,6.916543552115684e-06,3.779357675380459,cv,Dutch.Parsed.CSV,1
9,1.2052821714363096,3.8428191632183464,5.92929807474718e-08,3.779358209017286,cv,Dutch.Parsed.CSV,1
10,1.2052821714363096,3.8428191632183464,-0.0,3.779358209017286,cv,Dutch.Parsed.CSV,1
11,1.2052821714363096,3.8428191632183464,-0.0,3.779358209017286,cv,Dutch.Parsed.CSV,1
12,1.2052821714363096,3.8428191632183464,-0.0,3.779358209017286,cv,Dutch.Parsed.CSV,1
13,1.2052821714363096,3.8428191632183464,-0.0,3.779358209017286,cv,Dutch.Parsed.CSV,1
14,1.2052821714363096,3.8428191632183464,-0.0,3.779358209017286,cv,Dutch.Parsed.CSV,1
15,1.2052821714363096,3.8428191632183464,-0.0,3.779358209017286,cv,Dutch.Parsed.CSV,1
16,1.2052821714363096,3.8428191632183464,-0.0,3.779358209017286,cv,Dutch.Parsed.CSV,1
17,1.2052821714363096,3.8428191632183464,-0.0,3.779358209017286,cv,Dutch.Parsed.CSV,1
18,1.2052821714363096,3.8428191632183464,-0.0,3.779358209017286,cv,Dutch.Parsed.CSV,1
19,1.2052821714363096,3.8428191632183464,-0.0,3.779358209017286,cv,Dutch.Parsed.CSV,1
20,1.2052821714363096,3.8428191632183464,-0.0,3.779358209017286,cv,Dutch.Parsed.CSV,1
21,1.2052821714363096,3.8428191632183464,-0.0,3.779358209017286,cv,Dutch.Parsed.CSV,1
22,1.2052821714363096,3.8428191632183464,-0.0,3.779358209017286,cv,Dutch.Parsed.CSV,1
23,1.2052821714363096,3.8428191632183464,-0.0,3.779358209017286,cv,Dutch.Parsed.CSV,1
24,1.2052821714363096,3.8428191632183464,-0.0,3.779358209017286,cv,Dutch.Parsed.CSV,1
25,1.2052821714363096,3.8428191632183464,-0.0,3.779358209017286,cv,Dutch.Parsed.CSV,1
26,1.2052821714363096,3.8428191632183464,-0.0,3.779358209017286,cv,Dutch.Parsed.CSV,1
27,1.2052821714363096,3.8428191632183464,-0.0,3.779358209017286,cv,Dutch.Parsed.CSV,1
28,1.2052821714363096,3.8428191632183464,-0.0,3.779358209017286,cv,Dutch.Parsed.CSV,1
29,1.2052821714363096,3.8428191632183464,-0.0,3.779358209017286,cv,Dutch.Parsed.CSV,1
30,1.2052821714363096,3.8428191632183464,-0.0,3.779358209017286,cv,Dutch.Parsed.CSV,1
31,1.2052821714363096,3.8428191632183464,-0.0,3.779358209017286,cv,Dutch.Parsed.CSV,1
32,1.2052821714363096,3.8428191632183464,-0.0,3.779358209017286,cv,Dutch.Parsed.CSV,1
0,3.088936719101143,10.623105279450918,nan,0.0,scramble,Dutch.Parsed.CSV,2
1,2.27790832653916,7.6570812824067165,0.8110283925619828,0.8110283925619828,scramble,Dutch.Parsed.CSV,2
2,1.6899527007739095,5.2850406190844295,0.5879556257652507,1.9869396440924842,scramble,Dutch.Parsed.CSV,2
3,1.31523734180495,3.9451764282148325,0.37471535896895936,3.1110857209993625,scramble,Dutch.Parsed.CSV,2
4,1.1801289695958561,3.5666895887064594,0.135108372209094,3.6515192098357385,scramble,Dutch.Parsed.CSV,2
5,1.1639781691808382,3.5322735029072705,0.01615080041501793,3.732273211910828,scramble,Dutch.Parsed.CSV,2
6,1.162581868431951,3.5297582660026317,0.0013963007488870804,3.7406510164041507,scramble,Dutch.Parsed.CSV,2
7,1.1621500499999708,3.5291830292439004,0.0004318184319802576,3.7436737454280125,scramble,Dutch.Parsed.CSV,2
8,1.1621260949914876,3.529138643932247,2.3955008483289575e-05,3.7438653854958788,scramble,Dutch.Parsed.CSV,2
9,1.1620904286290945,3.529075726507381,3.5666362393049766e-05,3.744186382757416,scramble,Dutch.Parsed.CSV,2
10,1.162087883901694,3.5290710503774982,2.544727400577429e-06,3.7442118300314218,scramble,Dutch.Parsed.CSV,2
11,1.1620850672480436,3.5290660791013595,2.8166536503171358e-06,3.7442428132215753,scramble,Dutch.Parsed.CSV,2
12,1.162084545591426,3.5290653603456614,5.216566176802218e-07,3.7442490731009874,scramble,Dutch.Parsed.CSV,2
13,1.1620843194444854,3.5290650513990434,2.2614694050737683e-07,3.744252013011214,scramble,Dutch.Parsed.CSV,2
14,1.1620832050479268,3.529063324652765,1.1143965585880267e-06,3.744267614563034,scramble,Dutch.Parsed.CSV,2
15,1.16208320065185,3.529063321061752,4.396076835888607e-09,3.7442676805041866,scramble,Dutch.Parsed.CSV,2
16,1.16208320065185,3.529063321061752,-0.0,3.7442676805041866,scramble,Dutch.Parsed.CSV,2
17,1.1620831964538385,3.5290633163089793,4.198011493983245e-09,3.7442677518703817,scramble,Dutch.Parsed.CSV,2
18,1.16208319366741,3.5290633143234063,2.786428421330811e-09,3.7442678020260933,scramble,Dutch.Parsed.CSV,2
19,1.16208319366741,3.5290633143234063,-0.0,3.7442678020260933,scramble,Dutch.Parsed.CSV,2
20,1.16208319366741,3.5290633143234063,-0.0,3.7442678020260933,scramble,Dutch.Parsed.CSV,2
21,1.16208319366741,3.5290633143234063,-0.0,3.7442678020260933,scramble,Dutch.Parsed.CSV,2
22,1.16208319366741,3.5290633143234063,-0.0,3.7442678020260933,scramble,Dutch.Parsed.CSV,2
23,1.16208319366741,3.5290633143234063,-0.0,3.7442678020260933,scramble,Dutch.Parsed.CSV,2
24,1.16208319366741,3.5290633143234063,-0.0,3.7442678020260933,scramble,Dutch.Parsed.CSV,2
25,1.16208319366741,3.5290633143234063,-0.0,3.7442678020260933,scramble,Dutch.Parsed.CSV,2
26,1.16208319366741,3.5290633143234063,-0.0,3.7442678020260933,scramble,Dutch.Parsed.CSV,2
27,1.16208319366741,3.5290633143234063,-0.0,3.7442678020260933,scramble,Dutch.Parsed.CSV,2
28,1.16208319366741,3.5290633143234063,-0.0,3.7442678020260933,scramble,Dutch.Parsed.CSV,2
29,1.16208319366741,3.5290633143234063,-0.0,3.7442678020260933,scramble,Dutch.Parsed.CSV,2
30,1.16208319366741,3.5290633143234063,-0.0,3.7442678020260933,scramble,Dutch.Parsed.CSV,2
31,1.16208319366741,3.5290633143234063,-0.0,3.7442678020260933,scramble,Dutch.Parsed.CSV,2
32,1.16208319366741,3.5290633143234063,-0.0,3.7442678020260933,scramble,Dutch.Parsed.CSV,2
0,3.088936719101143,10.623105279450918,nan,0.0,manner,Dutch.Parsed.CSV,2
1,2.1816303447428265,7.193372014178178,0.9073063743583165,0.9073063743583165,manner,Dutch.Parsed.CSV,2
2,1.6724144793844666,5.254540751856496,0.5092158653583598,1.9257381050750362,manner,Dutch.Parsed.CSV,2
3,1.3647101438404299,4.184826081317089,0.30770433554403676,2.8488511117071464,manner,Dutch.Parsed.CSV,2
4,1.2189842938723714,3.7722474312224525,0.14572584996805849,3.4317545115793804,manner,Dutch.Parsed.CSV,2
5,1.1841621386092596,3.690054781620676,0.03482215526311183,3.6058652878949395,manner,Dutch.Parsed.CSV,2
6,1.179524755315965,3.680652916309626,0.004637383293294661,3.6336895876547075,manner,Dutch.Parsed.CSV,2
7,1.1790415592544907,3.679719213814002,0.00048319606147417815,3.6370719600850268,manner,Dutch.Parsed.CSV,2
8,1.1789889163418312,3.6796159040512544,5.264291265949517e-05,3.6374931033863027,manner,Dutch.Parsed.CSV,2
9,1.178981717678517,3.679602624245384,7.198663314333942e-06,3.6375578913561317,manner,Dutch.Parsed.CSV,2
10,1.1789809636617095,3.6796015489370517,7.540168074360309e-07,3.637565431524206,manner,Dutch.Parsed.CSV,2
11,1.1789800861156505,3.6796001742398055,8.775460589305339e-07,3.6375750845308543,manner,Dutch.Parsed.CSV,2
12,1.1789798970342908,3.679599681832443,1.8908135968054296e-07,3.6375773535071705,manner,Dutch.Parsed.CSV,2
13,1.1789798970342908,3.679599681832443,-0.0,3.6375773535071705,manner,Dutch.Parsed.CSV,2
14,1.1789798970342908,3.679599681832443,-0.0,3.6375773535071705,manner,Dutch.Parsed.CSV,2
15,1.1789798970342908,3.679599681832443,-0.0,3.6375773535071705,manner,Dutch.Parsed.CSV,2
16,1.1789798970342908,3.679599681832443,-0.0,3.6375773535071705,manner,Dutch.Parsed.CSV,2
17,1.1789798970342908,3.679599681832443,-0.0,3.6375773535071705,manner,Dutch.Parsed.CSV,2
18,1.1789798970342908,3.679599681832443,-0.0,3.6375773535071705,manner,Dutch.Parsed.CSV,2
19,1.1789798970342908,3.679599681832443,-0.0,3.6375773535071705,manner,Dutch.Parsed.CSV,2
20,1.1789798970342908,3.679599681832443,-0.0,3.6375773535071705,manner,Dutch.Parsed.CSV,2
21,1.1789798970342908,3.679599681832443,-0.0,3.6375773535071705,manner,Dutch.Parsed.CSV,2
22,1.1789798970342908,3.679599681832443,-0.0,3.6375773535071705,manner,Dutch.Parsed.CSV,2
23,1.1789798970342908,3.679599681832443,-0.0,3.6375773535071705,manner,Dutch.Parsed.CSV,2
24,1.1789798970342908,3.679599681832443,-0.0,3.6375773535071705,manner,Dutch.Parsed.CSV,2
25,1.1789798970342908,3.679599681832443,-0.0,3.6375773535071705,manner,Dutch.Parsed.CSV,2
26,1.1789798970342908,3.679599681832443,-0.0,3.6375773535071705,manner,Dutch.Parsed.CSV,2
27,1.1789798970342908,3.679599681832443,-0.0,3.6375773535071705,manner,Dutch.Parsed.CSV,2
28,1.1789798970342908,3.679599681832443,-0.0,3.6375773535071705,manner,Dutch.Parsed.CSV,2
29,1.1789798970342908,3.679599681832443,-0.0,3.6375773535071705,manner,Dutch.Parsed.CSV,2
30,1.1789798970342908,3.679599681832443,-0.0,3.6375773535071705,manner,Dutch.Parsed.CSV,2
31,1.1789798970342908,3.679599681832443,-0.0,3.6375773535071705,manner,Dutch.Parsed.CSV,2
32,1.1789798970342908,3.679599681832443,-0.0,3.6375773535071705,manner,Dutch.Parsed.CSV,2
0,3.0889367191011425,10.623105279450918,nan,0.0,cv,Dutch.Parsed.CSV,2
1,2.328265029672396,7.739539740812628,0.7606716894287464,0.7606716894287464,cv,Dutch.Parsed.CSV,2
2,1.765107575038238,5.675045747484704,0.5631574546341582,1.8869865986970629,cv,Dutch.Parsed.CSV,2
3,1.3926119519040816,4.372018135997698,0.3724956231341563,3.0044734680995315,cv,Dutch.Parsed.CSV,2
4,1.2305041925560678,3.913150053319614,0.1621077593480138,3.6529045054915867,cv,Dutch.Parsed.CSV,2
5,1.2049925746526948,3.856283246238596,0.025511617903372974,3.7804625950084514,cv,Dutch.Parsed.CSV,2
6,1.2032669501456161,3.8531128713276357,0.0017256245070786935,3.7908163420509235,cv,Dutch.Parsed.CSV,2
7,1.2032090333338414,3.853006495106935,5.791681177469421e-05,3.7912217597333466,cv,Dutch.Parsed.CSV,2
8,1.2032064804717975,3.853001256067654,2.5528620439807526e-06,3.7912421826296985,cv,Dutch.Parsed.CSV,2
9,1.2032064444582957,3.8530011826428567,3.6013501736320563e-08,3.791242506751214,cv,Dutch.Parsed.CSV,2
10,1.2032064444582957,3.8530011826428567,-0.0,3.791242506751214,cv,Dutch.Parsed.CSV,2
11,1.2032064444582957,3.8530011826428567,-0.0,3.791242506751214,cv,Dutch.Parsed.CSV,2
12,1.2032064444582957,3.8530011826428567,-0.0,3.791242506751214,cv,Dutch.Parsed.CSV,2
13,1.2032064444582957,3.8530011826428567,-0.0,3.791242506751214,cv,Dutch.Parsed.CSV,2
14,1.2032064444582957,3.8530011826428567,-0.0,3.791242506751214,cv,Dutch.Parsed.CSV,2
15,1.2032064444582957,3.8530011826428567,-0.0,3.791242506751214,cv,Dutch.Parsed.CSV,2
16,1.2032064444582957,3.8530011826428567,-0.0,3.791242506751214,cv,Dutch.Parsed.CSV,2
17,1.2032064444582957,3.8530011826428567,-0.0,3.791242506751214,cv,Dutch.Parsed.CSV,2
18,1.2032064444582957,3.8530011826428567,-0.0,3.791242506751214,cv,Dutch.Parsed.CSV,2
19,1.2032064444582957,3.8530011826428567,-0.0,3.791242506751214,cv,Dutch.Parsed.CSV,2
20,1.2032064444582957,3.8530011826428567,-0.0,3.791242506751214,cv,Dutch.Parsed.CSV,2
21,1.2032064444582957,3.8530011826428567,-0.0,3.791242506751214,cv,Dutch.Parsed.CSV,2
22,1.2032064444582957,3.8530011826428567,-0.0,3.791242506751214,cv,Dutch.Parsed.CSV,2
23,1.2032064444582957,3.8530011826428567,-0.0,3.791242506751214,cv,Dutch.Parsed.CSV,2
24,1.2032064444582957,3.8530011826428567,-0.0,3.791242506751214,cv,Dutch.Parsed.CSV,2
25,1.2032064444582957,3.8530011826428567,-0.0,3.791242506751214,cv,Dutch.Parsed.CSV,2
26,1.2032064444582957,3.8530011826428567,-0.0,3.791242506751214,cv,Dutch.Parsed.CSV,2
27,1.2032064444582957,3.8530011826428567,-0.0,3.791242506751214,cv,Dutch.Parsed.CSV,2
28,1.2032064444582957,3.8530011826428567,-0.0,3.791242506751214,cv,Dutch.Parsed.CSV,2
29,1.2032064444582957,3.8530011826428567,-0.0,3.791242506751214,cv,Dutch.Parsed.CSV,2
30,1.2032064444582957,3.8530011826428567,-0.0,3.791242506751214,cv,Dutch.Parsed.CSV,2
31,1.2032064444582957,3.8530011826428567,-0.0,3.791242506751214,cv,Dutch.Parsed.CSV,2
32,1.2032064444582957,3.8530011826428567,-0.0,3.791242506751214,cv,Dutch.Parsed.CSV,2
0,3.088936719101143,10.623105279450918,nan,0.0,scramble,Dutch.Parsed.CSV,3
1,2.334073458633451,7.717789655074195,0.7548632604676921,0.7548632604676921,scramble,Dutch.Parsed.CSV,3
2,1.6469758529196807,5.196698207420372,0.6870976057137701,2.1290584718952323,scramble,Dutch.Parsed.CSV,3
3,1.289914745227956,3.8945068213818597,0.3570611076917247,3.2002417949704065,scramble,Dutch.Parsed.CSV,3
4,1.1781673223823956,3.5754840473546206,0.11174742284556038,3.647231486352648,scramble,Dutch.Parsed.CSV,3
5,1.1636975772702982,3.5433231753689443,0.01446974511209742,3.719580211913135,scramble,Dutch.Parsed.CSV,3
6,1.1623578203370866,3.541006107287506,0.0013397569332116444,3.727618753512405,scramble,Dutch.Parsed.CSV,3
7,1.162148918645278,3.540659950915102,0.00020890169180853846,3.729081065355065,scramble,Dutch.Parsed.CSV,3
8,1.1620932147759064,3.5405732791620204,5.5703869371592774e-05,3.7295266963100375,scramble,Dutch.Parsed.CSV,3
9,1.1620862330377422,3.5405616600219663,6.981738164268947e-06,3.7295895319535157,scramble,Dutch.Parsed.CSV,3
10,1.1620845772100492,3.5405595798579492,1.655827692959022e-06,3.7296060902304453,scramble,Dutch.Parsed.CSV,3
11,1.1620836572148565,3.5405578949281455,9.199951926941452e-07,3.729616210177565,scramble,Dutch.Parsed.CSV,3
12,1.1620833540533555,3.5405574338503953,3.031615010140598e-07,3.7296198481155773,scramble,Dutch.Parsed.CSV,3
13,1.1620832684492413,3.5405572345265903,8.560411424163306e-08,3.7296209609690623,scramble,Dutch.Parsed.CSV,3
14,1.1620832080646468,3.540557144183637,6.03845944358028e-08,3.7296218063533844,scramble,Dutch.Parsed.CSV,3
15,1.1620832080646468,3.540557144183637,-0.0,3.7296218063533844,scramble,Dutch.Parsed.CSV,3
16,1.1620831936674103,3.5405571278254975,1.439723651408542e-08,3.7296220367091686,scramble,Dutch.Parsed.CSV,3
17,1.1620831936674103,3.5405571278254975,-0.0,3.7296220367091686,scramble,Dutch.Parsed.CSV,3
18,1.1620831936674103,3.5405571278254975,-0.0,3.7296220367091686,scramble,Dutch.Parsed.CSV,3
19,1.1620831936674103,3.5405571278254975,-0.0,3.7296220367091686,scramble,Dutch.Parsed.CSV,3
20,1.1620831936674103,3.5405571278254975,-0.0,3.7296220367091686,scramble,Dutch.Parsed.CSV,3
21,1.1620831936674103,3.5405571278254975,-0.0,3.7296220367091686,scramble,Dutch.Parsed.CSV,3
22,1.1620831936674103,3.5405571278254975,-0.0,3.7296220367091686,scramble,Dutch.Parsed.CSV,3
23,1.1620831936674103,3.5405571278254975,-0.0,3.7296220367091686,scramble,Dutch.Parsed.CSV,3
24,1.1620831936674103,3.5405571278254975,-0.0,3.7296220367091686,scramble,Dutch.Parsed.CSV,3
25,1.1620831936674103,3.5405571278254975,-0.0,3.7296220367091686,scramble,Dutch.Parsed.CSV,3
26,1.1620831936674103,3.5405571278254975,-0.0,3.7296220367091686,scramble,Dutch.Parsed.CSV,3
27,1.1620831936674103,3.5405571278254975,-0.0,3.7296220367091686,scramble,Dutch.Parsed.CSV,3
28,1.1620831936674103,3.5405571278254975,-0.0,3.7296220367091686,scramble,Dutch.Parsed.CSV,3
29,1.1620831936674103,3.5405571278254975,-0.0,3.7296220367091686,scramble,Dutch.Parsed.CSV,3
30,1.1620831936674103,3.5405571278254975,-0.0,3.7296220367091686,scramble,Dutch.Parsed.CSV,3
31,1.1620831936674103,3.5405571278254975,-0.0,3.7296220367091686,scramble,Dutch.Parsed.CSV,3
32,1.1620831936674103,3.5405571278254975,-0.0,3.7296220367091686,scramble,Dutch.Parsed.CSV,3
0,3.088936719101143,10.623105279450918,nan,0.0,manner,Dutch.Parsed.CSV,3
1,2.186030653507434,7.227759167916383,0.9029060655937089,0.9029060655937089,manner,Dutch.Parsed.CSV,3
2,1.6723692712655043,5.267425154075194,0.5136613822419298,1.9302288300775685,manner,Dutch.Parsed.CSV,3
3,1.3598024762293217,4.179125608838259,0.31256679503618257,2.867929215186116,manner,Dutch.Parsed.CSV,3
4,1.2136238354708981,3.764611986204225,0.14617864075842357,3.4526437782198105,manner,Dutch.Parsed.CSV,3
5,1.1801216685466933,3.6854220517055603,0.033502166924204824,3.6201546128408344,manner,Dutch.Parsed.CSV,3
6,1.1758272637911475,3.6766095184496566,0.0042944047555457665,3.645921041374109,manner,Dutch.Parsed.CSV,3
7,1.1752634961266062,3.6756464441442502,0.0005637676645413592,3.6498674150258985,manner,Dutch.Parsed.CSV,3
8,1.175203076635007,3.675531960516382,6.041949159918403e-05,3.650350770958692,manner,Dutch.Parsed.CSV,3
9,1.175198346866312,3.675521936114125,4.729768694922143e-06,3.6503933388769463,manner,Dutch.Parsed.CSV,3
10,1.1751968803329476,3.6755184920074178,1.4665333645247358e-06,3.6504080042105915,manner,Dutch.Parsed.CSV,3
11,1.1751967548845546,3.6755181072290144,1.2544839300687727e-07,3.6504093841429146,manner,Dutch.Parsed.CSV,3
12,1.1751967527430407,3.675518102915516,2.141513855136168e-09,3.650409409841081,manner,Dutch.Parsed.CSV,3
13,1.1751967527430407,3.675518102915516,-0.0,3.650409409841081,manner,Dutch.Parsed.CSV,3
14,1.1751967527430407,3.675518102915516,-0.0,3.650409409841081,manner,Dutch.Parsed.CSV,3
15,1.1751967527430407,3.675518102915516,-0.0,3.650409409841081,manner,Dutch.Parsed.CSV,3
16,1.1751967527430407,3.675518102915516,-0.0,3.650409409841081,manner,Dutch.Parsed.CSV,3
17,1.1751967527430407,3.675518102915516,-0.0,3.650409409841081,manner,Dutch.Parsed.CSV,3
18,1.1751967527430407,3.675518102915516,-0.0,3.650409409841081,manner,Dutch.Parsed.CSV,3
19,1.1751967527430407,3.675518102915516,-0.0,3.650409409841081,manner,Dutch.Parsed.CSV,3
20,1.1751967527430407,3.675518102915516,-0.0,3.650409409841081,manner,Dutch.Parsed.CSV,3
21,1.1751967527430407,3.675518102915516,-0.0,3.650409409841081,manner,Dutch.Parsed.CSV,3
22,1.1751967527430407,3.675518102915516,-0.0,3.650409409841081,manner,Dutch.Parsed.CSV,3
23,1.1751967527430407,3.675518102915516,-0.0,3.650409409841081,manner,Dutch.Parsed.CSV,3
24,1.1751967527430407,3.675518102915516,-0.0,3.650409409841081,manner,Dutch.Parsed.CSV,3
25,1.1751967527430407,3.675518102915516,-0.0,3.650409409841081,manner,Dutch.Parsed.CSV,3
26,1.1751967527430407,3.675518102915516,-0.0,3.650409409841081,manner,Dutch.Parsed.CSV,3
27,1.1751967527430407,3.675518102915516,-0.0,3.650409409841081,manner,Dutch.Parsed.CSV,3
28,1.1751967527430407,3.675518102915516,-0.0,3.650409409841081,manner,Dutch.Parsed.CSV,3
29,1.1751967527430407,3.675518102915516,-0.0,3.650409409841081,manner,Dutch.Parsed.CSV,3
30,1.1751967527430407,3.675518102915516,-0.0,3.650409409841081,manner,Dutch.Parsed.CSV,3
31,1.1751967527430407,3.675518102915516,-0.0,3.650409409841081,manner,Dutch.Parsed.CSV,3
32,1.1751967527430407,3.675518102915516,-0.0,3.650409409841081,manner,Dutch.Parsed.CSV,3
0,3.0889367191011425,10.623105279450918,nan,0.0,cv,Dutch.Parsed.CSV,3
1,2.3484130265108933,7.739799652500264,0.7405236925902492,0.7405236925902492,cv,Dutch.Parsed.CSV,3
2,1.7616317459500477,5.680663415506027,0.5867812805608457,1.9140862537119405,cv,Dutch.Parsed.CSV,3
3,1.3895567239726527,4.394465795039176,0.37207502197739495,3.0303113196441256,cv,Dutch.Parsed.CSV,3
4,1.2269976108696323,3.932693517705426,0.1625591131030204,3.680547772056207,cv,Dutch.Parsed.CSV,3
5,1.2014573706410498,3.8756344521157917,0.025540240228582478,3.8082489731991194,cv,Dutch.Parsed.CSV,3
6,1.1996288340420804,3.8722677582898797,0.0018285365989694213,3.819220192792936,cv,Dutch.Parsed.CSV,3
7,1.1995646189148497,3.8721569684956805,6.421512723076006e-05,3.819669698683551,cv,Dutch.Parsed.CSV,3
8,1.1995598344149896,3.872149939902337,4.784499860077673e-06,3.819707974682432,cv,Dutch.Parsed.CSV,3
9,1.1995598307379647,3.87214993031974,3.67702490677857e-09,3.819708007775656,cv,Dutch.Parsed.CSV,3
10,1.1995598307379647,3.87214993031974,-0.0,3.819708007775656,cv,Dutch.Parsed.CSV,3
11,1.1995598307379647,3.87214993031974,-0.0,3.819708007775656,cv,Dutch.Parsed.CSV,3
12,1.1995598307379647,3.87214993031974,-0.0,3.819708007775656,cv,Dutch.Parsed.CSV,3
13,1.1995598307379647,3.87214993031974,-0.0,3.819708007775656,cv,Dutch.Parsed.CSV,3
14,1.1995598307379647,3.87214993031974,-0.0,3.819708007775656,cv,Dutch.Parsed.CSV,3
15,1.1995598307379647,3.87214993031974,-0.0,3.819708007775656,cv,Dutch.Parsed.CSV,3
16,1.1995598307379647,3.87214993031974,-0.0,3.819708007775656,cv,Dutch.Parsed.CSV,3
17,1.1995598307379647,3.87214993031974,-0.0,3.819708007775656,cv,Dutch.Parsed.CSV,3
18,1.1995598307379647,3.87214993031974,-0.0,3.819708007775656,cv,Dutch.Parsed.CSV,3
19,1.1995598307379647,3.87214993031974,-0.0,3.819708007775656,cv,Dutch.Parsed.CSV,3
20,1.1995598307379647,3.87214993031974,-0.0,3.819708007775656,cv,Dutch.Parsed.CSV,3
21,1.1995598307379647,3.87214993031974,-0.0,3.819708007775656,cv,Dutch.Parsed.CSV,3
22,1.1995598307379647,3.87214993031974,-0.0,3.819708007775656,cv,Dutch.Parsed.CSV,3
23,1.1995598307379647,3.87214993031974,-0.0,3.819708007775656,cv,Dutch.Parsed.CSV,3
24,1.1995598307379647,3.87214993031974,-0.0,3.819708007775656,cv,Dutch.Parsed.CSV,3
25,1.1995598307379647,3.87214993031974,-0.0,3.819708007775656,cv,Dutch.Parsed.CSV,3
26,1.1995598307379647,3.87214993031974,-0.0,3.819708007775656,cv,Dutch.Parsed.CSV,3
27,1.1995598307379647,3.87214993031974,-0.0,3.819708007775656,cv,Dutch.Parsed.CSV,3
28,1.1995598307379647,3.87214993031974,-0.0,3.819708007775656,cv,Dutch.Parsed.CSV,3
29,1.1995598307379647,3.87214993031974,-0.0,3.819708007775656,cv,Dutch.Parsed.CSV,3
30,1.1995598307379647,3.87214993031974,-0.0,3.819708007775656,cv,Dutch.Parsed.CSV,3
31,1.1995598307379647,3.87214993031974,-0.0,3.819708007775656,cv,Dutch.Parsed.CSV,3
32,1.1995598307379647,3.87214993031974,-0.0,3.819708007775656,cv,Dutch.Parsed.CSV,3
0,3.088936719101143,10.623105279450918,nan,0.0,scramble,Dutch.Parsed.CSV,4
1,2.3875130522815633,8.007181196411528,0.7014236668195797,0.7014236668195797,scramble,Dutch.Parsed.CSV,4
2,1.6918028562973997,5.451667973572066,0.6957101959841636,2.092844058787907,scramble,Dutch.Parsed.CSV,4
3,1.3069180685226405,4.05963309748659,0.3848847877747592,3.2474984221121845,scramble,Dutch.Parsed.CSV,4
4,1.1833163024219828,3.7111734857963437,0.12360176610065765,3.741905486514815,scramble,Dutch.Parsed.CSV,4
5,1.1646117486320788,3.6701857187526086,0.018704553789903988,3.8354282554643353,scramble,Dutch.Parsed.CSV,4
6,1.1625750065237959,3.666443940343391,0.002036742108282974,3.847648708114033,scramble,Dutch.Parsed.CSV,4
7,1.1621873263303122,3.6657810998130027,0.0003876801934836749,3.850362469468419,scramble,Dutch.Parsed.CSV,4
8,1.1621066057615252,3.6656577913658683,8.072056878694056e-05,3.8510082340187144,scramble,Dutch.Parsed.CSV,4
9,1.1620857137991207,3.6656198100506363,2.08919624045123e-05,3.851196261680355,scramble,Dutch.Parsed.CSV,4
10,1.1620838191783183,3.6656173445679103,1.8946208024672728e-06,3.8512152078883797,scramble,Dutch.Parsed.CSV,4
11,1.1620833950291312,3.665616814814618,4.2414918710598215e-07,3.8512198735294376,scramble,Dutch.Parsed.CSV,4
12,1.1620832746181091,3.665616672864479,1.2041102204207732e-07,3.851221318461702,scramble,Dutch.Parsed.CSV,4
13,1.1620832317203078,3.665616628040453,4.289780131117027e-08,3.851221876133119,scramble,Dutch.Parsed.CSV,4
14,1.1620832194851218,3.66561660521924,1.2235185975484342e-08,3.851222047425723,scramble,Dutch.Parsed.CSV,4
15,1.1620832194851218,3.66561660521924,-0.0,3.851222047425723,scramble,Dutch.Parsed.CSV,4
16,1.1620831936674103,3.6656165786041908,2.5817711524211973e-08,3.851222460509107,scramble,Dutch.Parsed.CSV,4
17,1.1620831936674103,3.6656165786041908,-0.0,3.851222460509107,scramble,Dutch.Parsed.CSV,4
18,1.1620831936674103,3.6656165786041908,-0.0,3.851222460509107,scramble,Dutch.Parsed.CSV,4
19,1.1620831936674103,3.6656165786041908,-0.0,3.851222460509107,scramble,Dutch.Parsed.CSV,4
20,1.1620831936674103,3.6656165786041908,-0.0,3.851222460509107,scramble,Dutch.Parsed.CSV,4
21,1.1620831936674103,3.6656165786041908,-0.0,3.851222460509107,scramble,Dutch.Parsed.CSV,4
22,1.1620831936674103,3.6656165786041908,-0.0,3.851222460509107,scramble,Dutch.Parsed.CSV,4
23,1.1620831936674103,3.6656165786041908,-0.0,3.851222460509107,scramble,Dutch.Parsed.CSV,4
24,1.1620831936674103,3.6656165786041908,-0.0,3.851222460509107,scramble,Dutch.Parsed.CSV,4
25,1.1620831936674103,3.6656165786041908,-0.0,3.851222460509107,scramble,Dutch.Parsed.CSV,4
26,1.1620831936674103,3.6656165786041908,-0.0,3.851222460509107,scramble,Dutch.Parsed.CSV,4
27,1.1620831936674103,3.6656165786041908,-0.0,3.851222460509107,scramble,Dutch.Parsed.CSV,4
28,1.1620831936674103,3.6656165786041908,-0.0,3.851222460509107,scramble,Dutch.Parsed.CSV,4
29,1.1620831936674103,3.6656165786041908,-0.0,3.851222460509107,scramble,Dutch.Parsed.CSV,4
30,1.1620831936674103,3.6656165786041908,-0.0,3.851222460509107,scramble,Dutch.Parsed.CSV,4
31,1.1620831936674103,3.6656165786041908,-0.0,3.851222460509107,scramble,Dutch.Parsed.CSV,4
32,1.1620831936674103,3.6656165786041908,-0.0,3.851222460509107,scramble,Dutch.Parsed.CSV,4
0,3.088936719101143,10.623105279450918,nan,0.0,manner,Dutch.Parsed.CSV,4
1,2.176723385301116,7.163946520327549,0.9122133338000271,0.9122133338000271,manner,Dutch.Parsed.CSV,4
2,1.6705458619137772,5.247828335540003,0.5061775233873387,1.9245683805747045,manner,Dutch.Parsed.CSV,4
3,1.3606571601205346,4.178199351064833,0.30988870179324257,2.854234485954432,manner,Dutch.Parsed.CSV,4
4,1.2161540312837067,3.7666736127426512,0.14450312883682792,3.432247001301744,manner,Dutch.Parsed.CSV,4
5,1.1808864509542618,3.6849779420141027,0.03526758032944488,3.6085849029489685,manner,Dutch.Parsed.CSV,4
6,1.1762549975445697,3.6753967580494455,0.004631453409692066,3.636373623407121,manner,Dutch.Parsed.CSV,4
7,1.1757878240060247,3.674523209626741,0.0004671735385450848,3.6396438381769363,manner,Dutch.Parsed.CSV,4
8,1.175713992687669,3.6743825958875607,7.383131835569934e-05,3.640234488723782,manner,Dutch.Parsed.CSV,4
9,1.17570543311388,3.6743670146562035,8.559573788868846e-06,3.6403115248878817,manner,Dutch.Parsed.CSV,4
10,1.175701567370094,3.674351375535395,3.865743786191089e-06,3.6403501823257436,manner,Dutch.Parsed.CSV,4
11,1.1757003854831631,3.6743504086244925,1.181886930767817e-06,3.6403631830819823,manner,Dutch.Parsed.CSV,4
12,1.1757003822340213,3.674350405904836,3.2491418444635656e-09,3.6403632220716844,manner,Dutch.Parsed.CSV,4
13,1.1757003785740596,3.6743504001472935,3.659961667068501e-09,3.640363269651186,manner,Dutch.Parsed.CSV,4
14,1.1757003785740596,3.6743504001472935,-0.0,3.640363269651186,manner,Dutch.Parsed.CSV,4
15,1.1757003785740596,3.6743504001472935,-0.0,3.640363269651186,manner,Dutch.Parsed.CSV,4
16,1.1757003785740596,3.6743504001472935,-0.0,3.640363269651186,manner,Dutch.Parsed.CSV,4
17,1.1757003785740596,3.6743504001472935,-0.0,3.640363269651186,manner,Dutch.Parsed.CSV,4
18,1.1757003785740596,3.6743504001472935,-0.0,3.640363269651186,manner,Dutch.Parsed.CSV,4
19,1.1757003785740596,3.6743504001472935,-0.0,3.640363269651186,manner,Dutch.Parsed.CSV,4
20,1.1757003785740596,3.6743504001472935,-0.0,3.640363269651186,manner,Dutch.Parsed.CSV,4
21,1.1757003785740596,3.6743504001472935,-0.0,3.640363269651186,manner,Dutch.Parsed.CSV,4
22,1.1757003785740596,3.6743504001472935,-0.0,3.640363269651186,manner,Dutch.Parsed.CSV,4
23,1.1757003785740596,3.6743504001472935,-0.0,3.640363269651186,manner,Dutch.Parsed.CSV,4
24,1.1757003785740596,3.6743504001472935,-0.0,3.640363269651186,manner,Dutch.Parsed.CSV,4
25,1.1757003785740596,3.6743504001472935,-0.0,3.640363269651186,manner,Dutch.Parsed.CSV,4
26,1.1757003785740596,3.6743504001472935,-0.0,3.640363269651186,manner,Dutch.Parsed.CSV,4
27,1.1757003785740596,3.6743504001472935,-0.0,3.640363269651186,manner,Dutch.Parsed.CSV,4
28,1.1757003785740596,3.6743504001472935,-0.0,3.640363269651186,manner,Dutch.Parsed.CSV,4
29,1.1757003785740596,3.6743504001472935,-0.0,3.640363269651186,manner,Dutch.Parsed.CSV,4
30,1.1757003785740596,3.6743504001472935,-0.0,3.640363269651186,manner,Dutch.Parsed.CSV,4
31,1.1757003785740596,3.6743504001472935,-0.0,3.640363269651186,manner,Dutch.Parsed.CSV,4
32,1.1757003785740596,3.6743504001472935,-0.0,3.640363269651186,manner,Dutch.Parsed.CSV,4
0,3.0889367191011425,10.623105279450918,nan,0.0,cv,Dutch.Parsed.CSV,4
1,2.355408084451579,7.7492906599508125,0.7335286346495637,0.7335286346495637,cv,Dutch.Parsed.CSV,4
2,1.7738867408526326,5.665875523160192,0.5815213435989461,1.896571321847456,cv,Dutch.Parsed.CSV,4
3,1.4034607792636027,4.371195834093955,0.37042596158902996,3.007849206614546,cv,Dutch.Parsed.CSV,4
4,1.2409992907413865,3.9108770120852596,0.1624614885222162,3.657695160703411,cv,Dutch.Parsed.CSV,4
5,1.2147450242935265,3.8528193056343234,0.026254266447859997,3.788966492942711,cv,Dutch.Parsed.CSV,4
6,1.2130958367948514,3.849625377630091,0.001649187498675042,3.798861617934761,cv,Dutch.Parsed.CSV,4
7,1.2130363159542052,3.8495177691399998,5.952084064619889e-05,3.799278263819285,cv,Dutch.Parsed.CSV,4
8,1.2130348133551534,3.8495147594142507,1.5025990518502397e-06,3.7992902846116996,cv,Dutch.Parsed.CSV,4
9,1.213034348949366,3.8495142660929647,4.644057873814944e-07,3.7992944642637863,cv,Dutch.Parsed.CSV,4
10,1.213034346141175,3.849514257535984,2.8081910130595134e-09,3.7992944923456964,cv,Dutch.Parsed.CSV,4
11,1.213034346141175,3.849514257535984,-0.0,3.7992944923456964,cv,Dutch.Parsed.CSV,4
12,1.213034346141175,3.849514257535984,-0.0,3.7992944923456964,cv,Dutch.Parsed.CSV,4
13,1.213034346141175,3.849514257535984,-0.0,3.7992944923456964,cv,Dutch.Parsed.CSV,4
14,1.213034346141175,3.849514257535984,-0.0,3.7992944923456964,cv,Dutch.Parsed.CSV,4
15,1.213034346141175,3.849514257535984,-0.0,3.7992944923456964,cv,Dutch.Parsed.CSV,4
16,1.213034346141175,3.849514257535984,-0.0,3.7992944923456964,cv,Dutch.Parsed.CSV,4
17,1.213034346141175,3.849514257535984,-0.0,3.7992944923456964,cv,Dutch.Parsed.CSV,4
18,1.213034346141175,3.849514257535984,-0.0,3.7992944923456964,cv,Dutch.Parsed.CSV,4
19,1.213034346141175,3.849514257535984,-0.0,3.7992944923456964,cv,Dutch.Parsed.CSV,4
20,1.213034346141175,3.849514257535984,-0.0,3.7992944923456964,cv,Dutch.Parsed.CSV,4
21,1.213034346141175,3.849514257535984,-0.0,3.7992944923456964,cv,Dutch.Parsed.CSV,4
22,1.213034346141175,3.849514257535984,-0.0,3.7992944923456964,cv,Dutch.Parsed.CSV,4
23,1.213034346141175,3.849514257535984,-0.0,3.7992944923456964,cv,Dutch.Parsed.CSV,4
24,1.213034346141175,3.849514257535984,-0.0,3.7992944923456964,cv,Dutch.Parsed.CSV,4
25,1.213034346141175,3.849514257535984,-0.0,3.7992944923456964,cv,Dutch.Parsed.CSV,4
26,1.213034346141175,3.849514257535984,-0.0,3.7992944923456964,cv,Dutch.Parsed.CSV,4
27,1.213034346141175,3.849514257535984,-0.0,3.7992944923456964,cv,Dutch.Parsed.CSV,4
28,1.213034346141175,3.849514257535984,-0.0,3.7992944923456964,cv,Dutch.Parsed.CSV,4
29,1.213034346141175,3.849514257535984,-0.0,3.7992944923456964,cv,Dutch.Parsed.CSV,4
30,1.213034346141175,3.849514257535984,-0.0,3.7992944923456964,cv,Dutch.Parsed.CSV,4
31,1.213034346141175,3.849514257535984,-0.0,3.7992944923456964,cv,Dutch.Parsed.CSV,4
32,1.213034346141175,3.849514257535984,-0.0,3.7992944923456964,cv,Dutch.Parsed.CSV,4
0,3.088936719101143,10.623105279450918,nan,0.0,scramble,Dutch.Parsed.CSV,5
1,2.2764005118766213,7.7787757694257,0.8125362072245217,0.8125362072245217,scramble,Dutch.Parsed.CSV,5
2,1.685275249548504,5.392381052831689,0.5911252623281174,1.9947867318807564,scramble,Dutch.Parsed.CSV,5
3,1.305994405807623,4.040429543329023,0.379280843740881,3.132629263103399,scramble,Dutch.Parsed.CSV,5
4,1.1826165598438934,3.695195617620406,0.12337784596372958,3.6261406469583175,scramble,Dutch.Parsed.CSV,5
5,1.1648682367638499,3.6580041796976337,0.017748323080043482,3.714882262358535,scramble,Dutch.Parsed.CSV,5
6,1.1625246703738406,3.6540055901303883,0.0023435663900093218,3.728943660698591,scramble,Dutch.Parsed.CSV,5
7,1.1621772843894136,3.6534505764363674,0.0003473859844269622,3.7313753625895796,scramble,Dutch.Parsed.CSV,5
8,1.1621054370320525,3.6533292649830664,7.184735736109893e-05,3.7319501414484684,scramble,Dutch.Parsed.CSV,5
9,1.1620875291395742,3.6533038480490854,1.790789247824165e-05,3.7321113124807725,scramble,Dutch.Parsed.CSV,5
10,1.162084863015625,3.6532994451665477,2.666123949168764e-06,3.7321379737202642,scramble,Dutch.Parsed.CSV,5
11,1.1620835802352052,3.6532969101802597,1.2827804198867199e-06,3.732152084304883,scramble,Dutch.Parsed.CSV,5
12,1.1620832637401635,3.653296436961834,3.1649504173003606e-07,3.732155882245384,scramble,Dutch.Parsed.CSV,5
13,1.1620832350404706,3.653296389094163,2.8699692844469382e-08,3.732156255341391,scramble,Dutch.Parsed.CSV,5
14,1.1620832046794023,3.653296358493974,3.0361068326101304e-08,3.7321566803963475,scramble,Dutch.Parsed.CSV,5
15,1.1620831969206429,3.6532963487811703,7.758759412723748e-09,3.7321567967777387,scramble,Dutch.Parsed.CSV,5
16,1.1620831969206429,3.6532963487811703,-0.0,3.7321567967777387,scramble,Dutch.Parsed.CSV,5
17,1.1620831969206429,3.6532963487811703,-0.0,3.7321567967777387,scramble,Dutch.Parsed.CSV,5
18,1.1620831936674103,3.653296344517749,3.2532325722200994e-09,3.732156855335925,scramble,Dutch.Parsed.CSV,5
19,1.1620831936674103,3.653296344517749,-0.0,3.732156855335925,scramble,Dutch.Parsed.CSV,5
20,1.1620831936674103,3.653296344517749,-0.0,3.732156855335925,scramble,Dutch.Parsed.CSV,5
21,1.1620831936674103,3.653296344517749,-0.0,3.732156855335925,scramble,Dutch.Parsed.CSV,5
22,1.1620831936674103,3.653296344517749,-0.0,3.732156855335925,scramble,Dutch.Parsed.CSV,5
23,1.1620831936674103,3.653296344517749,-0.0,3.732156855335925,scramble,Dutch.Parsed.CSV,5
24,1.1620831936674103,3.653296344517749,-0.0,3.732156855335925,scramble,Dutch.Parsed.CSV,5
25,1.1620831936674103,3.653296344517749,-0.0,3.732156855335925,scramble,Dutch.Parsed.CSV,5
26,1.1620831936674103,3.653296344517749,-0.0,3.732156855335925,scramble,Dutch.Parsed.CSV,5
27,1.1620831936674103,3.653296344517749,-0.0,3.732156855335925,scramble,Dutch.Parsed.CSV,5
28,1.1620831936674103,3.653296344517749,-0.0,3.732156855335925,scramble,Dutch.Parsed.CSV,5
29,1.1620831936674103,3.653296344517749,-0.0,3.732156855335925,scramble,Dutch.Parsed.CSV,5
30,1.1620831936674103,3.653296344517749,-0.0,3.732156855335925,scramble,Dutch.Parsed.CSV,5
31,1.1620831936674103,3.653296344517749,-0.0,3.732156855335925,scramble,Dutch.Parsed.CSV,5
32,1.1620831936674103,3.653296344517749,-0.0,3.732156855335925,scramble,Dutch.Parsed.CSV,5
0,3.088936719101143,10.623105279450918,nan,0.0,manner,Dutch.Parsed.CSV,5
1,2.1820699736896363,7.194085446733148,0.9068667454115067,0.9068667454115067,manner,Dutch.Parsed.CSV,5
2,1.674412069660156,5.259906415199754,0.5076579040294802,1.922182553470467,manner,Dutch.Parsed.CSV,5
3,1.3603949521428156,4.173673049178655,0.3140171175173405,2.8642339060224886,manner,Dutch.Parsed.CSV,5
4,1.2182027095016945,3.76835516596249,0.14219224264112107,3.433002876586973,manner,Dutch.Parsed.CSV,5
5,1.1845986761918734,3.690249688243084,0.03360403330982109,3.6010230431360783,manner,Dutch.Parsed.CSV,5
6,1.180021079783915,3.6811176586291277,0.004577596407958406,3.628488621583829,manner,Dutch.Parsed.CSV,5
7,1.1795798270911448,3.680294897711844,0.00044125269277017765,3.63157739043322,manner,Dutch.Parsed.CSV,5
8,1.1795078728189743,3.6801765245239775,7.195427217054906e-05,3.6321530246105844,manner,Dutch.Parsed.CSV,5
9,1.1794939916527067,3.680151524130693,1.388116626754865e-05,3.6322779551069924,manner,Dutch.Parsed.CSV,5
10,1.1794763695255008,3.6801386702516186,1.762212720590739e-05,3.6324541763790514,manner,Dutch.Parsed.CSV,5
11,1.179475951235258,3.6801382469023327,4.182902428873092e-07,3.632458777571723,manner,Dutch.Parsed.CSV,5
12,1.179475858652295,3.6801381654218197,9.25829628517505e-08,3.6324598885672774,manner,Dutch.Parsed.CSV,5
13,1.179475858652295,3.6801381654218197,-0.0,3.6324598885672774,manner,Dutch.Parsed.CSV,5
14,1.179475858652295,3.6801381654218197,-0.0,3.6324598885672774,manner,Dutch.Parsed.CSV,5
15,1.179475858652295,3.6801381654218197,-0.0,3.6324598885672774,manner,Dutch.Parsed.CSV,5
16,1.179475858652295,3.6801381654218197,-0.0,3.6324598885672774,manner,Dutch.Parsed.CSV,5
17,1.179475858652295,3.6801381654218197,-0.0,3.6324598885672774,manner,Dutch.Parsed.CSV,5
18,1.179475858652295,3.6801381654218197,-0.0,3.6324598885672774,manner,Dutch.Parsed.CSV,5
19,1.179475858652295,3.6801381654218197,-0.0,3.6324598885672774,manner,Dutch.Parsed.CSV,5
20,1.179475858652295,3.6801381654218197,-0.0,3.6324598885672774,manner,Dutch.Parsed.CSV,5
21,1.179475858652295,3.6801381654218197,-0.0,3.6324598885672774,manner,Dutch.Parsed.CSV,5
22,1.179475858652295,3.6801381654218197,-0.0,3.6324598885672774,manner,Dutch.Parsed.CSV,5
23,1.179475858652295,3.6801381654218197,-0.0,3.6324598885672774,manner,Dutch.Parsed.CSV,5
24,1.179475858652295,3.6801381654218197,-0.0,3.6324598885672774,manner,Dutch.Parsed.CSV,5
25,1.179475858652295,3.6801381654218197,-0.0,3.6324598885672774,manner,Dutch.Parsed.CSV,5
26,1.179475858652295,3.6801381654218197,-0.0,3.6324598885672774,manner,Dutch.Parsed.CSV,5
27,1.179475858652295,3.6801381654218197,-0.0,3.6324598885672774,manner,Dutch.Parsed.CSV,5
28,1.179475858652295,3.6801381654218197,-0.0,3.6324598885672774,manner,Dutch.Parsed.CSV,5
29,1.179475858652295,3.6801381654218197,-0.0,3.6324598885672774,manner,Dutch.Parsed.CSV,5
30,1.179475858652295,3.6801381654218197,-0.0,3.6324598885672774,manner,Dutch.Parsed.CSV,5
31,1.179475858652295,3.6801381654218197,-0.0,3.6324598885672774,manner,Dutch.Parsed.CSV,5
32,1.179475858652295,3.6801381654218197,-0.0,3.6324598885672774,manner,Dutch.Parsed.CSV,5
0,3.088936719101143,10.623105279450918,nan,0.0,cv,Dutch.Parsed.CSV,5
1,2.342921933910284,7.713204784675332,0.7460147851908592,0.7460147851908592,cv,Dutch.Parsed.CSV,5
2,1.758878953832983,5.6459463881096354,0.5840429800773008,1.9141007453454608,cv,Dutch.Parsed.CSV,5
3,1.3899326018273201,4.352637037746314,0.36894635200566284,3.0209398013624496,cv,Dutch.Parsed.CSV,5
4,1.230294292302795,3.898008779801889,0.15963830952452507,3.65949303946055,cv,Dutch.Parsed.CSV,5
5,1.2042442984162263,3.8402958623284893,0.026049993886568812,3.789743008893394,cv,Dutch.Parsed.CSV,5
6,1.2026379473112514,3.837187994008253,0.001606351104974868,3.7993811155232433,cv,Dutch.Parsed.CSV,5
7,1.2025802276640083,3.837072955567509,5.771964724310408e-05,3.799785153053945,cv,Dutch.Parsed.CSV,5
8,1.2025754658739762,3.837067384870026,4.761790032059565e-06,3.7998232473742015,cv,Dutch.Parsed.CSV,5
9,1.2025752730800812,3.8370672011216365,1.9279389507076417e-07,3.799824982519257,cv,Dutch.Parsed.CSV,5
10,1.2025752730800812,3.8370672011216365,-0.0,3.799824982519257,cv,Dutch.Parsed.CSV,5
11,1.2025752730800812,3.8370672011216365,-0.0,3.799824982519257,cv,Dutch.Parsed.CSV,5
12,1.2025752730800812,3.8370672011216365,-0.0,3.799824982519257,cv,Dutch.Parsed.CSV,5
13,1.2025752730800812,3.8370672011216365,-0.0,3.799824982519257,cv,Dutch.Parsed.CSV,5
14,1.2025752730800812,3.8370672011216365,-0.0,3.799824982519257,cv,Dutch.Parsed.CSV,5
15,1.2025752730800812,3.8370672011216365,-0.0,3.799824982519257,cv,Dutch.Parsed.CSV,5
16,1.2025752730800812,3.8370672011216365,-0.0,3.799824982519257,cv,Dutch.Parsed.CSV,5
17,1.2025752730800812,3.8370672011216365,-0.0,3.799824982519257,cv,Dutch.Parsed.CSV,5
18,1.2025752730800812,3.8370672011216365,-0.0,3.799824982519257,cv,Dutch.Parsed.CSV,5
19,1.2025752730800812,3.8370672011216365,-0.0,3.799824982519257,cv,Dutch.Parsed.CSV,5
20,1.2025752730800812,3.8370672011216365,-0.0,3.799824982519257,cv,Dutch.Parsed.CSV,5
21,1.2025752730800812,3.8370672011216365,-0.0,3.799824982519257,cv,Dutch.Parsed.CSV,5
22,1.2025752730800812,3.8370672011216365,-0.0,3.799824982519257,cv,Dutch.Parsed.CSV,5
23,1.2025752730800812,3.8370672011216365,-0.0,3.799824982519257,cv,Dutch.Parsed.CSV,5
24,1.2025752730800812,3.8370672011216365,-0.0,3.799824982519257,cv,Dutch.Parsed.CSV,5
25,1.2025752730800812,3.8370672011216365,-0.0,3.799824982519257,cv,Dutch.Parsed.CSV,5
26,1.2025752730800812,3.8370672011216365,-0.0,3.799824982519257,cv,Dutch.Parsed.CSV,5
27,1.2025752730800812,3.8370672011216365,-0.0,3.799824982519257,cv,Dutch.Parsed.CSV,5
28,1.2025752730800812,3.8370672011216365,-0.0,3.799824982519257,cv,Dutch.Parsed.CSV,5
29,1.2025752730800812,3.8370672011216365,-0.0,3.799824982519257,cv,Dutch.Parsed.CSV,5
30,1.2025752730800812,3.8370672011216365,-0.0,3.799824982519257,cv,Dutch.Parsed.CSV,5
31,1.2025752730800812,3.8370672011216365,-0.0,3.799824982519257,cv,Dutch.Parsed.CSV,5
32,1.2025752730800812,3.8370672011216365,-0.0,3.799824982519257,cv,Dutch.Parsed.CSV,5
0,3.088936719101143,10.623105279450918,nan,0.0,scramble,Dutch.Parsed.CSV,6
1,2.300914096701199,7.687656726989697,0.7880226223999438,0.7880226223999438,scramble,Dutch.Parsed.CSV,6
2,1.6531279049700107,5.238509937581784,0.6477861917311885,2.0835950058623207,scramble,Dutch.Parsed.CSV,6
3,1.3025861696518277,4.00426828332385,0.350541735318183,3.1352202118168697,scramble,Dutch.Parsed.CSV,6
4,1.183626507230215,3.669795788328639,0.11895966242161271,3.6110588615033206,scramble,Dutch.Parsed.CSV,6
5,1.1656531289210075,3.630118121927385,0.017973378309207533,3.7009257530493582,scramble,Dutch.Parsed.CSV,6
6,1.1630632372925074,3.6254948963614986,0.002589891628500096,3.716465102820359,scramble,Dutch.Parsed.CSV,6
7,1.1624962741932376,3.624562343281446,0.000566963099269735,3.720433844515247,scramble,Dutch.Parsed.CSV,6
8,1.1624602852503696,3.6245082586439654,3.598894286804821e-05,3.7207217560581913,scramble,Dutch.Parsed.CSV,6
9,1.1621014136830226,3.6239893600003024,0.00035887156734704106,3.7239516001643147,scramble,Dutch.Parsed.CSV,6
10,1.16208435116795,3.6239620576814953,1.706251507260781e-05,3.724122225315041,scramble,Dutch.Parsed.CSV,6
11,1.1620836074487915,3.623960754256817,7.437191584802605e-07,3.7241304062257843,scramble,Dutch.Parsed.CSV,6
12,1.16208344949453,3.6239605239494965,1.5795426144826763e-07,3.7241323016769217,scramble,Dutch.Parsed.CSV,6
13,1.1620833694239723,3.623960392324322,8.007055773973093e-08,3.7241333425941723,scramble,Dutch.Parsed.CSV,6
14,1.1620833402346413,3.6239603531776465,2.9189330952306136e-08,3.7241337512448056,scramble,Dutch.Parsed.CSV,6
15,1.16208322364079,3.623960269738018,1.1659385124040966e-07,3.724135500152574,scramble,Dutch.Parsed.CSV,6
16,1.1620831936674103,3.623960235139653,2.997337977816983e-08,3.7241359797266504,scramble,Dutch.Parsed.CSV,6
17,1.1620831936674103,3.623960235139653,-0.0,3.7241359797266504,scramble,Dutch.Parsed.CSV,6
18,1.1620831936674103,3.623960235139653,-0.0,3.7241359797266504,scramble,Dutch.Parsed.CSV,6
19,1.1620831936674103,3.623960235139653,-0.0,3.7241359797266504,scramble,Dutch.Parsed.CSV,6
20,1.1620831936674103,3.623960235139653,-0.0,3.7241359797266504,scramble,Dutch.Parsed.CSV,6
21,1.1620831936674103,3.623960235139653,-0.0,3.7241359797266504,scramble,Dutch.Parsed.CSV,6
22,1.1620831936674103,3.623960235139653,-0.0,3.7241359797266504,scramble,Dutch.Parsed.CSV,6
23,1.1620831936674103,3.623960235139653,-0.0,3.7241359797266504,scramble,Dutch.Parsed.CSV,6
24,1.1620831936674103,3.623960235139653,-0.0,3.7241359797266504,scramble,Dutch.Parsed.CSV,6
25,1.1620831936674103,3.623960235139653,-0.0,3.7241359797266504,scramble,Dutch.Parsed.CSV,6
26,1.1620831936674103,3.623960235139653,-0.0,3.7241359797266504,scramble,Dutch.Parsed.CSV,6
27,1.1620831936674103,3.623960235139653,-0.0,3.7241359797266504,scramble,Dutch.Parsed.CSV,6
28,1.1620831936674103,3.623960235139653,-0.0,3.7241359797266504,scramble,Dutch.Parsed.CSV,6
29,1.1620831936674103,3.623960235139653,-0.0,3.7241359797266504,scramble,Dutch.Parsed.CSV,6
30,1.1620831936674103,3.623960235139653,-0.0,3.7241359797266504,scramble,Dutch.Parsed.CSV,6
31,1.1620831936674103,3.623960235139653,-0.0,3.7241359797266504,scramble,Dutch.Parsed.CSV,6
32,1.1620831936674103,3.623960235139653,-0.0,3.7241359797266504,scramble,Dutch.Parsed.CSV,6
0,3.088936719101143,10.623105279450918,nan,0.0,manner,Dutch.Parsed.CSV,6
1,2.179865277801825,7.186015182761551,0.9090714412993179,0.9090714412993179,manner,Dutch.Parsed.CSV,6
2,1.6711872696392436,5.253869885262229,0.5086780081625815,1.9264274576244809,manner,Dutch.Parsed.CSV,6
3,1.3614340697290495,4.184970678941316,0.3097531999101941,2.8556870573550635,manner,Dutch.Parsed.CSV,6
4,1.2167717586094764,3.7724175377368283,0.14466231111957306,3.4343363018333557,manner,Dutch.Parsed.CSV,6
5,1.1830747196643632,3.693203941088682,0.03369703894511322,3.6028214965589216,manner,Dutch.Parsed.CSV,6
6,1.1785206489212883,3.683875462358696,0.0045540707430749006,3.630145921017371,manner,Dutch.Parsed.CSV,6
7,1.1779615981574105,3.682954177806269,0.0005590507638777442,3.634059276364515,manner,Dutch.Parsed.CSV,6
8,1.1778869736675475,3.6828508297500644,7.462448986306214e-05,3.6346562722834195,manner,Dutch.Parsed.CSV,6
9,1.1778761785939051,3.682834902429513,1.079507364232235e-05,3.6347534279462,manner,Dutch.Parsed.CSV,6
10,1.1778750507434796,3.682832938120367,1.1278504254974564e-06,3.634764706450455,manner,Dutch.Parsed.CSV,6
11,1.1778747974405301,3.682832454264694,2.5330294950443033e-07,3.6347674927829,manner,Dutch.Parsed.CSV,6
12,1.1778747974405301,3.682832454264694,-0.0,3.6347674927829,manner,Dutch.Parsed.CSV,6
13,1.1778747974405301,3.682832454264694,-0.0,3.6347674927829,manner,Dutch.Parsed.CSV,6
14,1.1778747974405301,3.682832454264694,-0.0,3.6347674927829,manner,Dutch.Parsed.CSV,6
15,1.1778747974405301,3.682832454264694,-0.0,3.6347674927829,manner,Dutch.Parsed.CSV,6
16,1.1778747974405301,3.682832454264694,-0.0,3.6347674927829,manner,Dutch.Parsed.CSV,6
17,1.1778747974405301,3.682832454264694,-0.0,3.6347674927829,manner,Dutch.Parsed.CSV,6
18,1.1778747974405301,3.682832454264694,-0.0,3.6347674927829,manner,Dutch.Parsed.CSV,6
19,1.1778747974405301,3.682832454264694,-0.0,3.6347674927829,manner,Dutch.Parsed.CSV,6
20,1.1778747974405301,3.682832454264694,-0.0,3.6347674927829,manner,Dutch.Parsed.CSV,6
21,1.1778747974405301,3.682832454264694,-0.0,3.6347674927829,manner,Dutch.Parsed.CSV,6
22,1.1778747974405301,3.682832454264694,-0.0,3.6347674927829,manner,Dutch.Parsed.CSV,6
23,1.1778747974405301,3.682832454264694,-0.0,3.6347674927829,manner,Dutch.Parsed.CSV,6
24,1.1778747974405301,3.682832454264694,-0.0,3.6347674927829,manner,Dutch.Parsed.CSV,6
25,1.1778747974405301,3.682832454264694,-0.0,3.6347674927829,manner,Dutch.Parsed.CSV,6
26,1.1778747974405301,3.682832454264694,-0.0,3.6347674927829,manner,Dutch.Parsed.CSV,6
27,1.1778747974405301,3.682832454264694,-0.0,3.6347674927829,manner,Dutch.Parsed.CSV,6
28,1.1778747974405301,3.682832454264694,-0.0,3.6347674927829,manner,Dutch.Parsed.CSV,6
29,1.1778747974405301,3.682832454264694,-0.0,3.6347674927829,manner,Dutch.Parsed.CSV,6
30,1.1778747974405301,3.682832454264694,-0.0,3.6347674927829,manner,Dutch.Parsed.CSV,6
31,1.1778747974405301,3.682832454264694,-0.0,3.6347674927829,manner,Dutch.Parsed.CSV,6
32,1.1778747974405301,3.682832454264694,-0.0,3.6347674927829,manner,Dutch.Parsed.CSV,6
0,3.088936719101143,10.623105279450918,nan,0.0,cv,Dutch.Parsed.CSV,6
1,2.3753259911334794,7.782510054220777,0.7136107279676636,0.7136107279676636,cv,Dutch.Parsed.CSV,6
2,1.7819783827820608,5.70185722758003,0.5933476083514186,1.9003059446705008,cv,Dutch.Parsed.CSV,6
3,1.4097899907620615,4.3978276739063,0.3721883920199993,3.0168711207304986,cv,Dutch.Parsed.CSV,6
4,1.2471628498708889,3.9364441904107808,0.16262714089117258,3.667379684295189,cv,Dutch.Parsed.CSV,6
5,1.2205515679216064,3.8778234796672493,0.026611281949282528,3.8004360940416015,cv,Dutch.Parsed.CSV,6
6,1.218840880799564,3.874699407222958,0.0017106871220422537,3.810700216773855,cv,Dutch.Parsed.CSV,6
7,1.2187475981414733,3.8745428935069524,9.328265809083192e-05,3.811353195380491,cv,Dutch.Parsed.CSV,6
8,1.2187447675847907,3.874538108517896,2.8305566825981288e-06,3.8113758398339517,cv,Dutch.Parsed.CSV,6
9,1.2187443787231576,3.874537759721184,3.888616331160222e-07,3.8113793395886497,cv,Dutch.Parsed.CSV,6
10,1.2187443787231576,3.874537759721184,-0.0,3.8113793395886497,cv,Dutch.Parsed.CSV,6
11,1.2187443787231576,3.874537759721184,-0.0,3.8113793395886497,cv,Dutch.Parsed.CSV,6
12,1.2187443787231576,3.874537759721184,-0.0,3.8113793395886497,cv,Dutch.Parsed.CSV,6
13,1.2187443787231576,3.874537759721184,-0.0,3.8113793395886497,cv,Dutch.Parsed.CSV,6
14,1.2187443787231576,3.874537759721184,-0.0,3.8113793395886497,cv,Dutch.Parsed.CSV,6
15,1.2187443787231576,3.874537759721184,-0.0,3.8113793395886497,cv,Dutch.Parsed.CSV,6
16,1.2187443787231576,3.874537759721184,-0.0,3.8113793395886497,cv,Dutch.Parsed.CSV,6
17,1.2187443787231576,3.874537759721184,-0.0,3.8113793395886497,cv,Dutch.Parsed.CSV,6
18,1.2187443787231576,3.874537759721184,-0.0,3.8113793395886497,cv,Dutch.Parsed.CSV,6
19,1.2187443787231576,3.874537759721184,-0.0,3.8113793395886497,cv,Dutch.Parsed.CSV,6
20,1.2187443787231576,3.874537759721184,-0.0,3.8113793395886497,cv,Dutch.Parsed.CSV,6
21,1.2187443787231576,3.874537759721184,-0.0,3.8113793395886497,cv,Dutch.Parsed.CSV,6
22,1.2187443787231576,3.874537759721184,-0.0,3.8113793395886497,cv,Dutch.Parsed.CSV,6
23,1.2187443787231576,3.874537759721184,-0.0,3.8113793395886497,cv,Dutch.Parsed.CSV,6
24,1.2187443787231576,3.874537759721184,-0.0,3.8113793395886497,cv,Dutch.Parsed.CSV,6
25,1.2187443787231576,3.874537759721184,-0.0,3.8113793395886497,cv,Dutch.Parsed.CSV,6
26,1.2187443787231576,3.874537759721184,-0.0,3.8113793395886497,cv,Dutch.Parsed.CSV,6
27,1.2187443787231576,3.874537759721184,-0.0,3.8113793395886497,cv,Dutch.Parsed.CSV,6
28,1.2187443787231576,3.874537759721184,-0.0,3.8113793395886497,cv,Dutch.Parsed.CSV,6
29,1.2187443787231576,3.874537759721184,-0.0,3.8113793395886497,cv,Dutch.Parsed.CSV,6
30,1.2187443787231576,3.874537759721184,-0.0,3.8113793395886497,cv,Dutch.Parsed.CSV,6
31,1.2187443787231576,3.874537759721184,-0.0,3.8113793395886497,cv,Dutch.Parsed.CSV,6
32,1.2187443787231576,3.874537759721184,-0.0,3.8113793395886497,cv,Dutch.Parsed.CSV,6
0,3.0889367191011425,10.623105279450918,nan,0.0,scramble,Dutch.Parsed.CSV,7
1,2.337184951719602,7.876065163243947,0.7517517673815406,0.7517517673815406,scramble,Dutch.Parsed.CSV,7
2,1.6913763502457204,5.465847667260249,0.6458086014738815,2.0433689703293036,scramble,Dutch.Parsed.CSV,7
3,1.3024632755648793,4.07553708572641,0.38891307468084113,3.210108194371827,scramble,Dutch.Parsed.CSV,7
4,1.1828390943533549,3.7438174610725383,0.1196241812115244,3.6886049192179247,scramble,Dutch.Parsed.CSV,7
5,1.1643406635438245,3.703271895526425,0.018498430809530397,3.7810970732655766,scramble,Dutch.Parsed.CSV,7
6,1.1624236920245903,3.6998339989696856,0.0019169715192342007,3.792598902380982,scramble,Dutch.Parsed.CSV,7
7,1.1621788483400153,3.6994092024244365,0.0002448436845750024,3.794312808173007,scramble,Dutch.Parsed.CSV,7
8,1.1621092810825393,3.699294343469356,6.956725747597758e-05,3.7948693462328147,scramble,Dutch.Parsed.CSV,7
9,1.1620894314304075,3.6992612538120633,1.9849652131753714e-05,3.7950479931020005,scramble,Dutch.Parsed.CSV,7
10,1.1620854162426375,3.6992539761580785,4.015187770045614e-06,3.795088144979701,scramble,Dutch.Parsed.CSV,7
11,1.1620841820148342,3.699252117576481,1.2342278032928533e-06,3.795101721485537,scramble,Dutch.Parsed.CSV,7
12,1.1620836890408095,3.6992513029663208,4.929740247128223e-07,3.7951076371738335,scramble,Dutch.Parsed.CSV,7
13,1.1620834902749473,3.6992511460629856,1.9876586221379e-07,3.7951102211300425,scramble,Dutch.Parsed.CSV,7
14,1.1620832167258968,3.6992507585048755,2.735490505223481e-07,3.79511405081675,scramble,Dutch.Parsed.CSV,7
15,1.162083205075888,3.699250733085158,1.1650008735486495e-08,3.7951142255668806,scramble,Dutch.Parsed.CSV,7
16,1.1620832014534397,3.699250728317192,3.6224483412894415e-09,3.795114283526054,scramble,Dutch.Parsed.CSV,7
17,1.1620831952835282,3.699250723665026,6.169911470621514e-09,3.7951143884145493,scramble,Dutch.Parsed.CSV,7
18,1.1620831944754693,3.699250723104922,8.080589530834459e-10,3.7951144029596104,scramble,Dutch.Parsed.CSV,7
19,1.1620831936674103,3.6992507225448183,8.080589530834459e-10,3.7951144183127306,scramble,Dutch.Parsed.CSV,7
20,1.1620831936674103,3.6992507225448183,-0.0,3.7951144183127306,scramble,Dutch.Parsed.CSV,7
21,1.1620831936674103,3.6992507225448183,-0.0,3.7951144183127306,scramble,Dutch.Parsed.CSV,7
22,1.1620831936674103,3.6992507225448183,-0.0,3.7951144183127306,scramble,Dutch.Parsed.CSV,7
23,1.1620831936674103,3.6992507225448183,-0.0,3.7951144183127306,scramble,Dutch.Parsed.CSV,7
24,1.1620831936674103,3.6992507225448183,-0.0,3.7951144183127306,scramble,Dutch.Parsed.CSV,7
25,1.1620831936674103,3.6992507225448183,-0.0,3.7951144183127306,scramble,Dutch.Parsed.CSV,7
26,1.1620831936674103,3.6992507225448183,-0.0,3.7951144183127306,scramble,Dutch.Parsed.CSV,7
27,1.1620831936674103,3.6992507225448183,-0.0,3.7951144183127306,scramble,Dutch.Parsed.CSV,7
28,1.1620831936674103,3.6992507225448183,-0.0,3.7951144183127306,scramble,Dutch.Parsed.CSV,7
29,1.1620831936674103,3.6992507225448183,-0.0,3.7951144183127306,scramble,Dutch.Parsed.CSV,7
30,1.1620831936674103,3.6992507225448183,-0.0,3.7951144183127306,scramble,Dutch.Parsed.CSV,7
31,1.1620831936674103,3.6992507225448183,-0.0,3.7951144183127306,scramble,Dutch.Parsed.CSV,7
32,1.1620831936674103,3.6992507225448183,-0.0,3.7951144183127306,scramble,Dutch.Parsed.CSV,7
0,3.088936719101143,10.623105279450918,nan,0.0,manner,Dutch.Parsed.CSV,7
1,2.1810502059266854,7.187271850564605,0.9078865131744576,0.9078865131744576,manner,Dutch.Parsed.CSV,7
2,1.6710214965552062,5.243491684231384,0.5100287093714793,1.927943931917416,manner,Dutch.Parsed.CSV,7
3,1.3589939913486548,4.163046317855524,0.3120275052065513,2.86402644753707,manner,Dutch.Parsed.CSV,7
4,1.2157795428620404,3.7545451707971544,0.14321444848661447,3.436884241483528,manner,Dutch.Parsed.CSV,7
5,1.1821095543732079,3.675798951173188,0.033669988488832514,3.6052341839276902,manner,Dutch.Parsed.CSV,7
6,1.1775908838093525,3.6668165388983067,0.004518670563855354,3.6323462073108224,manner,Dutch.Parsed.CSV,7
7,1.177084989832118,3.665892957616081,0.0005058939772344395,3.6358874651514634,manner,Dutch.Parsed.CSV,7
8,1.1770312203841113,3.6657914881987077,5.376944800672412e-05,3.6363176207355172,manner,Dutch.Parsed.CSV,7
9,1.1769908363945196,3.665753218573594,4.038398959171907e-05,3.6366810766418425,manner,Dutch.Parsed.CSV,7
10,1.1769898197802993,3.6657514605557964,1.016614220361589e-06,3.636691242784046,manner,Dutch.Parsed.CSV,7
11,1.1769880120273943,3.665749544481562,1.8077529049254082e-06,3.6367111280660005,manner,Dutch.Parsed.CSV,7
12,1.1769879765535056,3.665749438043163,3.547388871538715e-08,3.636711553752665,manner,Dutch.Parsed.CSV,7
13,1.1769879765535056,3.665749438043163,-0.0,3.636711553752665,manner,Dutch.Parsed.CSV,7
14,1.1769879765535056,3.665749438043163,-0.0,3.636711553752665,manner,Dutch.Parsed.CSV,7
15,1.1769879765535056,3.665749438043163,-0.0,3.636711553752665,manner,Dutch.Parsed.CSV,7
16,1.1769879765535056,3.665749438043163,-0.0,3.636711553752665,manner,Dutch.Parsed.CSV,7
17,1.1769879765535056,3.665749438043163,-0.0,3.636711553752665,manner,Dutch.Parsed.CSV,7
18,1.1769879765535056,3.665749438043163,-0.0,3.636711553752665,manner,Dutch.Parsed.CSV,7
19,1.1769879765535056,3.665749438043163,-0.0,3.636711553752665,manner,Dutch.Parsed.CSV,7
20,1.1769879765535056,3.665749438043163,-0.0,3.636711553752665,manner,Dutch.Parsed.CSV,7
21,1.1769879765535056,3.665749438043163,-0.0,3.636711553752665,manner,Dutch.Parsed.CSV,7
22,1.1769879765535056,3.665749438043163,-0.0,3.636711553752665,manner,Dutch.Parsed.CSV,7
23,1.1769879765535056,3.665749438043163,-0.0,3.636711553752665,manner,Dutch.Parsed.CSV,7
24,1.1769879765535056,3.665749438043163,-0.0,3.636711553752665,manner,Dutch.Parsed.CSV,7
25,1.1769879765535056,3.665749438043163,-0.0,3.636711553752665,manner,Dutch.Parsed.CSV,7
26,1.1769879765535056,3.665749438043163,-0.0,3.636711553752665,manner,Dutch.Parsed.CSV,7
27,1.1769879765535056,3.665749438043163,-0.0,3.636711553752665,manner,Dutch.Parsed.CSV,7
28,1.1769879765535056,3.665749438043163,-0.0,3.636711553752665,manner,Dutch.Parsed.CSV,7
29,1.1769879765535056,3.665749438043163,-0.0,3.636711553752665,manner,Dutch.Parsed.CSV,7
30,1.1769879765535056,3.665749438043163,-0.0,3.636711553752665,manner,Dutch.Parsed.CSV,7
31,1.1769879765535056,3.665749438043163,-0.0,3.636711553752665,manner,Dutch.Parsed.CSV,7
32,1.1769879765535056,3.665749438043163,-0.0,3.636711553752665,manner,Dutch.Parsed.CSV,7
0,3.088936719101143,10.623105279450918,nan,0.0,cv,Dutch.Parsed.CSV,7
1,2.3582963540956436,7.716392532588853,0.7306403650054993,0.7306403650054993,cv,Dutch.Parsed.CSV,7
2,1.7710995517766752,5.649397554792631,0.5871968023189684,1.9050339696434362,cv,Dutch.Parsed.CSV,7
3,1.402453220239862,4.359066850555593,0.36864633153681314,3.0109729642538756,cv,Dutch.Parsed.CSV,7
4,1.238400319082324,3.8933092753405796,0.164052901157538,3.6671845688840277,cv,Dutch.Parsed.CSV,7
5,1.2123998614555915,3.835284608663915,0.02600045762673253,3.7971868570176905,cv,Dutch.Parsed.CSV,7
6,1.210866070790382,3.832320792782672,0.0015337906652095334,3.8063896010089477,cv,Dutch.Parsed.CSV,7
7,1.2107860042498622,3.8321731211568615,8.006654051984086e-05,3.8069500667925866,cv,Dutch.Parsed.CSV,7
8,1.2107844603547857,3.832169745980475,1.5438950764501413e-06,3.8069624179531982,cv,Dutch.Parsed.CSV,7
9,1.210784371273506,3.832169574271294,8.908127968609847e-08,3.8069632196847154,cv,Dutch.Parsed.CSV,7
10,1.2107843528730091,3.832169539810012,1.8400496903936414e-08,3.8069634036896844,cv,Dutch.Parsed.CSV,7
11,1.2107843528730091,3.832169539810012,-0.0,3.8069634036896844,cv,Dutch.Parsed.CSV,7
12,1.2107843528730091,3.832169539810012,-0.0,3.8069634036896844,cv,Dutch.Parsed.CSV,7
13,1.2107843528730091,3.832169539810012,-0.0,3.8069634036896844,cv,Dutch.Parsed.CSV,7
14,1.2107843528730091,3.832169539810012,-0.0,3.8069634036896844,cv,Dutch.Parsed.CSV,7
15,1.2107843528730091,3.832169539810012,-0.0,3.8069634036896844,cv,Dutch.Parsed.CSV,7
16,1.2107843528730091,3.832169539810012,-0.0,3.8069634036896844,cv,Dutch.Parsed.CSV,7
17,1.2107843528730091,3.832169539810012,-0.0,3.8069634036896844,cv,Dutch.Parsed.CSV,7
18,1.2107843528730091,3.832169539810012,-0.0,3.8069634036896844,cv,Dutch.Parsed.CSV,7
19,1.2107843528730091,3.832169539810012,-0.0,3.8069634036896844,cv,Dutch.Parsed.CSV,7
20,1.2107843528730091,3.832169539810012,-0.0,3.8069634036896844,cv,Dutch.Parsed.CSV,7
21,1.2107843528730091,3.832169539810012,-0.0,3.8069634036896844,cv,Dutch.Parsed.CSV,7
22,1.2107843528730091,3.832169539810012,-0.0,3.8069634036896844,cv,Dutch.Parsed.CSV,7
23,1.2107843528730091,3.832169539810012,-0.0,3.8069634036896844,cv,Dutch.Parsed.CSV,7
24,1.2107843528730091,3.832169539810012,-0.0,3.8069634036896844,cv,Dutch.Parsed.CSV,7
25,1.2107843528730091,3.832169539810012,-0.0,3.8069634036896844,cv,Dutch.Parsed.CSV,7
26,1.2107843528730091,3.832169539810012,-0.0,3.8069634036896844,cv,Dutch.Parsed.CSV,7
27,1.2107843528730091,3.832169539810012,-0.0,3.8069634036896844,cv,Dutch.Parsed.CSV,7
28,1.2107843528730091,3.832169539810012,-0.0,3.8069634036896844,cv,Dutch.Parsed.CSV,7
29,1.2107843528730091,3.832169539810012,-0.0,3.8069634036896844,cv,Dutch.Parsed.CSV,7
30,1.2107843528730091,3.832169539810012,-0.0,3.8069634036896844,cv,Dutch.Parsed.CSV,7
31,1.2107843528730091,3.832169539810012,-0.0,3.8069634036896844,cv,Dutch.Parsed.CSV,7
32,1.2107843528730091,3.832169539810012,-0.0,3.8069634036896844,cv,Dutch.Parsed.CSV,7
0,3.088936719101143,10.623105279450918,nan,0.0,scramble,Dutch.Parsed.CSV,8
1,2.325602777923352,7.774255789620605,0.7633339411777911,0.7633339411777911,scramble,Dutch.Parsed.CSV,8
2,1.6676196403509804,5.3308398075147965,0.6579831375723715,2.079300216322534,scramble,Dutch.Parsed.CSV,8
3,1.2981596774743978,4.016049756738704,0.36945996287658267,3.187680104952282,scramble,Dutch.Parsed.CSV,8
4,1.1784795370393828,3.6857935600737064,0.11968014043501496,3.6664006666923417,scramble,Dutch.Parsed.CSV,8
5,1.1638766313408393,3.6542318382831636,0.0146029056985435,3.7394151951850594,scramble,Dutch.Parsed.CSV,8
6,1.162315529900661,3.6511770890437605,0.001561101440178403,3.74878180382613,scramble,Dutch.Parsed.CSV,8
7,1.1621431886335527,3.6508788882970284,0.0001723412671081892,3.749988192695887,scramble,Dutch.Parsed.CSV,8
8,1.1620937660529629,3.6508037948161314,4.942258058981963e-05,3.7503835733406055,scramble,Dutch.Parsed.CSV,8
9,1.162087679321284,3.650794527312582,6.086731678900392e-06,3.7504383539257153,scramble,Dutch.Parsed.CSV,8
10,1.1620853430150249,3.6507906357587383,2.336306259120846e-06,3.7504617169883065,scramble,Dutch.Parsed.CSV,8
11,1.1620838244459093,3.6507885395456534,1.5185691155661374e-06,3.7504784212485776,scramble,Dutch.Parsed.CSV,8
12,1.1620833092686584,3.6507872549551825,5.151772508593666e-07,3.750484603375588,scramble,Dutch.Parsed.CSV,8
13,1.1620832593367292,3.6507871824279703,4.9931929257951424e-08,3.750485252490668,scramble,Dutch.Parsed.CSV,8
14,1.1620832128904601,3.650787121012853,4.6446269053035394e-08,3.750485902738435,scramble,Dutch.Parsed.CSV,8
15,1.1620831985326703,3.650787102726074,1.4357789845931279e-08,3.7504861181052824,scramble,Dutch.Parsed.CSV,8
16,1.1620831952835282,3.650787100006417,3.2491420665081705e-09,3.7504861700915555,scramble,Dutch.Parsed.CSV,8
17,1.1620831944754693,3.6507870994463136,8.080589530834459e-10,3.7504861838285577,scramble,Dutch.Parsed.CSV,8
18,1.1620831944754693,3.6507870994463136,-0.0,3.7504861838285577,scramble,Dutch.Parsed.CSV,8
19,1.1620831936674105,3.6507870988862097,8.08058731038841e-10,3.7504861991816734,scramble,Dutch.Parsed.CSV,8
20,1.1620831936674105,3.6507870988862097,-0.0,3.7504861991816734,scramble,Dutch.Parsed.CSV,8
21,1.1620831936674105,3.6507870988862097,-0.0,3.7504861991816734,scramble,Dutch.Parsed.CSV,8
22,1.1620831936674105,3.6507870988862097,-0.0,3.7504861991816734,scramble,Dutch.Parsed.CSV,8
23,1.1620831936674105,3.6507870988862097,-0.0,3.7504861991816734,scramble,Dutch.Parsed.CSV,8
24,1.1620831936674105,3.6507870988862097,-0.0,3.7504861991816734,scramble,Dutch.Parsed.CSV,8
25,1.1620831936674105,3.6507870988862097,-0.0,3.7504861991816734,scramble,Dutch.Parsed.CSV,8
26,1.1620831936674105,3.6507870988862097,-0.0,3.7504861991816734,scramble,Dutch.Parsed.CSV,8
27,1.1620831936674105,3.6507870988862097,-0.0,3.7504861991816734,scramble,Dutch.Parsed.CSV,8
28,1.1620831936674105,3.6507870988862097,-0.0,3.7504861991816734,scramble,Dutch.Parsed.CSV,8
29,1.1620831936674105,3.6507870988862097,-0.0,3.7504861991816734,scramble,Dutch.Parsed.CSV,8
30,1.1620831936674105,3.6507870988862097,-0.0,3.7504861991816734,scramble,Dutch.Parsed.CSV,8
31,1.1620831936674105,3.6507870988862097,-0.0,3.7504861991816734,scramble,Dutch.Parsed.CSV,8
32,1.1620831936674105,3.6507870988862097,-0.0,3.7504861991816734,scramble,Dutch.Parsed.CSV,8
0,3.088936719101143,10.623105279450918,nan,0.0,manner,Dutch.Parsed.CSV,8
1,2.173433193945871,7.172526284193399,0.9155035251552719,0.9155035251552719,manner,Dutch.Parsed.CSV,8
2,1.6711494025167197,5.242626773342579,0.5022837914291514,1.9200711080135746,manner,Dutch.Parsed.CSV,8
3,1.3592340353136494,4.160561748994195,0.31191536720307034,2.855817209622786,manner,Dutch.Parsed.CSV,8
4,1.214015960053869,3.745843503560978,0.14521807525978048,3.4366895106619078,manner,Dutch.Parsed.CSV,8
5,1.1797990385674122,3.665973443342799,0.03421692148645672,3.6077741180941914,manner,Dutch.Parsed.CSV,8
6,1.1755147687050047,3.657122248407017,0.004284269862407486,3.6334797372686363,manner,Dutch.Parsed.CSV,8
7,1.1750597887197336,3.6562546520995114,0.00045497998527110894,3.636664597165534,manner,Dutch.Parsed.CSV,8
8,1.175002161735349,3.6561429084615615,5.762698438460667e-05,3.637125613040611,manner,Dutch.Parsed.CSV,8
9,1.1749962634746012,3.656131764925875,5.898260747816408e-06,3.6371786973873412,manner,Dutch.Parsed.CSV,8
10,1.174991004751056,3.656119189901433,5.258723545287225e-06,3.637231284622794,manner,Dutch.Parsed.CSV,8
11,1.1749907695684232,3.656118871463753,2.3518263270183581e-07,3.6372338716317536,manner,Dutch.Parsed.CSV,8
12,1.1749907687603642,3.6561188709036494,8.080589530834459e-10,3.637233881328461,manner,Dutch.Parsed.CSV,8
13,1.1749907687603642,3.6561188709036494,-0.0,3.637233881328461,manner,Dutch.Parsed.CSV,8
14,1.1749907687603642,3.6561188709036494,-0.0,3.637233881328461,manner,Dutch.Parsed.CSV,8
15,1.1749907687603642,3.6561188709036494,-0.0,3.637233881328461,manner,Dutch.Parsed.CSV,8
16,1.1749907687603642,3.6561188709036494,-0.0,3.637233881328461,manner,Dutch.Parsed.CSV,8
17,1.1749907687603642,3.6561188709036494,-0.0,3.637233881328461,manner,Dutch.Parsed.CSV,8
18,1.1749907687603642,3.6561188709036494,-0.0,3.637233881328461,manner,Dutch.Parsed.CSV,8
19,1.1749907687603642,3.6561188709036494,-0.0,3.637233881328461,manner,Dutch.Parsed.CSV,8
20,1.1749907687603642,3.6561188709036494,-0.0,3.637233881328461,manner,Dutch.Parsed.CSV,8
21,1.1749907687603642,3.6561188709036494,-0.0,3.637233881328461,manner,Dutch.Parsed.CSV,8
22,1.1749907687603642,3.6561188709036494,-0.0,3.637233881328461,manner,Dutch.Parsed.CSV,8
23,1.1749907687603642,3.6561188709036494,-0.0,3.637233881328461,manner,Dutch.Parsed.CSV,8
24,1.1749907687603642,3.6561188709036494,-0.0,3.637233881328461,manner,Dutch.Parsed.CSV,8
25,1.1749907687603642,3.6561188709036494,-0.0,3.637233881328461,manner,Dutch.Parsed.CSV,8
26,1.1749907687603642,3.6561188709036494,-0.0,3.637233881328461,manner,Dutch.Parsed.CSV,8
27,1.1749907687603642,3.6561188709036494,-0.0,3.637233881328461,manner,Dutch.Parsed.CSV,8
28,1.1749907687603642,3.6561188709036494,-0.0,3.637233881328461,manner,Dutch.Parsed.CSV,8
29,1.1749907687603642,3.6561188709036494,-0.0,3.637233881328461,manner,Dutch.Parsed.CSV,8
30,1.1749907687603642,3.6561188709036494,-0.0,3.637233881328461,manner,Dutch.Parsed.CSV,8
31,1.1749907687603642,3.6561188709036494,-0.0,3.637233881328461,manner,Dutch.Parsed.CSV,8
32,1.1749907687603642,3.6561188709036494,-0.0,3.637233881328461,manner,Dutch.Parsed.CSV,8
0,3.088936719101143,10.623105279450918,nan,0.0,cv,Dutch.Parsed.CSV,8
1,2.3654854283514957,7.7523671860459675,0.7234512907496473,0.7234512907496473,cv,Dutch.Parsed.CSV,8
2,1.7670206841744167,5.6657409415204985,0.598464744177079,1.9203807791038052,cv,Dutch.Parsed.CSV,8
3,1.4040558970115073,4.387143233392083,0.36296478716290936,3.0092751405925333,cv,Dutch.Parsed.CSV,8
4,1.2396901048494173,3.9244552718656878,0.16436579216209002,3.6667383092408934,cv,Dutch.Parsed.CSV,8
5,1.2140530221323496,3.867017468703844,0.025637082717067772,3.7949237228262325,cv,Dutch.Parsed.CSV,8
6,1.2124817642069776,3.8640463992613645,0.0015712579253719383,3.804351270378464,cv,Dutch.Parsed.CSV,8
7,1.2124162305254622,3.86392605840818,6.553368151540617e-05,3.804810006149072,cv,Dutch.Parsed.CSV,8
8,1.2124116136173688,3.863920386323441,4.616908093391103e-06,3.8048469414138193,cv,Dutch.Parsed.CSV,8
9,1.2124111937955013,3.8639199360225374,4.198218674922316e-07,3.8048507198106267,cv,Dutch.Parsed.CSV,8
10,1.2124111937955013,3.8639199360225374,-0.0,3.8048507198106267,cv,Dutch.Parsed.CSV,8
11,1.2124111937955013,3.8639199360225374,-0.0,3.8048507198106267,cv,Dutch.Parsed.CSV,8
12,1.2124111937955013,3.8639199360225374,-0.0,3.8048507198106267,cv,Dutch.Parsed.CSV,8
13,1.2124111937955013,3.8639199360225374,-0.0,3.8048507198106267,cv,Dutch.Parsed.CSV,8
14,1.2124111937955013,3.8639199360225374,-0.0,3.8048507198106267,cv,Dutch.Parsed.CSV,8
15,1.2124111937955013,3.8639199360225374,-0.0,3.8048507198106267,cv,Dutch.Parsed.CSV,8
16,1.2124111937955013,3.8639199360225374,-0.0,3.8048507198106267,cv,Dutch.Parsed.CSV,8
17,1.2124111937955013,3.8639199360225374,-0.0,3.8048507198106267,cv,Dutch.Parsed.CSV,8
18,1.2124111937955013,3.8639199360225374,-0.0,3.8048507198106267,cv,Dutch.Parsed.CSV,8
19,1.2124111937955013,3.8639199360225374,-0.0,3.8048507198106267,cv,Dutch.Parsed.CSV,8
20,1.2124111937955013,3.8639199360225374,-0.0,3.8048507198106267,cv,Dutch.Parsed.CSV,8
21,1.2124111937955013,3.8639199360225374,-0.0,3.8048507198106267,cv,Dutch.Parsed.CSV,8
22,1.2124111937955013,3.8639199360225374,-0.0,3.8048507198106267,cv,Dutch.Parsed.CSV,8
23,1.2124111937955013,3.8639199360225374,-0.0,3.8048507198106267,cv,Dutch.Parsed.CSV,8
24,1.2124111937955013,3.8639199360225374,-0.0,3.8048507198106267,cv,Dutch.Parsed.CSV,8
25,1.2124111937955013,3.8639199360225374,-0.0,3.8048507198106267,cv,Dutch.Parsed.CSV,8
26,1.2124111937955013,3.8639199360225374,-0.0,3.8048507198106267,cv,Dutch.Parsed.CSV,8
27,1.2124111937955013,3.8639199360225374,-0.0,3.8048507198106267,cv,Dutch.Parsed.CSV,8
28,1.2124111937955013,3.8639199360225374,-0.0,3.8048507198106267,cv,Dutch.Parsed.CSV,8
29,1.2124111937955013,3.8639199360225374,-0.0,3.8048507198106267,cv,Dutch.Parsed.CSV,8
30,1.2124111937955013,3.8639199360225374,-0.0,3.8048507198106267,cv,Dutch.Parsed.CSV,8
31,1.2124111937955013,3.8639199360225374,-0.0,3.8048507198106267,cv,Dutch.Parsed.CSV,8
32,1.2124111937955013,3.8639199360225374,-0.0,3.8048507198106267,cv,Dutch.Parsed.CSV,8
0,3.088936719101143,10.623105279450918,nan,0.0,scramble,Dutch.Parsed.CSV,9
1,2.379090326152887,7.918047487298161,0.7098463929482559,0.7098463929482559,scramble,Dutch.Parsed.CSV,9
2,1.6858374597757297,5.367677703283706,0.6932528663771573,2.0963521257025706,scramble,Dutch.Parsed.CSV,9
3,1.302908549658046,3.995636016269269,0.3829289101176838,3.245138856055622,scramble,Dutch.Parsed.CSV,9
4,1.18622631705766,3.6673605738492245,0.11668223260038602,3.711867786457166,scramble,Dutch.Parsed.CSV,9
5,1.1657791127035424,3.622298942430005,0.02044720435411751,3.8141038082277534,scramble,Dutch.Parsed.CSV,9
6,1.1627204235939435,3.616994761140245,0.0030586891095989444,3.832455942885347,scramble,Dutch.Parsed.CSV,9
7,1.1622489452713596,3.6162022049796594,0.0004714783225838737,3.835756291143434,scramble,Dutch.Parsed.CSV,9
8,1.1621231967319916,3.615999798010261,0.0001257485393679758,3.836762279458378,scramble,Dutch.Parsed.CSV,9
9,1.1620975276680303,3.6159517570832795,2.5669063961286653e-05,3.8369933010340294,scramble,Dutch.Parsed.CSV,9
10,1.1620938960955263,3.6159477060136167,3.6315725040481084e-06,3.83702961675907,scramble,Dutch.Parsed.CSV,9
11,1.1620926402812115,3.6159460738695466,1.255814314760073e-06,3.837043430716532,scramble,Dutch.Parsed.CSV,9
12,1.1620921752448494,3.6159455344629468,4.650363620850584e-07,3.837049011152877,scramble,Dutch.Parsed.CSV,9
13,1.1620889208014662,3.615940170097045,3.2544433832271125e-06,3.837091318916859,scramble,Dutch.Parsed.CSV,9
14,1.1620832477439516,3.6159315240487047,5.673057514643531e-06,3.837170741722064,scramble,Dutch.Parsed.CSV,9
15,1.1620832017160934,3.6159314833504714,4.6027858191521887e-08,3.837171432139937,scramble,Dutch.Parsed.CSV,9
16,1.1620832009080346,3.6159314827903675,8.08058731038841e-10,3.8371714450688765,scramble,Dutch.Parsed.CSV,9
17,1.1620832009080346,3.6159314827903675,-0.0,3.8371714450688765,scramble,Dutch.Parsed.CSV,9
18,1.1620831936674103,3.615931472480969,7.2406243223355204e-09,3.8371715754001143,scramble,Dutch.Parsed.CSV,9
19,1.1620831936674103,3.615931472480969,-0.0,3.8371715754001143,scramble,Dutch.Parsed.CSV,9
20,1.1620831936674103,3.615931472480969,-0.0,3.8371715754001143,scramble,Dutch.Parsed.CSV,9
21,1.1620831936674103,3.615931472480969,-0.0,3.8371715754001143,scramble,Dutch.Parsed.CSV,9
22,1.1620831936674103,3.615931472480969,-0.0,3.8371715754001143,scramble,Dutch.Parsed.CSV,9
23,1.1620831936674103,3.615931472480969,-0.0,3.8371715754001143,scramble,Dutch.Parsed.CSV,9
24,1.1620831936674103,3.615931472480969,-0.0,3.8371715754001143,scramble,Dutch.Parsed.CSV,9
25,1.1620831936674103,3.615931472480969,-0.0,3.8371715754001143,scramble,Dutch.Parsed.CSV,9
26,1.1620831936674103,3.615931472480969,-0.0,3.8371715754001143,scramble,Dutch.Parsed.CSV,9
27,1.1620831936674103,3.615931472480969,-0.0,3.8371715754001143,scramble,Dutch.Parsed.CSV,9
28,1.1620831936674103,3.615931472480969,-0.0,3.8371715754001143,scramble,Dutch.Parsed.CSV,9
29,1.1620831936674103,3.615931472480969,-0.0,3.8371715754001143,scramble,Dutch.Parsed.CSV,9
30,1.1620831936674103,3.615931472480969,-0.0,3.8371715754001143,scramble,Dutch.Parsed.CSV,9
31,1.1620831936674103,3.615931472480969,-0.0,3.8371715754001143,scramble,Dutch.Parsed.CSV,9
32,1.1620831936674103,3.615931472480969,-0.0,3.8371715754001143,scramble,Dutch.Parsed.CSV,9
0,3.088936719101143,10.623105279450918,nan,0.0,manner,Dutch.Parsed.CSV,9
1,2.1937669983931665,7.224527841464354,0.8951697207079765,0.8951697207079765,manner,Dutch.Parsed.CSV,9
2,1.6787241590828779,5.270417915961829,0.5150428393102886,1.9252553993285537,manner,Dutch.Parsed.CSV,9
3,1.3665861837097844,4.193354068427421,0.3121379753730935,2.861669325447834,manner,Dutch.Parsed.CSV,9
4,1.2203869400088494,3.7797240301346076,0.14619924370093496,3.446466300251574,manner,Dutch.Parsed.CSV,9
5,1.185665470816113,3.6990778381617018,0.03472146919273644,3.620073646215256,manner,Dutch.Parsed.CSV,9
6,1.1812280750301103,3.689868207330246,0.0044373957860026625,3.646698020931272,manner,Dutch.Parsed.CSV,9
7,1.1807092903877414,3.688888229842091,0.0005187846423688747,3.650329513427854,manner,Dutch.Parsed.CSV,9
8,1.1806428670493498,3.688770328727569,6.642333839157466e-05,3.6508609001349868,manner,Dutch.Parsed.CSV,9
9,1.1806303707051091,3.6887504248955074,1.2496344240719992e-05,3.6509733672331532,manner,Dutch.Parsed.CSV,9
10,1.1806297242547312,3.68874926451482,6.464503778946806e-07,3.650979831736932,manner,Dutch.Parsed.CSV,9
11,1.18062962126724,3.6887490236268388,1.0298749120174477e-07,3.650980964599335,manner,Dutch.Parsed.CSV,9
12,1.1806295944462553,3.688748986222831,2.6820984766473543e-08,3.6509812864511524,manner,Dutch.Parsed.CSV,9
13,1.1806295944462553,3.688748986222831,-0.0,3.6509812864511524,manner,Dutch.Parsed.CSV,9
14,1.1806295944462553,3.688748986222831,-0.0,3.6509812864511524,manner,Dutch.Parsed.CSV,9
15,1.1806295944462553,3.688748986222831,-0.0,3.6509812864511524,manner,Dutch.Parsed.CSV,9
16,1.1806295944462553,3.688748986222831,-0.0,3.6509812864511524,manner,Dutch.Parsed.CSV,9
17,1.1806295944462553,3.688748986222831,-0.0,3.6509812864511524,manner,Dutch.Parsed.CSV,9
18,1.1806295944462553,3.688748986222831,-0.0,3.6509812864511524,manner,Dutch.Parsed.CSV,9
19,1.1806295944462553,3.688748986222831,-0.0,3.6509812864511524,manner,Dutch.Parsed.CSV,9
20,1.1806295944462553,3.688748986222831,-0.0,3.6509812864511524,manner,Dutch.Parsed.CSV,9
21,1.1806295944462553,3.688748986222831,-0.0,3.6509812864511524,manner,Dutch.Parsed.CSV,9
22,1.1806295944462553,3.688748986222831,-0.0,3.6509812864511524,manner,Dutch.Parsed.CSV,9
23,1.1806295944462553,3.688748986222831,-0.0,3.6509812864511524,manner,Dutch.Parsed.CSV,9
24,1.1806295944462553,3.688748986222831,-0.0,3.6509812864511524,manner,Dutch.Parsed.CSV,9
25,1.1806295944462553,3.688748986222831,-0.0,3.6509812864511524,manner,Dutch.Parsed.CSV,9
26,1.1806295944462553,3.688748986222831,-0.0,3.6509812864511524,manner,Dutch.Parsed.CSV,9
27,1.1806295944462553,3.688748986222831,-0.0,3.6509812864511524,manner,Dutch.Parsed.CSV,9
28,1.1806295944462553,3.688748986222831,-0.0,3.6509812864511524,manner,Dutch.Parsed.CSV,9
29,1.1806295944462553,3.688748986222831,-0.0,3.6509812864511524,manner,Dutch.Parsed.CSV,9
30,1.1806295944462553,3.688748986222831,-0.0,3.6509812864511524,manner,Dutch.Parsed.CSV,9
31,1.1806295944462553,3.688748986222831,-0.0,3.6509812864511524,manner,Dutch.Parsed.CSV,9
32,1.1806295944462553,3.688748986222831,-0.0,3.6509812864511524,manner,Dutch.Parsed.CSV,9
0,3.088936719101143,10.623105279450918,nan,0.0,cv,Dutch.Parsed.CSV,9
1,2.337840407634455,7.697883725255901,0.751096311466688,0.751096311466688,cv,Dutch.Parsed.CSV,9
2,1.761139786060499,5.625932087111529,0.5767006215739561,1.9044975546146001,cv,Dutch.Parsed.CSV,9
3,1.3952785053917167,4.348451678684265,0.3658612806687822,3.0020813966209468,cv,Dutch.Parsed.CSV,9
4,1.2312740782520455,3.8842980550017137,0.16400442713967123,3.6580991051796317,cv,Dutch.Parsed.CSV,9
5,1.205160847034592,3.82573395887343,0.02611323121745346,3.7886652612668987,cv,Dutch.Parsed.CSV,9
6,1.2035418079221796,3.8226941141172426,0.001619039112412457,3.7983794959413735,cv,Dutch.Parsed.CSV,9
7,1.2034765769535223,3.822572140917682,6.523096865729272e-05,3.7988361127219745,cv,Dutch.Parsed.CSV,9
8,1.2034739555461667,3.8225681081755787,2.621407355629657e-06,3.7988570839808196,cv,Dutch.Parsed.CSV,9
9,1.2034738598970292,3.8225678185832033,9.564913749926518e-08,3.798857944823057,cv,Dutch.Parsed.CSV,9
10,1.2034738598970292,3.8225678185832033,-0.0,3.798857944823057,cv,Dutch.Parsed.CSV,9
11,1.2034738598970292,3.8225678185832033,-0.0,3.798857944823057,cv,Dutch.Parsed.CSV,9
12,1.2034738598970292,3.8225678185832033,-0.0,3.798857944823057,cv,Dutch.Parsed.CSV,9
13,1.2034738598970292,3.8225678185832033,-0.0,3.798857944823057,cv,Dutch.Parsed.CSV,9
14,1.2034738598970292,3.8225678185832033,-0.0,3.798857944823057,cv,Dutch.Parsed.CSV,9
15,1.2034738598970292,3.8225678185832033,-0.0,3.798857944823057,cv,Dutch.Parsed.CSV,9
16,1.2034738598970292,3.8225678185832033,-0.0,3.798857944823057,cv,Dutch.Parsed.CSV,9
17,1.2034738598970292,3.8225678185832033,-0.0,3.798857944823057,cv,Dutch.Parsed.CSV,9
18,1.2034738598970292,3.8225678185832033,-0.0,3.798857944823057,cv,Dutch.Parsed.CSV,9
19,1.2034738598970292,3.8225678185832033,-0.0,3.798857944823057,cv,Dutch.Parsed.CSV,9
20,1.2034738598970292,3.8225678185832033,-0.0,3.798857944823057,cv,Dutch.Parsed.CSV,9
21,1.2034738598970292,3.8225678185832033,-0.0,3.798857944823057,cv,Dutch.Parsed.CSV,9
22,1.2034738598970292,3.8225678185832033,-0.0,3.798857944823057,cv,Dutch.Parsed.CSV,9
23,1.2034738598970292,3.8225678185832033,-0.0,3.798857944823057,cv,Dutch.Parsed.CSV,9
24,1.2034738598970292,3.8225678185832033,-0.0,3.798857944823057,cv,Dutch.Parsed.CSV,9
25,1.2034738598970292,3.8225678185832033,-0.0,3.798857944823057,cv,Dutch.Parsed.CSV,9
26,1.2034738598970292,3.8225678185832033,-0.0,3.798857944823057,cv,Dutch.Parsed.CSV,9
27,1.2034738598970292,3.8225678185832033,-0.0,3.798857944823057,cv,Dutch.Parsed.CSV,9
28,1.2034738598970292,3.8225678185832033,-0.0,3.798857944823057,cv,Dutch.Parsed.CSV,9
29,1.2034738598970292,3.8225678185832033,-0.0,3.798857944823057,cv,Dutch.Parsed.CSV,9
30,1.2034738598970292,3.8225678185832033,-0.0,3.798857944823057,cv,Dutch.Parsed.CSV,9
31,1.2034738598970292,3.8225678185832033,-0.0,3.798857944823057,cv,Dutch.Parsed.CSV,9
32,1.2034738598970292,3.8225678185832033,-0.0,3.798857944823057,cv,Dutch.Parsed.CSV,9
0,2.99566894974604,9.69995727254968,nan,0.0,real,French.Parsed.CSV,0
1,2.238510142502441,6.557133122269748,0.7571588072435986,0.7571588072435986,real,French.Parsed.CSV,0
2,1.8020716351843116,5.029484111275926,0.4364385073181296,1.6300358218798578,real,French.Parsed.CSV,0
3,1.5441941203317666,4.220773435538888,0.25787751485254495,2.4036683664374925,real,French.Parsed.CSV,0
4,1.4303739419571004,3.9270952239763326,0.11382017837466618,2.858949079936157,real,French.Parsed.CSV,0
5,1.3997136279846496,3.8602421201025527,0.030660313972450837,3.0122506497984114,real,French.Parsed.CSV,0
6,1.3937253922570811,3.8482104392124796,0.005988235727568458,3.048180064163822,real,French.Parsed.CSV,0
7,1.3924824226313075,3.8457266639227945,0.0012429696257736378,3.0568808515442374,real,French.Parsed.CSV,0
8,1.3921524650424872,3.845228127056476,0.00032995758882026216,3.0595205122547995,real,French.Parsed.CSV,0
9,1.392095774473676,3.8450970097534447,5.6690568811301745e-05,3.060030727374101,real,French.Parsed.CSV,0
10,1.3920897265620542,3.8450851196012423,6.047911621731572e-06,3.0600912064903185,real,French.Parsed.CSV,0
11,1.3920873565126335,3.8450822353063336,2.370049420719056e-06,3.0601172770339464,real,French.Parsed.CSV,0
12,1.3920872445351073,3.8450818236374507,1.1197752614044987e-07,3.06011862076426,real,French.Parsed.CSV,0
13,1.3920872413185,3.8450818180071944,3.21660742486074e-09,3.0601186625801566,real,French.Parsed.CSV,0
14,1.3920872381988858,3.8450817936155626,3.119614122581993e-09,3.0601187062547544,real,French.Parsed.CSV,0
15,1.3920872381988858,3.8450817936155626,-0.0,3.0601187062547544,real,French.Parsed.CSV,0
16,1.3920872381988858,3.8450817936155626,-0.0,3.0601187062547544,real,French.Parsed.CSV,0
17,1.3920872381988858,3.8450817936155626,-0.0,3.0601187062547544,real,French.Parsed.CSV,0
18,1.3920872381988858,3.8450817936155626,-0.0,3.0601187062547544,real,French.Parsed.CSV,0
19,1.3920872381988858,3.8450817936155626,-0.0,3.0601187062547544,real,French.Parsed.CSV,0
20,1.3920872381988858,3.8450817936155626,-0.0,3.0601187062547544,real,French.Parsed.CSV,0
21,1.3920872381988858,3.8450817936155626,-0.0,3.0601187062547544,real,French.Parsed.CSV,0
0,2.99566894974604,9.69995727254968,nan,0.0,scramble,French.Parsed.CSV,0
1,2.553954387862685,8.297990656312406,0.4417145618833547,0.4417145618833547,scramble,French.Parsed.CSV,0
2,2.06303520311324,6.358600140457671,0.49091918474944496,1.4235529313822446,scramble,French.Parsed.CSV,0
3,1.5938711999854995,4.717027143913672,0.46916400312774065,2.8310449407654668,scramble,French.Parsed.CSV,0
4,1.4229703360827117,4.287687956119407,0.1709008639027878,3.514648396376618,scramble,French.Parsed.CSV,0
5,1.394028305843033,4.232815098481178,0.028942030239678784,3.659358547575012,scramble,French.Parsed.CSV,0
6,1.3924621656580118,4.230233588637809,0.0015661401850211032,3.6687553886851387,scramble,French.Parsed.CSV,0
7,1.3922011618338934,4.229816201124352,0.00026100382411842205,3.6705824154539677,scramble,French.Parsed.CSV,0
8,1.3921537061081692,4.229725209457076,4.7455725724177e-05,3.670962061259761,scramble,French.Parsed.CSV,0
9,1.3921051670690106,4.229647963857581,4.85390391586904e-05,3.6713989126121893,scramble,French.Parsed.CSV,0
10,1.3921050241637791,4.229647565108411,1.42905231426127e-07,3.6714003416645036,scramble,French.Parsed.CSV,0
11,1.392087759597583,4.229612008585981,1.7264566196217856e-05,3.671590251892662,scramble,French.Parsed.CSV,0
12,1.3920872395027855,4.229611695129229,5.200947974515202e-07,3.6715964930302314,scramble,French.Parsed.CSV,0
13,1.3920872381988858,4.229611687982628,1.3038996549141757e-09,3.671596509980927,scramble,French.Parsed.CSV,0
14,1.3920872381988858,4.229611687982628,-0.0,3.671596509980927,scramble,French.Parsed.CSV,0
15,1.3920872381988858,4.229611687982628,-0.0,3.671596509980927,scramble,French.Parsed.CSV,0
16,1.3920872381988858,4.229611687982628,-0.0,3.671596509980927,scramble,French.Parsed.CSV,0
17,1.3920872381988858,4.229611687982628,-0.0,3.671596509980927,scramble,French.Parsed.CSV,0
18,1.3920872381988858,4.229611687982628,-0.0,3.671596509980927,scramble,French.Parsed.CSV,0
19,1.3920872381988858,4.229611687982628,-0.0,3.671596509980927,scramble,French.Parsed.CSV,0
20,1.3920872381988858,4.229611687982628,-0.0,3.671596509980927,scramble,French.Parsed.CSV,0
21,1.3920872381988858,4.229611687982628,-0.0,3.671596509980927,scramble,French.Parsed.CSV,0
0,2.99566894974604,9.69995727254968,nan,0.0,manner,French.Parsed.CSV,0
1,2.3721155593268897,7.22491676816295,0.6235533904191501,0.6235533904191501,manner,French.Parsed.CSV,0
2,2.019845881478246,5.92679621399408,0.3522696778486436,1.3280927461164374,manner,French.Parsed.CSV,0
3,1.7131182432931444,4.870165032951859,0.3067276381851016,2.2482756606717422,manner,French.Parsed.CSV,0
4,1.512645888095847,4.313683440987178,0.20047235519729734,3.0501650814609316,manner,French.Parsed.CSV,0
5,1.4474459744860628,4.172642019550411,0.06519991360978428,3.376164649509853,manner,French.Parsed.CSV,0
6,1.4379759160015884,4.155690190044082,0.009470058484474464,3.4329850004167,manner,French.Parsed.CSV,0
7,1.4368221321374721,4.15389138770338,0.0011537838641162423,3.4410614874655137,manner,French.Parsed.CSV,0
8,1.4367113844772401,4.1537241986267315,0.00011074766023200233,3.4419474687473697,manner,French.Parsed.CSV,0
9,1.4366560175197112,4.153662210500904,5.536695752894616e-05,3.44244577136513,manner,French.Parsed.CSV,0
10,1.4366545301308145,4.153660525023535,1.4873888967148474e-06,3.4424606452540973,manner,French.Parsed.CSV,0
11,1.4366545145205143,4.153660472261132,1.561030016361542e-08,3.442460816967399,manner,French.Parsed.CSV,0
12,1.4366545145205143,4.153660472261132,-0.0,3.442460816967399,manner,French.Parsed.CSV,0
13,1.4366545145205143,4.153660472261132,-0.0,3.442460816967399,manner,French.Parsed.CSV,0
14,1.4366545145205143,4.153660472261132,-0.0,3.442460816967399,manner,French.Parsed.CSV,0
15,1.4366545145205143,4.153660472261132,-0.0,3.442460816967399,manner,French.Parsed.CSV,0
16,1.4366545145205143,4.153660472261132,-0.0,3.442460816967399,manner,French.Parsed.CSV,0
17,1.4366545145205143,4.153660472261132,-0.0,3.442460816967399,manner,French.Parsed.CSV,0
18,1.4366545145205143,4.153660472261132,-0.0,3.442460816967399,manner,French.Parsed.CSV,0
19,1.4366545145205143,4.153660472261132,-0.0,3.442460816967399,manner,French.Parsed.CSV,0
20,1.4366545145205143,4.153660472261132,-0.0,3.442460816967399,manner,French.Parsed.CSV,0
21,1.4366545145205143,4.153660472261132,-0.0,3.442460816967399,manner,French.Parsed.CSV,0
0,2.99566894974604,9.69995727254968,nan,0.0,cv,French.Parsed.CSV,0
1,2.4658954574154155,7.690859536574272,0.5297734923306243,0.5297734923306243,cv,French.Parsed.CSV,0
2,2.122262982648599,6.443725754668306,0.34363247476681646,1.2170384418642572,cv,French.Parsed.CSV,0
3,1.793515487450156,5.275901172806166,0.32874749519844304,2.2032809274595864,cv,French.Parsed.CSV,0
4,1.543709117539545,4.574167037521193,0.249806369910611,3.2025064071020304,cv,French.Parsed.CSV,0
5,1.4756313512370782,4.430413296034138,0.06807776630246676,3.5428952386143644,cv,French.Parsed.CSV,0
6,1.4689645320717337,4.41919201912278,0.006666819165344506,3.5828961536064314,cv,French.Parsed.CSV,0
7,1.46856174292584,4.418619349797789,0.00040278914589375603,3.5857156776276877,cv,French.Parsed.CSV,0
8,1.4685534567907654,4.418602266544625,8.286135074531131e-06,3.585781966708284,cv,French.Parsed.CSV,0
9,1.4685527371657976,4.418599450942558,7.196249678376176e-07,3.5857884433329943,cv,French.Parsed.CSV,0
10,1.4685527371657976,4.418599450942558,-0.0,3.5857884433329943,cv,French.Parsed.CSV,0
11,1.4685527371657976,4.418599450942558,-0.0,3.5857884433329943,cv,French.Parsed.CSV,0
12,1.4685527371657976,4.418599450942558,-0.0,3.5857884433329943,cv,French.Parsed.CSV,0
13,1.4685527371657976,4.418599450942558,-0.0,3.5857884433329943,cv,French.Parsed.CSV,0
14,1.4685527371657976,4.418599450942558,-0.0,3.5857884433329943,cv,French.Parsed.CSV,0
15,1.4685527371657976,4.418599450942558,-0.0,3.5857884433329943,cv,French.Parsed.CSV,0
16,1.4685527371657976,4.418599450942558,-0.0,3.5857884433329943,cv,French.Parsed.CSV,0
17,1.4685527371657976,4.418599450942558,-0.0,3.5857884433329943,cv,French.Parsed.CSV,0
18,1.4685527371657976,4.418599450942558,-0.0,3.5857884433329943,cv,French.Parsed.CSV,0
19,1.4685527371657976,4.418599450942558,-0.0,3.5857884433329943,cv,French.Parsed.CSV,0
20,1.4685527371657976,4.418599450942558,-0.0,3.5857884433329943,cv,French.Parsed.CSV,0
21,1.4685527371657976,4.418599450942558,-0.0,3.5857884433329943,cv,French.Parsed.CSV,0
0,2.99566894974604,9.69995727254968,nan,0.0,scramble,French.Parsed.CSV,1
1,2.547178773354917,8.288457780176518,0.44849017639112265,0.44849017639112265,scramble,French.Parsed.CSV,1
2,2.0643008466024058,6.313718504551455,0.4828779267525114,1.4142460298961455,scramble,French.Parsed.CSV,1
3,1.585492486341598,4.693050758066234,0.47880836026080775,2.8506711106785687,scramble,French.Parsed.CSV,1
4,1.4161903681278833,4.269096995831327,0.16930211821371466,3.5278795835334273,scramble,French.Parsed.CSV,1
5,1.3945501203914952,4.226637940339297,0.021640247736388174,3.6360808222153684,scramble,French.Parsed.CSV,1
6,1.3923517577409157,4.222747398812159,0.0021983626505794884,3.6492709981188454,scramble,French.Parsed.CSV,1
7,1.3921319067439957,4.222361437483382,0.00021985099692001242,3.6508099550972855,scramble,French.Parsed.CSV,1
8,1.3921053529500935,4.222313739817938,2.6553793902150957e-05,3.6510223854485027,scramble,French.Parsed.CSV,1
9,1.3920884215725378,4.222288506703185,1.693137755576224e-05,3.6511747678465047,scramble,French.Parsed.CSV,1
10,1.392087589775571,4.222287367859161,8.317969668603098e-07,3.6511830858161733,scramble,French.Parsed.CSV,1
11,1.3920874565570673,4.222287100075202,1.332185035618494e-07,3.6511845512197123,scramble,French.Parsed.CSV,1
12,1.3920872381988858,4.222286932843036,2.1835818153626008e-07,3.6511871715178907,scramble,French.Parsed.CSV,1
13,1.3920872381988858,4.222286932843036,-0.0,3.6511871715178907,scramble,French.Parsed.CSV,1
14,1.3920872381988858,4.222286932843036,-0.0,3.6511871715178907,scramble,French.Parsed.CSV,1
15,1.3920872381988858,4.222286932843036,-0.0,3.6511871715178907,scramble,French.Parsed.CSV,1
16,1.3920872381988858,4.222286932843036,-0.0,3.6511871715178907,scramble,French.Parsed.CSV,1
17,1.3920872381988858,4.222286932843036,-0.0,3.6511871715178907,scramble,French.Parsed.CSV,1
18,1.3920872381988858,4.222286932843036,-0.0,3.6511871715178907,scramble,French.Parsed.CSV,1
19,1.3920872381988858,4.222286932843036,-0.0,3.6511871715178907,scramble,French.Parsed.CSV,1
20,1.3920872381988858,4.222286932843036,-0.0,3.6511871715178907,scramble,French.Parsed.CSV,1
21,1.3920872381988858,4.222286932843036,-0.0,3.6511871715178907,scramble,French.Parsed.CSV,1
0,2.99566894974604,9.69995727254968,nan,0.0,manner,French.Parsed.CSV,1
1,2.3703201669422422,7.20698160038325,0.6253487828037976,0.6253487828037976,manner,French.Parsed.CSV,1
2,2.0152352772746913,5.905963171562227,0.3550848896675509,1.3355185621388994,manner,French.Parsed.CSV,1
3,1.712823783133854,4.860365367312686,0.30241149414083734,2.2427530445614114,manner,French.Parsed.CSV,1
4,1.5117984796172845,4.30267035462924,0.20102530351656944,3.046854258627689,manner,French.Parsed.CSV,1
5,1.44642827471548,4.160622078744725,0.06537020490180456,3.373705283136712,manner,French.Parsed.CSV,1
6,1.436955069446511,4.143629470376655,0.009473205268968998,3.430544514750526,manner,French.Parsed.CSV,1
7,1.435730613105408,4.1416837797729675,0.0012244563411030196,3.439115709138247,manner,French.Parsed.CSV,1
8,1.4355440955913692,4.141436526770834,0.00018651751403875316,3.440607849250557,manner,French.Parsed.CSV,1
9,1.4355314563471686,4.141418491082451,1.2639244200585154e-05,3.4407216024483622,manner,French.Parsed.CSV,1
10,1.4355288019805583,4.141416112295906,2.6543666102885055e-06,3.440748146114465,manner,French.Parsed.CSV,1
11,1.4355288005810531,4.141416106758575,1.3995051784121415e-09,3.4407481615090223,manner,French.Parsed.CSV,1
12,1.4355288005810531,4.141416106758575,-0.0,3.4407481615090223,manner,French.Parsed.CSV,1
13,1.4355288005810531,4.141416106758575,-0.0,3.4407481615090223,manner,French.Parsed.CSV,1
14,1.4355288005810531,4.141416106758575,-0.0,3.4407481615090223,manner,French.Parsed.CSV,1
15,1.4355288005810531,4.141416106758575,-0.0,3.4407481615090223,manner,French.Parsed.CSV,1
16,1.4355288005810531,4.141416106758575,-0.0,3.4407481615090223,manner,French.Parsed.CSV,1
17,1.4355288005810531,4.141416106758575,-0.0,3.4407481615090223,manner,French.Parsed.CSV,1
18,1.4355288005810531,4.141416106758575,-0.0,3.4407481615090223,manner,French.Parsed.CSV,1
19,1.4355288005810531,4.141416106758575,-0.0,3.4407481615090223,manner,French.Parsed.CSV,1
20,1.4355288005810531,4.141416106758575,-0.0,3.4407481615090223,manner,French.Parsed.CSV,1
21,1.4355288005810531,4.141416106758575,-0.0,3.4407481615090223,manner,French.Parsed.CSV,1
0,2.99566894974604,9.69995727254968,nan,0.0,cv,French.Parsed.CSV,1
1,2.4584414144428783,7.680550716009964,0.5372275353031615,0.5372275353031615,cv,French.Parsed.CSV,1
2,2.1166043095048335,6.438549901491756,0.34183710493804487,1.2209017451792512,cv,French.Parsed.CSV,1
3,1.791920382520692,5.283432373744348,0.3246839269841415,2.194953526131676,cv,French.Parsed.CSV,1
4,1.5422893559124098,4.5825490444218095,0.24963102660828218,3.1934776325648047,cv,French.Parsed.CSV,1
5,1.4733330666898798,4.4378809118448785,0.06895628922252994,3.5382590786774544,cv,French.Parsed.CSV,1
6,1.4667577449332723,4.426675813384299,0.006575321756607577,3.5777110092171,cv,French.Parsed.CSV,1
7,1.4664176940075855,4.426160309351586,0.00034005092568678563,3.5800913656969073,cv,French.Parsed.CSV,1
8,1.4664114563061912,4.4261461571974205,6.237701394296025e-06,3.5801412673080617,cv,French.Parsed.CSV,1
9,1.466411300951019,4.426146012871489,1.5535517228215667e-07,3.5801426655046122,cv,French.Parsed.CSV,1
10,1.466411300951019,4.426146012871489,-0.0,3.5801426655046122,cv,French.Parsed.CSV,1
11,1.466411300951019,4.426146012871489,-0.0,3.5801426655046122,cv,French.Parsed.CSV,1
12,1.466411300951019,4.426146012871489,-0.0,3.5801426655046122,cv,French.Parsed.CSV,1
13,1.466411300951019,4.426146012871489,-0.0,3.5801426655046122,cv,French.Parsed.CSV,1
14,1.466411300951019,4.426146012871489,-0.0,3.5801426655046122,cv,French.Parsed.CSV,1
15,1.466411300951019,4.426146012871489,-0.0,3.5801426655046122,cv,French.Parsed.CSV,1
16,1.466411300951019,4.426146012871489,-0.0,3.5801426655046122,cv,French.Parsed.CSV,1
17,1.466411300951019,4.426146012871489,-0.0,3.5801426655046122,cv,French.Parsed.CSV,1
18,1.466411300951019,4.426146012871489,-0.0,3.5801426655046122,cv,French.Parsed.CSV,1
19,1.466411300951019,4.426146012871489,-0.0,3.5801426655046122,cv,French.Parsed.CSV,1
20,1.466411300951019,4.426146012871489,-0.0,3.5801426655046122,cv,French.Parsed.CSV,1
21,1.466411300951019,4.426146012871489,-0.0,3.5801426655046122,cv,French.Parsed.CSV,1
0,2.99566894974604,9.69995727254968,nan,0.0,scramble,French.Parsed.CSV,2
1,2.542372524239295,8.316180333966882,0.45329642550674487,0.45329642550674487,scramble,French.Parsed.CSV,2
2,2.0562435548366493,6.333262229539465,0.4861289694026456,1.425554364312036,scramble,French.Parsed.CSV,2
3,1.5962025202887837,4.729561446256129,0.4600410345478656,2.8056774679556327,scramble,French.Parsed.CSV,2
4,1.4140126736446599,4.265303504633507,0.18218984664412385,3.534436854532128,scramble,French.Parsed.CSV,2
5,1.3941053492985347,4.226633917941048,0.019907324346125188,3.633973476262754,scramble,French.Parsed.CSV,2
6,1.3925635517097206,4.2239365558300035,0.00154179758881412,3.6432242617956385,scramble,French.Parsed.CSV,2
7,1.3921301153199823,4.223312825310223,0.00043343638973825094,3.6462583165238063,scramble,French.Parsed.CSV,2
8,1.3920898648822329,4.223268276918797,4.025043774946724e-05,3.646580320025802,scramble,French.Parsed.CSV,2
9,1.3920873165055514,4.223263540965037,2.5483766814549114e-06,3.6466032554159353,scramble,French.Parsed.CSV,2
10,1.3920872642151887,4.223263451331382,5.229036270648635e-08,3.6466037783195624,scramble,French.Parsed.CSV,2
11,1.3920872605699837,4.223263418822818,3.645205026714393e-09,3.6466038184168177,scramble,French.Parsed.CSV,2
12,1.3920872381988862,4.2232634059690435,2.23710974189828e-08,3.6466040868699867,scramble,French.Parsed.CSV,2
13,1.3920872381988862,4.2232634059690435,-0.0,3.6466040868699867,scramble,French.Parsed.CSV,2
14,1.3920872381988862,4.2232634059690435,-0.0,3.6466040868699867,scramble,French.Parsed.CSV,2
15,1.3920872381988862,4.2232634059690435,-0.0,3.6466040868699867,scramble,French.Parsed.CSV,2
16,1.3920872381988862,4.2232634059690435,-0.0,3.6466040868699867,scramble,French.Parsed.CSV,2
17,1.3920872381988862,4.2232634059690435,-0.0,3.6466040868699867,scramble,French.Parsed.CSV,2
18,1.3920872381988862,4.2232634059690435,-0.0,3.6466040868699867,scramble,French.Parsed.CSV,2
19,1.3920872381988862,4.2232634059690435,-0.0,3.6466040868699867,scramble,French.Parsed.CSV,2
20,1.3920872381988862,4.2232634059690435,-0.0,3.6466040868699867,scramble,French.Parsed.CSV,2
21,1.3920872381988862,4.2232634059690435,-0.0,3.6466040868699867,scramble,French.Parsed.CSV,2
0,2.99566894974604,9.69995727254968,nan,0.0,manner,French.Parsed.CSV,2
1,2.3688203232419456,7.204455414982111,0.6268486265040942,0.6268486265040942,manner,French.Parsed.CSV,2
2,2.018962903044679,5.9172813015609185,0.3498574201972664,1.326563466898627,manner,French.Parsed.CSV,2
3,1.7132561163935347,4.863683546376972,0.3057067866511445,2.2436838268520605,manner,French.Parsed.CSV,2
4,1.5121181174113598,4.307133351098875,0.20113799898217488,3.04823582278076,manner,French.Parsed.CSV,2
5,1.4474723257227509,4.1667991853696,0.06464579168860896,3.3714647812238048,manner,French.Parsed.CSV,2
6,1.437954071074714,4.149747536323601,0.009518254648036795,3.4285743091120255,manner,French.Parsed.CSV,2
7,1.436668061026275,4.147771836319454,0.0012860100484390902,3.437576379451099,manner,French.Parsed.CSV,2
8,1.4365208829275238,4.1475593141611204,0.00014717809875119947,3.4387538042411085,manner,French.Parsed.CSV,2
9,1.436481728098022,4.14751249412024,3.915482950178628e-05,3.4391061977066246,manner,French.Parsed.CSV,2
10,1.436476554650068,4.147504616304186,5.173447954032184e-06,3.439157932186165,manner,French.Parsed.CSV,2
11,1.4364697718540163,4.1474992635545425,6.782796051707507e-06,3.439232542942734,manner,French.Parsed.CSV,2
12,1.4364697718540163,4.1474992635545425,-0.0,3.439232542942734,manner,French.Parsed.CSV,2
13,1.4364697718540163,4.1474992635545425,-0.0,3.439232542942734,manner,French.Parsed.CSV,2
14,1.4364697718540163,4.1474992635545425,-0.0,3.439232542942734,manner,French.Parsed.CSV,2
15,1.4364697718540163,4.1474992635545425,-0.0,3.439232542942734,manner,French.Parsed.CSV,2
16,1.4364697718540163,4.1474992635545425,-0.0,3.439232542942734,manner,French.Parsed.CSV,2
17,1.4364697718540163,4.1474992635545425,-0.0,3.439232542942734,manner,French.Parsed.CSV,2
18,1.4364697718540163,4.1474992635545425,-0.0,3.439232542942734,manner,French.Parsed.CSV,2
19,1.4364697718540163,4.1474992635545425,-0.0,3.439232542942734,manner,French.Parsed.CSV,2
20,1.4364697718540163,4.1474992635545425,-0.0,3.439232542942734,manner,French.Parsed.CSV,2
21,1.4364697718540163,4.1474992635545425,-0.0,3.439232542942734,manner,French.Parsed.CSV,2
0,2.99566894974604,9.69995727254968,nan,0.0,cv,French.Parsed.CSV,2
1,2.459568526609452,7.682992497743824,0.5361004231365878,0.5361004231365878,cv,French.Parsed.CSV,2
2,2.1220258425866323,6.447510093029379,0.33754268402281973,1.2111857911822272,cv,French.Parsed.CSV,2
3,1.7894034194614783,5.267485559950009,0.332622423125154,2.2090530605576895,cv,French.Parsed.CSV,2
4,1.5436347808170756,4.5753431834566385,0.24576863864440268,3.1921276151353,cv,French.Parsed.CSV,2
5,1.4753408832015185,4.431326654995813,0.06829389761555715,3.533597103213086,cv,French.Parsed.CSV,2
6,1.4688698678198786,4.42026932609306,0.006471015381639855,3.572423195502925,cv,French.Parsed.CSV,2
7,1.4685075329437929,4.419682735979981,0.0003623348760857237,3.5749595396355254,cv,French.Parsed.CSV,2
8,1.468491778888452,4.419656559416803,1.5754055340932993e-05,3.575085572078253,cv,French.Parsed.CSV,2
9,1.4684883874169723,4.41965382323503,3.3914714796523526e-06,3.5751160953215697,cv,French.Parsed.CSV,2
10,1.4684867051389585,4.419651961212333,1.682278013781513e-06,3.5751329181017075,cv,French.Parsed.CSV,2
11,1.4684867051389585,4.419651961212333,-0.0,3.5751329181017075,cv,French.Parsed.CSV,2
12,1.4684867051389585,4.419651961212333,-0.0,3.5751329181017075,cv,French.Parsed.CSV,2
13,1.4684867051389585,4.419651961212333,-0.0,3.5751329181017075,cv,French.Parsed.CSV,2
14,1.4684867051389585,4.419651961212333,-0.0,3.5751329181017075,cv,French.Parsed.CSV,2
15,1.4684867051389585,4.419651961212333,-0.0,3.5751329181017075,cv,French.Parsed.CSV,2
16,1.4684867051389585,4.419651961212333,-0.0,3.5751329181017075,cv,French.Parsed.CSV,2
17,1.4684867051389585,4.419651961212333,-0.0,3.5751329181017075,cv,French.Parsed.CSV,2
18,1.4684867051389585,4.419651961212333,-0.0,3.5751329181017075,cv,French.Parsed.CSV,2
19,1.4684867051389585,4.419651961212333,-0.0,3.5751329181017075,cv,French.Parsed.CSV,2
20,1.4684867051389585,4.419651961212333,-0.0,3.5751329181017075,cv,French.Parsed.CSV,2
21,1.4684867051389585,4.419651961212333,-0.0,3.5751329181017075,cv,French.Parsed.CSV,2
0,2.99566894974604,9.69995727254968,nan,0.0,scramble,French.Parsed.CSV,3
1,2.559325502710027,8.29263079879155,0.436343447036013,0.436343447036013,scramble,French.Parsed.CSV,3
2,1.997471674028833,6.126665684708529,0.5618538286811938,1.5600511043984007,scramble,French.Parsed.CSV,3
3,1.5588736808639525,4.635775283138323,0.43859799316488046,2.875845083893042,scramble,French.Parsed.CSV,3
4,1.4125514093392697,4.263098145133427,0.1463222715246828,3.461134169991773,scramble,French.Parsed.CSV,3
5,1.3938665270222559,4.226245035450855,0.018684882317013818,3.554558581576842,scramble,French.Parsed.CSV,3
6,1.392259810666016,4.223597095616692,0.001606716356239879,3.564198879714281,scramble,French.Parsed.CSV,3
7,1.3921030283929234,4.223314220800898,0.00015678227309257053,3.565296355625929,scramble,French.Parsed.CSV,3
8,1.3920896044133422,4.223279829952737,1.3423979581261847e-05,3.5654037474625793,scramble,French.Parsed.CSV,3
9,1.3920880602840668,4.223275042765116,1.5441292753326508e-06,3.5654176446260575,scramble,French.Parsed.CSV,3
10,1.3920880151111168,4.223274949415386,4.517295004724531e-08,3.565418096355558,scramble,French.Parsed.CSV,3
11,1.3920872385983023,4.223274146905332,7.765128144932021e-07,3.5654266379965174,scramble,French.Parsed.CSV,3
12,1.3920872381988858,4.223274146519987,3.994164998744054e-10,3.5654266427895154,scramble,French.Parsed.CSV,3
13,1.3920872381988858,4.223274146519987,-0.0,3.5654266427895154,scramble,French.Parsed.CSV,3
14,1.3920872381988858,4.223274146519987,-0.0,3.5654266427895154,scramble,French.Parsed.CSV,3
15,1.3920872381988858,4.223274146519987,-0.0,3.5654266427895154,scramble,French.Parsed.CSV,3
16,1.3920872381988858,4.223274146519987,-0.0,3.5654266427895154,scramble,French.Parsed.CSV,3
17,1.3920872381988858,4.223274146519987,-0.0,3.5654266427895154,scramble,French.Parsed.CSV,3
18,1.3920872381988858,4.223274146519987,-0.0,3.5654266427895154,scramble,French.Parsed.CSV,3
19,1.3920872381988858,4.223274146519987,-0.0,3.5654266427895154,scramble,French.Parsed.CSV,3
20,1.3920872381988858,4.223274146519987,-0.0,3.5654266427895154,scramble,French.Parsed.CSV,3
21,1.3920872381988858,4.223274146519987,-0.0,3.5654266427895154,scramble,French.Parsed.CSV,3
0,2.99566894974604,9.69995727254968,nan,0.0,manner,French.Parsed.CSV,3
1,2.369592823321682,7.209131875767179,0.626076126424358,0.626076126424358,manner,French.Parsed.CSV,3
2,2.016630372940695,5.919688175778641,0.35296245038098695,1.3320010271863318,manner,French.Parsed.CSV,3
3,1.7142201418773513,4.869609973073975,0.30241023106334364,2.2392317203763628,manner,French.Parsed.CSV,3
4,1.512743303396077,4.311941321751045,0.20147683848127418,3.0451390743014595,manner,French.Parsed.CSV,3
5,1.4483501748705352,4.17166982238656,0.06439312852554191,3.367104716929169,manner,French.Parsed.CSV,3
6,1.4388954198081665,4.154848459993216,0.009454755062368703,3.423833247303381,manner,French.Parsed.CSV,3
7,1.4377121890814883,4.152953835187364,0.0011832307266781417,3.432115862390128,manner,French.Parsed.CSV,3
8,1.4375630307264482,4.152745627889434,0.00014915835504014652,3.433309129230449,manner,French.Parsed.CSV,3
9,1.437541995775337,4.152707352560322,2.1034951111165157e-05,3.4334984437904494,manner,French.Parsed.CSV,3
10,1.4375297563046254,4.152691878060417,1.2239470711605804e-05,3.4336208384975655,manner,French.Parsed.CSV,3
11,1.4375284542340037,4.152688367840783,1.3020706217670153e-06,3.433635161274405,manner,French.Parsed.CSV,3
12,1.4375284542340037,4.152688367840783,-0.0,3.433635161274405,manner,French.Parsed.CSV,3
13,1.4375284542340037,4.152688367840783,-0.0,3.433635161274405,manner,French.Parsed.CSV,3
14,1.4375284542340037,4.152688367840783,-0.0,3.433635161274405,manner,French.Parsed.CSV,3
15,1.4375284542340037,4.152688367840783,-0.0,3.433635161274405,manner,French.Parsed.CSV,3
16,1.4375284542340037,4.152688367840783,-0.0,3.433635161274405,manner,French.Parsed.CSV,3
17,1.4375284542340037,4.152688367840783,-0.0,3.433635161274405,manner,French.Parsed.CSV,3
18,1.4375284542340037,4.152688367840783,-0.0,3.433635161274405,manner,French.Parsed.CSV,3
19,1.4375284542340037,4.152688367840783,-0.0,3.433635161274405,manner,French.Parsed.CSV,3
20,1.4375284542340037,4.152688367840783,-0.0,3.433635161274405,manner,French.Parsed.CSV,3
21,1.4375284542340037,4.152688367840783,-0.0,3.433635161274405,manner,French.Parsed.CSV,3
0,2.99566894974604,9.69995727254968,nan,0.0,cv,French.Parsed.CSV,3
1,2.4617533218186067,7.696062280595923,0.5339156279274331,0.5339156279274331,cv,French.Parsed.CSV,3
2,2.1223561758329645,6.453399543545008,0.3393971459856422,1.2127099198987175,cv,French.Parsed.CSV,3
3,1.7930033033423747,5.27924398410208,0.32935287249058987,2.200768537370487,cv,French.Parsed.CSV,3
4,1.5443507646014818,4.579907410433481,0.24865253874089288,3.1953786923340584,cv,French.Parsed.CSV,3
5,1.4752245920861924,4.435736497305973,0.06912617251528941,3.5410095549105054,cv,French.Parsed.CSV,3
6,1.468991810723633,4.424956155428359,0.0062327813625593365,3.5784062430858614,cv,French.Parsed.CSV,3
7,1.4686900471122397,4.4244516054416065,0.0003017636113933353,3.5805185883656145,cv,French.Parsed.CSV,3
8,1.4686599345842926,4.4244181738889115,3.011252794715702e-05,3.580759488589192,cv,French.Parsed.CSV,3
9,1.468659717026527,4.424417909682041,2.1755776558052276e-07,3.580761446609082,cv,French.Parsed.CSV,3
10,1.468659717026527,4.424417909682041,-0.0,3.580761446609082,cv,French.Parsed.CSV,3
11,1.468659717026527,4.424417909682041,-0.0,3.580761446609082,cv,French.Parsed.CSV,3
12,1.468659717026527,4.424417909682041,-0.0,3.580761446609082,cv,French.Parsed.CSV,3
13,1.468659717026527,4.424417909682041,-0.0,3.580761446609082,cv,French.Parsed.CSV,3
14,1.468659717026527,4.424417909682041,-0.0,3.580761446609082,cv,French.Parsed.CSV,3
15,1.468659717026527,4.424417909682041,-0.0,3.580761446609082,cv,French.Parsed.CSV,3
16,1.468659717026527,4.424417909682041,-0.0,3.580761446609082,cv,French.Parsed.CSV,3
17,1.468659717026527,4.424417909682041,-0.0,3.580761446609082,cv,French.Parsed.CSV,3
18,1.468659717026527,4.424417909682041,-0.0,3.580761446609082,cv,French.Parsed.CSV,3
19,1.468659717026527,4.424417909682041,-0.0,3.580761446609082,cv,French.Parsed.CSV,3
20,1.468659717026527,4.424417909682041,-0.0,3.580761446609082,cv,French.Parsed.CSV,3
21,1.468659717026527,4.424417909682041,-0.0,3.580761446609082,cv,French.Parsed.CSV,3
0,2.99566894974604,9.69995727254968,nan,0.0,scramble,French.Parsed.CSV,4
1,2.5858948846783236,8.451848798595115,0.4097740650677162,0.4097740650677162,scramble,French.Parsed.CSV,4
2,2.0636720309126275,6.372256688673929,0.5222228537656961,1.4542197725991084,scramble,French.Parsed.CSV,4
3,1.5954436043202223,4.752612802386423,0.46822842659240527,2.858905052376324,scramble,French.Parsed.CSV,4
4,1.420697868533711,4.307558021571074,0.1747457357865112,3.557887995522369,scramble,French.Parsed.CSV,4
5,1.3947186929225537,4.258265031506894,0.025979175611157368,3.687783873578156,scramble,French.Parsed.CSV,4
6,1.3926125443519755,4.254698191471966,0.0021061485705782257,3.7004207650016254,scramble,French.Parsed.CSV,4
7,1.3921055266150437,4.253955548358992,0.0005070177369317364,3.7039698891601476,scramble,French.Parsed.CSV,4
8,1.3920916033073363,4.253927031392904,1.3923307707441879e-05,3.704081275621807,scramble,French.Parsed.CSV,4
9,1.392087443103468,4.253919470102802,4.160203868286416e-06,3.7041187174566215,scramble,French.Parsed.CSV,4
10,1.3920872905251553,4.253919312757695,1.525783126510305e-07,3.704120243239748,scramble,French.Parsed.CSV,4
11,1.3920872688075507,4.253919286297743,2.1717604603566087e-08,3.7041204821333986,scramble,French.Parsed.CSV,4
12,1.392087238198886,4.2539192542185855,3.060866471393808e-08,3.704120849437375,scramble,French.Parsed.CSV,4
13,1.392087238198886,4.2539192542185855,-0.0,3.704120849437375,scramble,French.Parsed.CSV,4
14,1.392087238198886,4.2539192542185855,-0.0,3.704120849437375,scramble,French.Parsed.CSV,4
15,1.392087238198886,4.2539192542185855,-0.0,3.704120849437375,scramble,French.Parsed.CSV,4
16,1.392087238198886,4.2539192542185855,-0.0,3.704120849437375,scramble,French.Parsed.CSV,4
17,1.392087238198886,4.2539192542185855,-0.0,3.704120849437375,scramble,French.Parsed.CSV,4
18,1.392087238198886,4.2539192542185855,-0.0,3.704120849437375,scramble,French.Parsed.CSV,4
19,1.392087238198886,4.2539192542185855,-0.0,3.704120849437375,scramble,French.Parsed.CSV,4
20,1.392087238198886,4.2539192542185855,-0.0,3.704120849437375,scramble,French.Parsed.CSV,4
21,1.392087238198886,4.2539192542185855,-0.0,3.704120849437375,scramble,French.Parsed.CSV,4
0,2.99566894974604,9.69995727254968,nan,0.0,manner,French.Parsed.CSV,4
1,2.368701467292932,7.201599990202466,0.6269674824531077,0.6269674824531077,manner,French.Parsed.CSV,4
2,2.0194273371882634,5.922538371022787,0.3492741301046687,1.325515742662445,manner,French.Parsed.CSV,4
3,1.7143965916041386,4.865983380047179,0.3050307455841248,2.2406079794148193,manner,French.Parsed.CSV,4
4,1.5123472234170015,4.306753940437946,0.20204936818713715,3.048805452163368,manner,French.Parsed.CSV,4
5,1.447396675293559,4.165749194858084,0.06495054812344248,3.37355819278058,manner,French.Parsed.CSV,4
6,1.4376986103080565,4.148450119180402,0.00969806498550252,3.431746582693595,manner,French.Parsed.CSV,4
7,1.436402655933856,4.146484988376469,0.001295954374200381,3.440818263312998,manner,French.Parsed.CSV,4
8,1.4363131888341953,4.146324560008208,8.946709966073385e-05,3.4415340001102837,manner,French.Parsed.CSV,4
9,1.4362601946900129,4.146270453489067,5.299414418247217e-05,3.442010947407926,manner,French.Parsed.CSV,4
10,1.4362544702585263,4.146257736406659,5.72443148660895e-06,3.442068191722792,manner,French.Parsed.CSV,4
11,1.4362540896195037,4.146257388427555,3.8063902252361004e-07,3.44207237875204,manner,French.Parsed.CSV,4
12,1.4362540506496495,4.146257357349224,3.896985423246235e-08,3.4420728463902908,manner,French.Parsed.CSV,4
13,1.4362540506496495,4.146257357349224,-0.0,3.4420728463902908,manner,French.Parsed.CSV,4
14,1.4362540506496495,4.146257357349224,-0.0,3.4420728463902908,manner,French.Parsed.CSV,4
15,1.4362540506496495,4.146257357349224,-0.0,3.4420728463902908,manner,French.Parsed.CSV,4
16,1.4362540506496495,4.146257357349224,-0.0,3.4420728463902908,manner,French.Parsed.CSV,4
17,1.4362540506496495,4.146257357349224,-0.0,3.4420728463902908,manner,French.Parsed.CSV,4
18,1.4362540506496495,4.146257357349224,-0.0,3.4420728463902908,manner,French.Parsed.CSV,4
19,1.4362540506496495,4.146257357349224,-0.0,3.4420728463902908,manner,French.Parsed.CSV,4
20,1.4362540506496495,4.146257357349224,-0.0,3.4420728463902908,manner,French.Parsed.CSV,4
21,1.4362540506496495,4.146257357349224,-0.0,3.4420728463902908,manner,French.Parsed.CSV,4
0,2.99566894974604,9.69995727254968,nan,0.0,cv,French.Parsed.CSV,4
1,2.4579454886034133,7.683369275355738,0.5377234611426265,0.5377234611426265,cv,French.Parsed.CSV,4
2,2.117512470686436,6.4464721805231635,0.3404330179169772,1.218589496976581,cv,French.Parsed.CSV,4
3,1.7893725886398313,5.274706398492987,0.3281398820466048,2.2030091431163954,cv,French.Parsed.CSV,4
4,1.542149875395906,4.578229302941658,0.2472227132439253,3.1918999960920966,cv,French.Parsed.CSV,4
5,1.473441413608309,4.433955618206882,0.06870846178759704,3.535442305030082,cv,French.Parsed.CSV,4
6,1.4668049728351695,4.422758030458521,0.006636440773139407,3.5752609496689183,cv,French.Parsed.CSV,4
7,1.466429611482927,4.4222076407159605,0.00037536135224258693,3.577888479134616,cv,French.Parsed.CSV,4
8,1.4664169747302513,4.4221807666332795,1.2636752675598828e-05,3.577989573156021,cv,French.Parsed.CSV,4
9,1.466415898298814,4.422179778230394,1.0764314373190587e-06,3.577999261038957,cv,French.Parsed.CSV,4
10,1.466415898298814,4.422179778230394,-0.0,3.577999261038957,cv,French.Parsed.CSV,4
11,1.466415898298814,4.422179778230394,-0.0,3.577999261038957,cv,French.Parsed.CSV,4
12,1.466415898298814,4.422179778230394,-0.0,3.577999261038957,cv,French.Parsed.CSV,4
13,1.466415898298814,4.422179778230394,-0.0,3.577999261038957,cv,French.Parsed.CSV,4
14,1.466415898298814,4.422179778230394,-0.0,3.577999261038957,cv,French.Parsed.CSV,4
15,1.466415898298814,4.422179778230394,-0.0,3.577999261038957,cv,French.Parsed.CSV,4
16,1.466415898298814,4.422179778230394,-0.0,3.577999261038957,cv,French.Parsed.CSV,4
17,1.466415898298814,4.422179778230394,-0.0,3.577999261038957,cv,French.Parsed.CSV,4
18,1.466415898298814,4.422179778230394,-0.0,3.577999261038957,cv,French.Parsed.CSV,4
19,1.466415898298814,4.422179778230394,-0.0,3.577999261038957,cv,French.Parsed.CSV,4
20,1.466415898298814,4.422179778230394,-0.0,3.577999261038957,cv,French.Parsed.CSV,4
21,1.466415898298814,4.422179778230394,-0.0,3.577999261038957,cv,French.Parsed.CSV,4
0,2.99566894974604,9.69995727254968,nan,0.0,scramble,French.Parsed.CSV,5
1,2.5156459455293176,8.103708595429532,0.48002300421672217,0.48002300421672217,scramble,French.Parsed.CSV,5
2,2.044498272394608,6.2500326507336075,0.4711476731347095,1.4223183504861412,scramble,French.Parsed.CSV,5
3,1.5998086571192325,4.7176132870848635,0.44468961527537565,2.756387196312268,scramble,French.Parsed.CSV,5
4,1.4266237740598753,4.277239067591854,0.1731848830593572,3.4491267285496967,scramble,French.Parsed.CSV,5
5,1.3973332197394508,4.2234897841362855,0.02929055432042449,3.5955795001518194,scramble,French.Parsed.CSV,5
6,1.3927941864379991,4.216229080775407,0.004539033301451667,3.6228136999605294,scramble,French.Parsed.CSV,5
7,1.3921653212808758,4.215303236452639,0.0006288651571233483,3.6272157560603926,scramble,French.Parsed.CSV,5
8,1.3921060120859934,4.215208153640375,5.930919488239539e-05,3.6276902296194518,scramble,French.Parsed.CSV,5
9,1.3920878206307057,4.215182554731411,1.8191455287697167e-05,3.6278539527170413,scramble,French.Parsed.CSV,5
10,1.3920873937343008,4.215181752558701,4.2689640489257386e-07,3.62785822168109,scramble,French.Parsed.CSV,5
11,1.3920873010471766,4.215181547921159,9.268712419796543e-08,3.6278592412394564,scramble,French.Parsed.CSV,5
12,1.392087238198886,4.2151815017670975,6.284829057179309e-08,3.627859995418943,scramble,French.Parsed.CSV,5
13,1.392087238198886,4.2151815017670975,-0.0,3.627859995418943,scramble,French.Parsed.CSV,5
14,1.392087238198886,4.2151815017670975,-0.0,3.627859995418943,scramble,French.Parsed.CSV,5
15,1.392087238198886,4.2151815017670975,-0.0,3.627859995418943,scramble,French.Parsed.CSV,5
16,1.392087238198886,4.2151815017670975,-0.0,3.627859995418943,scramble,French.Parsed.CSV,5
17,1.392087238198886,4.2151815017670975,-0.0,3.627859995418943,scramble,French.Parsed.CSV,5
18,1.392087238198886,4.2151815017670975,-0.0,3.627859995418943,scramble,French.Parsed.CSV,5
19,1.392087238198886,4.2151815017670975,-0.0,3.627859995418943,scramble,French.Parsed.CSV,5
20,1.392087238198886,4.2151815017670975,-0.0,3.627859995418943,scramble,French.Parsed.CSV,5
21,1.392087238198886,4.2151815017670975,-0.0,3.627859995418943,scramble,French.Parsed.CSV,5
0,2.99566894974604,9.69995727254968,nan,0.0,manner,French.Parsed.CSV,5
1,2.371595417251455,7.210355140430264,0.624073532494585,0.624073532494585,manner,French.Parsed.CSV,5
2,2.017829733365334,5.91877981547942,0.35376568388612073,1.3316049002668264,manner,French.Parsed.CSV,5
3,1.7149827560814779,4.868579803319168,0.30284697728385623,2.240145832118395,manner,French.Parsed.CSV,5
4,1.513031896086547,4.30925195896227,0.2019508599949309,3.0479492720981187,manner,French.Parsed.CSV,5
5,1.4480960078051186,4.168117999452144,0.06493588828142838,3.372628713505261,manner,French.Parsed.CSV,5
6,1.4384156916207098,4.151080791960167,0.009680316184408788,3.4307106106117136,manner,French.Parsed.CSV,5
7,1.4371681829833673,4.14914933489512,0.0012475086373424649,3.439443171073111,manner,French.Parsed.CSV,5
8,1.4369425717539712,4.148857715152154,0.00022561122939612765,3.44124806090828,manner,French.Parsed.CSV,5
9,1.4369134234762506,4.148823241267406,2.9148277720603133e-05,3.4415103954077653,manner,French.Parsed.CSV,5
10,1.4369125934746734,4.148821999459253,8.300015772455538e-07,3.4415186954235377,manner,French.Parsed.CSV,5
11,1.4369125861152947,4.148821976347452,7.3593786620307355e-09,3.441518776376703,manner,French.Parsed.CSV,5
12,1.4369125861152947,4.148821976347452,-0.0,3.441518776376703,manner,French.Parsed.CSV,5
13,1.4369125861152947,4.148821976347452,-0.0,3.441518776376703,manner,French.Parsed.CSV,5
14,1.4369125861152947,4.148821976347452,-0.0,3.441518776376703,manner,French.Parsed.CSV,5
15,1.4369125861152947,4.148821976347452,-0.0,3.441518776376703,manner,French.Parsed.CSV,5
16,1.4369125861152947,4.148821976347452,-0.0,3.441518776376703,manner,French.Parsed.CSV,5
17,1.4369125861152947,4.148821976347452,-0.0,3.441518776376703,manner,French.Parsed.CSV,5
18,1.4369125861152947,4.148821976347452,-0.0,3.441518776376703,manner,French.Parsed.CSV,5
19,1.4369125861152947,4.148821976347452,-0.0,3.441518776376703,manner,French.Parsed.CSV,5
20,1.4369125861152947,4.148821976347452,-0.0,3.441518776376703,manner,French.Parsed.CSV,5
21,1.4369125861152947,4.148821976347452,-0.0,3.441518776376703,manner,French.Parsed.CSV,5
0,2.99566894974604,9.69995727254968,nan,0.0,cv,French.Parsed.CSV,5
1,2.456784533794446,7.674847181900143,0.538884415951594,0.538884415951594,cv,French.Parsed.CSV,5
2,2.1141117159643126,6.428948173969644,0.34267281783013326,1.2242300516118605,cv,French.Parsed.CSV,5
3,1.786441819588113,5.262206436281795,0.3276698963761995,2.2072397407404587,cv,French.Parsed.CSV,5
4,1.5375626941698652,4.566155431372973,0.24887912541824786,3.20275624241345,cv,French.Parsed.CSV,5
5,1.4703752524563525,4.424448151039907,0.06718744171351276,3.5386934509810137,cv,French.Parsed.CSV,5
6,1.4638294796231244,4.413197702098678,0.006545772833228103,3.5779680879803824,cv,French.Parsed.CSV,5
7,1.463546602047085,4.412748677142684,0.00028287757603928654,3.5799482310126574,cv,French.Parsed.CSV,5
8,1.4635320487275076,4.412727759111462,1.455331957744832e-05,3.580064657569277,cv,French.Parsed.CSV,5
9,1.4635318283746817,4.412727164623877,2.2035282598587003e-07,3.580066640744711,cv,French.Parsed.CSV,5
10,1.4635317623612543,4.412727100013314,6.601342739109839e-08,3.580067300878985,cv,French.Parsed.CSV,5
11,1.4635317623612543,4.412727100013314,-0.0,3.580067300878985,cv,French.Parsed.CSV,5
12,1.4635317623612543,4.412727100013314,-0.0,3.580067300878985,cv,French.Parsed.CSV,5
13,1.4635317623612543,4.412727100013314,-0.0,3.580067300878985,cv,French.Parsed.CSV,5
14,1.4635317623612543,4.412727100013314,-0.0,3.580067300878985,cv,French.Parsed.CSV,5
15,1.4635317623612543,4.412727100013314,-0.0,3.580067300878985,cv,French.Parsed.CSV,5
16,1.4635317623612543,4.412727100013314,-0.0,3.580067300878985,cv,French.Parsed.CSV,5
17,1.4635317623612543,4.412727100013314,-0.0,3.580067300878985,cv,French.Parsed.CSV,5
18,1.4635317623612543,4.412727100013314,-0.0,3.580067300878985,cv,French.Parsed.CSV,5
19,1.4635317623612543,4.412727100013314,-0.0,3.580067300878985,cv,French.Parsed.CSV,5
20,1.4635317623612543,4.412727100013314,-0.0,3.580067300878985,cv,French.Parsed.CSV,5
21,1.4635317623612543,4.412727100013314,-0.0,3.580067300878985,cv,French.Parsed.CSV,5
0,2.99566894974604,9.69995727254968,nan,0.0,scramble,French.Parsed.CSV,6
1,2.5136376801363682,8.10899621177354,0.4820312696096716,0.4820312696096716,scramble,French.Parsed.CSV,6
2,2.0115332863076425,6.160803500057753,0.5021043938287257,1.486240057267123,scramble,French.Parsed.CSV,6
3,1.5813635536921111,4.695692729022433,0.4301697326155314,2.7767492551137174,scramble,French.Parsed.CSV,6
4,1.4188361851109377,4.28418185902546,0.16252736858117345,3.426858729438411,scramble,French.Parsed.CSV,6
5,1.396339476523185,4.2390218021092405,0.022496708587752767,3.539342272377175,scramble,French.Parsed.CSV,6
6,1.3932425002233462,4.233600298152465,0.0030969762998387385,3.5579241301762075,scramble,French.Parsed.CSV,6
7,1.3925535551523536,4.232447096754575,0.000688945070992597,3.562746745673156,scramble,French.Parsed.CSV,6
8,1.3925086736065944,4.232394045744339,4.4881545759212216e-05,3.5631057980392296,scramble,French.Parsed.CSV,6
9,1.3920915719382416,4.231677724303149,0.0004171016683527373,3.566859713054404,scramble,French.Parsed.CSV,6
10,1.3920872381988858,4.231670925307673,4.3337393558218196e-06,3.566903050447962,scramble,French.Parsed.CSV,6
11,1.3920872381988858,4.231670925307673,-0.0,3.566903050447962,scramble,French.Parsed.CSV,6
12,1.3920872381988858,4.231670925307673,-0.0,3.566903050447962,scramble,French.Parsed.CSV,6
13,1.3920872381988858,4.231670925307673,-0.0,3.566903050447962,scramble,French.Parsed.CSV,6
14,1.3920872381988858,4.231670925307673,-0.0,3.566903050447962,scramble,French.Parsed.CSV,6
15,1.3920872381988858,4.231670925307673,-0.0,3.566903050447962,scramble,French.Parsed.CSV,6
16,1.3920872381988858,4.231670925307673,-0.0,3.566903050447962,scramble,French.Parsed.CSV,6
17,1.3920872381988858,4.231670925307673,-0.0,3.566903050447962,scramble,French.Parsed.CSV,6
18,1.3920872381988858,4.231670925307673,-0.0,3.566903050447962,scramble,French.Parsed.CSV,6
19,1.3920872381988858,4.231670925307673,-0.0,3.566903050447962,scramble,French.Parsed.CSV,6
20,1.3920872381988858,4.231670925307673,-0.0,3.566903050447962,scramble,French.Parsed.CSV,6
21,1.3920872381988858,4.231670925307673,-0.0,3.566903050447962,scramble,French.Parsed.CSV,6
0,2.99566894974604,9.69995727254968,nan,0.0,manner,French.Parsed.CSV,6
1,2.3730854731192976,7.212199356650936,0.6225834766267422,0.6225834766267422,manner,French.Parsed.CSV,6
2,2.017823502142224,5.911901870226216,0.35526197097707346,1.333107418580889,manner,French.Parsed.CSV,6
3,1.7126539715263285,4.858897510585016,0.3051695306158957,2.2486160104285764,manner,French.Parsed.CSV,6
4,1.5126680356065636,4.302016743848362,0.19998593591976488,3.048559754107636,manner,French.Parsed.CSV,6
5,1.4478207990230427,4.161857444163528,0.06484723658352087,3.3727959370252405,manner,French.Parsed.CSV,6
6,1.4383042476285681,4.14498112928224,0.009516551394474604,3.429895245392088,manner,French.Parsed.CSV,6
7,1.4371248005882336,4.143103588468885,0.0011794470403345692,3.43815137467443,manner,French.Parsed.CSV,6
8,1.4370070197011835,4.1429196642075,0.00011778088705005629,3.4390936217708306,manner,French.Parsed.CSV,6
9,1.4369910120158202,4.142897315630229,1.60076853632507e-05,3.4392376909391,manner,French.Parsed.CSV,6
10,1.4369907577034882,4.142897096566109,2.543123320819518e-07,3.439240234062421,manner,French.Parsed.CSV,6
11,1.4369907577034882,4.142897096566109,-0.0,3.439240234062421,manner,French.Parsed.CSV,6
12,1.4369907577034882,4.142897096566109,-0.0,3.439240234062421,manner,French.Parsed.CSV,6
13,1.4369907577034882,4.142897096566109,-0.0,3.439240234062421,manner,French.Parsed.CSV,6
14,1.4369907577034882,4.142897096566109,-0.0,3.439240234062421,manner,French.Parsed.CSV,6
15,1.4369907577034882,4.142897096566109,-0.0,3.439240234062421,manner,French.Parsed.CSV,6
16,1.4369907577034882,4.142897096566109,-0.0,3.439240234062421,manner,French.Parsed.CSV,6
17,1.4369907577034882,4.142897096566109,-0.0,3.439240234062421,manner,French.Parsed.CSV,6
18,1.4369907577034882,4.142897096566109,-0.0,3.439240234062421,manner,French.Parsed.CSV,6
19,1.4369907577034882,4.142897096566109,-0.0,3.439240234062421,manner,French.Parsed.CSV,6
20,1.4369907577034882,4.142897096566109,-0.0,3.439240234062421,manner,French.Parsed.CSV,6
21,1.4369907577034882,4.142897096566109,-0.0,3.439240234062421,manner,French.Parsed.CSV,6
0,2.99566894974604,9.69995727254968,nan,0.0,cv,French.Parsed.CSV,6
1,2.4578442848201263,7.679921707335673,0.5378246649259135,0.5378246649259135,cv,French.Parsed.CSV,6
2,2.1185134711489226,6.44753789142693,0.33933081367120366,1.2164862922683208,cv,French.Parsed.CSV,6
3,1.7888314532901375,5.277314143234108,0.32968201785878515,2.2055323458446763,cv,French.Parsed.CSV,6
4,1.5401376941677183,4.578560920763024,0.2486937591224192,3.200307382334353,cv,French.Parsed.CSV,6
5,1.472629244656494,4.4356823186790795,0.06750844951122437,3.537849629890475,cv,French.Parsed.CSV,6
6,1.4662586085092237,4.424658078998235,0.006370636147270181,3.576073446774096,cv,French.Parsed.CSV,6
7,1.46593983555197,4.424138977672896,0.00031877295725379895,3.5783048574748726,cv,French.Parsed.CSV,6
8,1.4659155440520046,4.424110324736652,2.4291499965301e-05,3.578499189474595,cv,French.Parsed.CSV,6
9,1.4659152871264247,4.424109971111508,2.569255799222958e-07,3.5785015018048143,cv,French.Parsed.CSV,6
10,1.4659152871264247,4.424109971111508,-0.0,3.5785015018048143,cv,French.Parsed.CSV,6
11,1.4659152871264247,4.424109971111508,-0.0,3.5785015018048143,cv,French.Parsed.CSV,6
12,1.4659152871264247,4.424109971111508,-0.0,3.5785015018048143,cv,French.Parsed.CSV,6
13,1.4659152871264247,4.424109971111508,-0.0,3.5785015018048143,cv,French.Parsed.CSV,6
14,1.4659152871264247,4.424109971111508,-0.0,3.5785015018048143,cv,French.Parsed.CSV,6
15,1.4659152871264247,4.424109971111508,-0.0,3.5785015018048143,cv,French.Parsed.CSV,6
16,1.4659152871264247,4.424109971111508,-0.0,3.5785015018048143,cv,French.Parsed.CSV,6
17,1.4659152871264247,4.424109971111508,-0.0,3.5785015018048143,cv,French.Parsed.CSV,6
18,1.4659152871264247,4.424109971111508,-0.0,3.5785015018048143,cv,French.Parsed.CSV,6
19,1.4659152871264247,4.424109971111508,-0.0,3.5785015018048143,cv,French.Parsed.CSV,6
20,1.4659152871264247,4.424109971111508,-0.0,3.5785015018048143,cv,French.Parsed.CSV,6
21,1.4659152871264247,4.424109971111508,-0.0,3.5785015018048143,cv,French.Parsed.CSV,6
0,2.99566894974604,9.69995727254968,nan,0.0,scramble,French.Parsed.CSV,7
1,2.5650498809332993,8.335667685907453,0.4306190688127405,0.4306190688127405,scramble,French.Parsed.CSV,7
2,2.0784119752480157,6.4110468206033735,0.48663790568528364,1.4038948801833078,scramble,French.Parsed.CSV,7
3,1.5885597593516465,4.711699158188138,0.4898522158963692,2.8734515278724153,scramble,French.Parsed.CSV,7
4,1.4184893221546093,4.286050481007058,0.17007043719703718,3.553733276660564,scramble,French.Parsed.CSV,7
5,1.3944427832421447,4.238745616081063,0.024046538912464666,3.6739659712228874,scramble,French.Parsed.CSV,7
6,1.3925878704193955,4.235578950570779,0.0018549128227491885,3.6850954481593825,scramble,French.Parsed.CSV,7
7,1.3921813931944094,4.23500170933736,0.0004064772249861015,3.687940788734285,scramble,French.Parsed.CSV,7
8,1.392110306689077,4.234900556619289,7.108650533238503e-05,3.6885094807769443,scramble,French.Parsed.CSV,7
9,1.3920914117982741,4.234881113385047,1.8894890802867437e-05,3.6886795347941703,scramble,French.Parsed.CSV,7
10,1.3920887072672592,4.234878477875092,2.704531014918743e-06,3.6887065801043195,scramble,French.Parsed.CSV,7
11,1.3920872385983023,4.234875168921311,1.4686689568943478e-06,3.6887227354628456,scramble,French.Parsed.CSV,7
12,1.3920872385983023,4.234875168921311,-0.0,3.6887227354628456,scramble,French.Parsed.CSV,7
13,1.3920872385983023,4.234875168921311,-0.0,3.6887227354628456,scramble,French.Parsed.CSV,7
14,1.3920872381988858,4.234875168535967,3.994164998744054e-10,3.6887227410546766,scramble,French.Parsed.CSV,7
15,1.3920872381988858,4.234875168535967,-0.0,3.6887227410546766,scramble,French.Parsed.CSV,7
16,1.3920872381988858,4.234875168535967,-0.0,3.6887227410546766,scramble,French.Parsed.CSV,7
17,1.3920872381988858,4.234875168535967,-0.0,3.6887227410546766,scramble,French.Parsed.CSV,7
18,1.3920872381988858,4.234875168535967,-0.0,3.6887227410546766,scramble,French.Parsed.CSV,7
19,1.3920872381988858,4.234875168535967,-0.0,3.6887227410546766,scramble,French.Parsed.CSV,7
20,1.3920872381988858,4.234875168535967,-0.0,3.6887227410546766,scramble,French.Parsed.CSV,7
21,1.3920872381988858,4.234875168535967,-0.0,3.6887227410546766,scramble,French.Parsed.CSV,7
0,2.99566894974604,9.69995727254968,nan,0.0,manner,French.Parsed.CSV,7
1,2.3679836498502533,7.2032669852742055,0.6276852998957865,0.6276852998957865,manner,French.Parsed.CSV,7
2,2.0148494077062145,5.912573359123674,0.3531342421440389,1.3339537841838642,manner,French.Parsed.CSV,7
3,1.7129247187019236,4.865020823928367,0.3019246890042908,2.2397278511967365,manner,French.Parsed.CSV,7
4,1.512017809407803,4.3058400653393605,0.2009069092941207,3.0433554883732192,manner,French.Parsed.CSV,7
5,1.4477476307694812,4.166241088324977,0.06427017863832174,3.3647063815648277,manner,French.Parsed.CSV,7
6,1.4380695503625391,4.149159248150585,0.009678080406942069,3.42277486400648,manner,French.Parsed.CSV,7
7,1.4369513753075285,4.1473923151136445,0.0011181750550106617,3.430602089391555,manner,French.Parsed.CSV,7
8,1.436797396397215,4.147171696676885,0.00015397891031354582,3.4318339206740633,manner,French.Parsed.CSV,7
9,1.436779759256685,4.147143055935728,1.763714052982479e-05,3.4319926549388318,manner,French.Parsed.CSV,7
10,1.4367769933940868,4.147139916157117,2.7658625982862617e-06,3.4320203135648146,manner,French.Parsed.CSV,7
11,1.4367769661148104,4.147139882827208,2.727927639334382e-08,3.4320206136368547,manner,French.Parsed.CSV,7
12,1.4367769661148104,4.147139882827208,-0.0,3.4320206136368547,manner,French.Parsed.CSV,7
13,1.4367769661148104,4.147139882827208,-0.0,3.4320206136368547,manner,French.Parsed.CSV,7
14,1.4367769661148104,4.147139882827208,-0.0,3.4320206136368547,manner,French.Parsed.CSV,7
15,1.4367769661148104,4.147139882827208,-0.0,3.4320206136368547,manner,French.Parsed.CSV,7
16,1.4367769661148104,4.147139882827208,-0.0,3.4320206136368547,manner,French.Parsed.CSV,7
17,1.4367769661148104,4.147139882827208,-0.0,3.4320206136368547,manner,French.Parsed.CSV,7
18,1.4367769661148104,4.147139882827208,-0.0,3.4320206136368547,manner,French.Parsed.CSV,7
19,1.4367769661148104,4.147139882827208,-0.0,3.4320206136368547,manner,French.Parsed.CSV,7
20,1.4367769661148104,4.147139882827208,-0.0,3.4320206136368547,manner,French.Parsed.CSV,7
21,1.4367769661148104,4.147139882827208,-0.0,3.4320206136368547,manner,French.Parsed.CSV,7
0,2.99566894974604,9.69995727254968,nan,0.0,cv,French.Parsed.CSV,7
1,2.4634515080021164,7.692654375042435,0.5322174417439234,0.5322174417439234,cv,French.Parsed.CSV,7
2,2.121469077974487,6.450637942021966,0.3419824300276293,1.216182301799182,cv,French.Parsed.CSV,7
3,1.7931665626719073,5.286013031058571,0.3283025153025798,2.201089847706921,cv,French.Parsed.CSV,7
4,1.545255371695294,4.5890159614307935,0.2479111909766134,3.192734611613375,cv,French.Parsed.CSV,7
5,1.477190451367596,4.4453664677537645,0.06806492032769795,3.533059213251865,cv,French.Parsed.CSV,7
6,1.4707371502628455,4.434399751994666,0.0064533011047505084,3.571779019880368,cv,French.Parsed.CSV,7
7,1.4703916830627244,4.43385320153699,0.00034546720012107457,3.5741972902812154,cv,French.Parsed.CSV,7
8,1.4703819922814272,4.433834746984831,9.690781297200246e-06,3.574274816531593,cv,French.Parsed.CSV,7
9,1.4703811317153317,4.433832748947245,8.605660954952299e-07,3.574282561626452,cv,French.Parsed.CSV,7
10,1.4703809322494545,4.433832571662862,1.994658771486968e-07,3.5742845562852237,cv,French.Parsed.CSV,7
11,1.4703809322494545,4.433832571662862,-0.0,3.5742845562852237,cv,French.Parsed.CSV,7
12,1.4703809322494545,4.433832571662862,-0.0,3.5742845562852237,cv,French.Parsed.CSV,7
13,1.4703809322494545,4.433832571662862,-0.0,3.5742845562852237,cv,French.Parsed.CSV,7
14,1.4703809322494545,4.433832571662862,-0.0,3.5742845562852237,cv,French.Parsed.CSV,7
15,1.4703809322494545,4.433832571662862,-0.0,3.5742845562852237,cv,French.Parsed.CSV,7
16,1.4703809322494545,4.433832571662862,-0.0,3.5742845562852237,cv,French.Parsed.CSV,7
17,1.4703809322494545,4.433832571662862,-0.0,3.5742845562852237,cv,French.Parsed.CSV,7
18,1.4703809322494545,4.433832571662862,-0.0,3.5742845562852237,cv,French.Parsed.CSV,7
19,1.4703809322494545,4.433832571662862,-0.0,3.5742845562852237,cv,French.Parsed.CSV,7
20,1.4703809322494545,4.433832571662862,-0.0,3.5742845562852237,cv,French.Parsed.CSV,7
21,1.4703809322494545,4.433832571662862,-0.0,3.5742845562852237,cv,French.Parsed.CSV,7
0,2.99566894974604,9.69995727254968,nan,0.0,scramble,French.Parsed.CSV,8
1,2.5451428724646425,8.226308337948213,0.45052607728139726,0.45052607728139726,scramble,French.Parsed.CSV,8
2,2.0605183535901497,6.337882032284684,0.48462451887449287,1.419775115030383,scramble,French.Parsed.CSV,8
3,1.5843288262361257,4.709976879222564,0.476189527354024,2.8483436970924547,scramble,French.Parsed.CSV,8
4,1.4133375017466614,4.286967356822025,0.1709913244894643,3.532308995050312,scramble,French.Parsed.CSV,8
5,1.3940214609781894,4.249283525137669,0.019316040768472043,3.628889198892672,scramble,French.Parsed.CSV,8
6,1.3923074483321716,4.246308715277252,0.0017140126460177818,3.639173274768779,scramble,French.Parsed.CSV,8
7,1.3921204162574983,4.246010935136806,0.00018703207467329896,3.640482499291492,scramble,French.Parsed.CSV,8
8,1.3921024529056134,4.245981667584482,1.796335188486431e-05,3.640626206106571,scramble,French.Parsed.CSV,8
9,1.3920896457631344,4.245966940916961,1.280714247897663e-05,3.640741470388882,scramble,French.Parsed.CSV,8
10,1.392087392540678,4.245963234837956,2.253222456394255e-06,3.640764002613446,scramble,French.Parsed.CSV,8
11,1.392087268807551,4.245962982151675,1.2373312707758544e-07,3.6407653636778434,scramble,French.Parsed.CSV,8
12,1.392087238198886,4.245962950072518,3.060866493598269e-08,3.6407657309818227,scramble,French.Parsed.CSV,8
13,1.392087238198886,4.245962950072518,-0.0,3.6407657309818227,scramble,French.Parsed.CSV,8
14,1.392087238198886,4.245962950072518,-0.0,3.6407657309818227,scramble,French.Parsed.CSV,8
15,1.392087238198886,4.245962950072518,-0.0,3.6407657309818227,scramble,French.Parsed.CSV,8
16,1.392087238198886,4.245962950072518,-0.0,3.6407657309818227,scramble,French.Parsed.CSV,8
17,1.392087238198886,4.245962950072518,-0.0,3.6407657309818227,scramble,French.Parsed.CSV,8
18,1.392087238198886,4.245962950072518,-0.0,3.6407657309818227,scramble,French.Parsed.CSV,8
19,1.392087238198886,4.245962950072518,-0.0,3.6407657309818227,scramble,French.Parsed.CSV,8
20,1.392087238198886,4.245962950072518,-0.0,3.6407657309818227,scramble,French.Parsed.CSV,8
21,1.392087238198886,4.245962950072518,-0.0,3.6407657309818227,scramble,French.Parsed.CSV,8
0,2.99566894974604,9.69995727254968,nan,0.0,manner,French.Parsed.CSV,8
1,2.3710417401518344,7.213070463167974,0.6246272095942054,0.6246272095942054,manner,French.Parsed.CSV,8
2,2.0178559622187433,5.914949696649031,0.35318577793309114,1.3309987654603876,manner,French.Parsed.CSV,8
3,1.7143203583325053,4.864018519329774,0.303535603886238,2.2416055771191017,manner,French.Parsed.CSV,8
4,1.5130417634920121,4.305347818004482,0.20127859484049315,3.0467199564810743,manner,French.Parsed.CSV,8
5,1.448325080039372,4.164881535984071,0.06471668345264003,3.3703033737442745,manner,French.Parsed.CSV,8
6,1.4389790288313948,4.148152847363338,0.009346051207977268,3.426379680992138,manner,French.Parsed.CSV,8
7,1.4377906560072327,4.146341255091845,0.001188372824162176,3.4346982907612733,manner,French.Parsed.CSV,8
8,1.4376527138994752,4.146142427824845,0.0001379421077574161,3.4358018276233326,manner,French.Parsed.CSV,8
9,1.4376322188809496,4.1461131756788765,2.0495018525634734e-05,3.435986282790063,manner,French.Parsed.CSV,8
10,1.4376284545368097,4.146110033377104,3.7643441399559663e-06,3.4360239262314627,manner,French.Parsed.CSV,8
11,1.4376284545368097,4.146110033377104,-0.0,3.4360239262314627,manner,French.Parsed.CSV,8
12,1.4376284545368097,4.146110033377104,-0.0,3.4360239262314627,manner,French.Parsed.CSV,8
13,1.4376284545368097,4.146110033377104,-0.0,3.4360239262314627,manner,French.Parsed.CSV,8
14,1.4376284545368097,4.146110033377104,-0.0,3.4360239262314627,manner,French.Parsed.CSV,8
15,1.4376284545368097,4.146110033377104,-0.0,3.4360239262314627,manner,French.Parsed.CSV,8
16,1.4376284545368097,4.146110033377104,-0.0,3.4360239262314627,manner,French.Parsed.CSV,8
17,1.4376284545368097,4.146110033377104,-0.0,3.4360239262314627,manner,French.Parsed.CSV,8
18,1.4376284545368097,4.146110033377104,-0.0,3.4360239262314627,manner,French.Parsed.CSV,8
19,1.4376284545368097,4.146110033377104,-0.0,3.4360239262314627,manner,French.Parsed.CSV,8
20,1.4376284545368097,4.146110033377104,-0.0,3.4360239262314627,manner,French.Parsed.CSV,8
21,1.4376284545368097,4.146110033377104,-0.0,3.4360239262314627,manner,French.Parsed.CSV,8
0,2.99566894974604,9.69995727254968,nan,0.0,cv,French.Parsed.CSV,8
1,2.4571063441969034,7.683696355519947,0.5385626055491364,0.5385626055491364,cv,French.Parsed.CSV,8
2,2.116692229960968,6.446903161986318,0.34041411423593537,1.2193908340210071,cv,French.Parsed.CSV,8
3,1.786168392249814,5.2757165885772395,0.3305238377111541,2.2109623471544695,cv,French.Parsed.CSV,8
4,1.538495490890207,4.580686318253279,0.24767290135960685,3.201653952592897,cv,French.Parsed.CSV,8
5,1.4704846576823634,4.437155451032444,0.06801083320784373,3.5417081186321155,cv,French.Parsed.CSV,8
6,1.463945480911615,4.426024443031577,0.006539176770748334,3.5809431792566055,cv,French.Parsed.CSV,8
7,1.463602576588156,4.425482204659706,0.00034290432345907007,3.583343509520819,cv,French.Parsed.CSV,8
8,1.4635786885684268,4.425456613087595,2.388801972919019e-05,3.5835346136786526,cv,French.Parsed.CSV,8
9,1.4635786196514655,4.42545641422716,6.891696124888824e-08,3.583535233931304,cv,French.Parsed.CSV,8
10,1.4635786196514655,4.42545641422716,-0.0,3.583535233931304,cv,French.Parsed.CSV,8
11,1.4635786196514655,4.42545641422716,-0.0,3.583535233931304,cv,French.Parsed.CSV,8
12,1.4635786196514655,4.42545641422716,-0.0,3.583535233931304,cv,French.Parsed.CSV,8
13,1.4635786196514655,4.42545641422716,-0.0,3.583535233931304,cv,French.Parsed.CSV,8
14,1.4635786196514655,4.42545641422716,-0.0,3.583535233931304,cv,French.Parsed.CSV,8
15,1.4635786196514655,4.42545641422716,-0.0,3.583535233931304,cv,French.Parsed.CSV,8
16,1.4635786196514655,4.42545641422716,-0.0,3.583535233931304,cv,French.Parsed.CSV,8
17,1.4635786196514655,4.42545641422716,-0.0,3.583535233931304,cv,French.Parsed.CSV,8
18,1.4635786196514655,4.42545641422716,-0.0,3.583535233931304,cv,French.Parsed.CSV,8
19,1.4635786196514655,4.42545641422716,-0.0,3.583535233931304,cv,French.Parsed.CSV,8
20,1.4635786196514655,4.42545641422716,-0.0,3.583535233931304,cv,French.Parsed.CSV,8
21,1.4635786196514655,4.42545641422716,-0.0,3.583535233931304,cv,French.Parsed.CSV,8
0,2.99566894974604,9.69995727254968,nan,0.0,scramble,French.Parsed.CSV,9
1,2.565640120354453,8.320034015854556,0.4300288293915866,0.4300288293915866,scramble,French.Parsed.CSV,9
2,2.0706469621964207,6.398050191705763,0.49499315815803246,1.4200151457076515,scramble,French.Parsed.CSV,9
3,1.5909079928435705,4.7420832718806025,0.4797389693528502,2.859232053766202,scramble,French.Parsed.CSV,9
4,1.427154306821433,4.3241437620682115,0.16375368602213758,3.5142467978547525,scramble,French.Parsed.CSV,9
5,1.398012682313869,4.26739256973684,0.029141624507563968,3.6599549203925723,scramble,French.Parsed.CSV,9
6,1.3927757542539083,4.25910020158476,0.005236928059960677,3.6913764887523364,scramble,French.Parsed.CSV,9
7,1.392144528260669,4.258100412398367,0.0006312259932392816,3.695795070705011,scramble,French.Parsed.CSV,9
8,1.3920966004249,4.258042096026432,4.7927835769012717e-05,3.6961784933911632,scramble,French.Parsed.CSV,9
9,1.3920890664269199,4.258030002972085,7.533997980146978e-06,3.6962462993729845,scramble,French.Parsed.CSV,9
10,1.3920888168425234,4.258029681319661,2.4958439648337105e-07,3.6962487952169494,scramble,French.Parsed.CSV,9
11,1.3920886296804833,4.258029520454227,1.8716204008839554e-07,3.6962508539993904,scramble,French.Parsed.CSV,9
12,1.3920886296804833,4.258029520454227,-0.0,3.6962508539993904,scramble,French.Parsed.CSV,9
13,1.392087556143757,4.258028354329592,1.0735367264036455e-06,3.6962648099768334,scramble,French.Parsed.CSV,9
14,1.392087238198886,4.258027584321742,3.179448708756638e-07,3.6962692612050256,scramble,French.Parsed.CSV,9
15,1.392087238198886,4.258027584321742,-0.0,3.6962692612050256,scramble,French.Parsed.CSV,9
16,1.392087238198886,4.258027584321742,-0.0,3.6962692612050256,scramble,French.Parsed.CSV,9
17,1.392087238198886,4.258027584321742,-0.0,3.6962692612050256,scramble,French.Parsed.CSV,9
18,1.392087238198886,4.258027584321742,-0.0,3.6962692612050256,scramble,French.Parsed.CSV,9
19,1.392087238198886,4.258027584321742,-0.0,3.6962692612050256,scramble,French.Parsed.CSV,9
20,1.392087238198886,4.258027584321742,-0.0,3.6962692612050256,scramble,French.Parsed.CSV,9
21,1.392087238198886,4.258027584321742,-0.0,3.6962692612050256,scramble,French.Parsed.CSV,9
0,2.99566894974604,9.69995727254968,nan,0.0,manner,French.Parsed.CSV,9
1,2.3751387273770264,7.225106770082136,0.6205302223690135,0.6205302223690135,manner,French.Parsed.CSV,9
2,2.022418022447934,5.929256085369848,0.3527207049290926,1.3259716322271986,manner,French.Parsed.CSV,9
3,1.7161623664870482,4.870952492362681,0.30625565596088555,2.244738600109855,manner,French.Parsed.CSV,9
4,1.5122538692294154,4.308116661556499,0.20390849725763283,3.0603725891403863,manner,French.Parsed.CSV,9
5,1.44813614675834,4.16811871540362,0.06411772247107539,3.3809612014957633,manner,French.Parsed.CSV,9
6,1.4388311200023445,4.151273533212549,0.009305026755995538,3.4367913620317365,manner,French.Parsed.CSV,9
7,1.4377513003896358,4.149528284258887,0.0010798196127086435,3.444350099320697,manner,French.Parsed.CSV,9
8,1.4375580454803016,4.14926666924873,0.0001932549093341951,3.4458961385953706,manner,French.Parsed.CSV,9
9,1.43753073443657,4.149225373906037,2.7311043731659268e-05,3.4461419379889557,manner,French.Parsed.CSV,9
10,1.437527873566293,4.149222884447504,2.8608702768995187e-06,3.4461705466917247,manner,French.Parsed.CSV,9
11,1.4375215586513919,4.1492176506413365,6.314914901217605e-06,3.446240010755638,manner,French.Parsed.CSV,9
12,1.4375215586513919,4.1492176506413365,-0.0,3.446240010755638,manner,French.Parsed.CSV,9
13,1.4375215586513919,4.1492176506413365,-0.0,3.446240010755638,manner,French.Parsed.CSV,9
14,1.4375215586513919,4.1492176506413365,-0.0,3.446240010755638,manner,French.Parsed.CSV,9
15,1.4375215586513919,4.1492176506413365,-0.0,3.446240010755638,manner,French.Parsed.CSV,9
16,1.4375215586513919,4.1492176506413365,-0.0,3.446240010755638,manner,French.Parsed.CSV,9
17,1.4375215586513919,4.1492176506413365,-0.0,3.446240010755638,manner,French.Parsed.CSV,9
18,1.4375215586513919,4.1492176506413365,-0.0,3.446240010755638,manner,French.Parsed.CSV,9
19,1.4375215586513919,4.1492176506413365,-0.0,3.446240010755638,manner,French.Parsed.CSV,9
20,1.4375215586513919,4.1492176506413365,-0.0,3.446240010755638,manner,French.Parsed.CSV,9
21,1.4375215586513919,4.1492176506413365,-0.0,3.446240010755638,manner,French.Parsed.CSV,9
0,2.99566894974604,9.69995727254968,nan,0.0,cv,French.Parsed.CSV,9
1,2.4645780920528124,7.696272729476421,0.5310908576932274,0.5310908576932274,cv,French.Parsed.CSV,9
2,2.1239025263698332,6.4602861491573265,0.3406755656829792,1.2124419890591858,cv,French.Parsed.CSV,9
3,1.7960930225745573,5.297516488690751,0.32780950379527596,2.1958705004450136,cv,French.Parsed.CSV,9
4,1.5453462517559533,4.594510068143161,0.25074677081860397,3.1988575837194295,cv,French.Parsed.CSV,9
5,1.4773953267200646,4.450385729069946,0.06795092503588873,3.538612208898873,cv,French.Parsed.CSV,9
6,1.4707197613330258,4.439215270255451,0.006675565387038729,3.5786656012211053,cv,French.Parsed.CSV,9
7,1.4703440733986275,4.438628343377064,0.0003756879343983499,3.581295416761894,cv,French.Parsed.CSV,9
8,1.4703297694038477,4.438610451761832,1.430399477975186e-05,3.581409848720132,cv,French.Parsed.CSV,9
9,1.4703285256180856,4.438608982176331,1.2437857621616644e-06,3.581421042791991,cv,French.Parsed.CSV,9
10,1.4703284962310552,4.438608960973436,2.9387030364702582e-08,3.5814213366622947,cv,French.Parsed.CSV,9
11,1.4703284962310552,4.438608960973436,-0.0,3.5814213366622947,cv,French.Parsed.CSV,9
12,1.4703284962310552,4.438608960973436,-0.0,3.5814213366622947,cv,French.Parsed.CSV,9
13,1.4703284962310552,4.438608960973436,-0.0,3.5814213366622947,cv,French.Parsed.CSV,9
14,1.4703284962310552,4.438608960973436,-0.0,3.5814213366622947,cv,French.Parsed.CSV,9
15,1.4703284962310552,4.438608960973436,-0.0,3.5814213366622947,cv,French.Parsed.CSV,9
16,1.4703284962310552,4.438608960973436,-0.0,3.5814213366622947,cv,French.Parsed.CSV,9
17,1.4703284962310552,4.438608960973436,-0.0,3.5814213366622947,cv,French.Parsed.CSV,9
18,1.4703284962310552,4.438608960973436,-0.0,3.5814213366622947,cv,French.Parsed.CSV,9
19,1.4703284962310552,4.438608960973436,-0.0,3.5814213366622947,cv,French.Parsed.CSV,9
20,1.4703284962310552,4.438608960973436,-0.0,3.5814213366622947,cv,French.Parsed.CSV,9
21,1.4703284962310552,4.438608960973436,-0.0,3.5814213366622947,cv,French.Parsed.CSV,9
0,3.1701371734293295,10.91935777313512,nan,0.0,real,SouthernBritishEnglish.Parsed.CSV,0
1,2.228609943150068,6.9326939612979785,0.9415272302792617,0.9415272302792617,real,SouthernBritishEnglish.Parsed.CSV,0
2,1.7273540461875239,5.043239038269342,0.501255896962544,1.9440390242043497,real,SouthernBritishEnglish.Parsed.CSV,0
3,1.4299624079322555,4.12241040200369,0.2973916382552684,2.836213938970155,real,SouthernBritishEnglish.Parsed.CSV,0
4,1.307249073547744,3.8142650807829916,0.12271333438451149,3.3270672765082008,real,SouthernBritishEnglish.Parsed.CSV,0
5,1.2763419352830543,3.748244400263361,0.030907138264689715,3.481602967831649,real,SouthernBritishEnglish.Parsed.CSV,0
6,1.269589121683491,3.73514928574886,0.006752813599563368,3.5221198494290293,real,SouthernBritishEnglish.Parsed.CSV,0
7,1.2678504344513453,3.732173270330509,0.0017386872321456526,3.534290660054049,real,SouthernBritishEnglish.Parsed.CSV,0
8,1.2675097337227688,3.731532975510649,0.000340700728576504,3.537016265882661,real,SouthernBritishEnglish.Parsed.CSV,0
9,1.2674318155262891,3.7313892694987474,7.79181964796205e-05,3.537717529650978,real,SouthernBritishEnglish.Parsed.CSV,0
10,1.26741414996529,3.731360239213904,1.7665560999136076e-05,3.5378941852609693,real,SouthernBritishEnglish.Parsed.CSV,0
11,1.2674076306454762,3.731347501787568,6.5193198137691866e-06,3.537965897778921,real,SouthernBritishEnglish.Parsed.CSV,0
12,1.2674066701378954,3.7313463988291677,9.605075808050145e-07,3.5379774238698904,real,SouthernBritishEnglish.Parsed.CSV,0
13,1.267405215115987,3.731344960802464,1.455021908514098e-06,3.5379963391547014,real,SouthernBritishEnglish.Parsed.CSV,0
14,1.2674051797701409,3.7313448392889326,3.534584602782331e-08,3.5379968339965457,real,SouthernBritishEnglish.Parsed.CSV,0
15,1.2674051797701409,3.7313448392889326,-0.0,3.5379968339965457,real,SouthernBritishEnglish.Parsed.CSV,0
16,1.2674051797701409,3.7313448392889326,-0.0,3.5379968339965457,real,SouthernBritishEnglish.Parsed.CSV,0
17,1.2674051797701409,3.7313448392889326,-0.0,3.5379968339965457,real,SouthernBritishEnglish.Parsed.CSV,0
18,1.2674051797701409,3.7313448392889326,-0.0,3.5379968339965457,real,SouthernBritishEnglish.Parsed.CSV,0
19,1.2674051797701409,3.7313448392889326,-0.0,3.5379968339965457,real,SouthernBritishEnglish.Parsed.CSV,0
20,1.2674051797701409,3.7313448392889326,-0.0,3.5379968339965457,real,SouthernBritishEnglish.Parsed.CSV,0
21,1.2674051797701409,3.7313448392889326,-0.0,3.5379968339965457,real,SouthernBritishEnglish.Parsed.CSV,0
22,1.2674051797701409,3.7313448392889326,-0.0,3.5379968339965457,real,SouthernBritishEnglish.Parsed.CSV,0
23,1.2674051797701409,3.7313448392889326,-0.0,3.5379968339965457,real,SouthernBritishEnglish.Parsed.CSV,0
24,1.2674051797701409,3.7313448392889326,-0.0,3.5379968339965457,real,SouthernBritishEnglish.Parsed.CSV,0
25,1.2674051797701409,3.7313448392889326,-0.0,3.5379968339965457,real,SouthernBritishEnglish.Parsed.CSV,0
26,1.2674051797701409,3.7313448392889326,-0.0,3.5379968339965457,real,SouthernBritishEnglish.Parsed.CSV,0
27,1.2674051797701409,3.7313448392889326,-0.0,3.5379968339965457,real,SouthernBritishEnglish.Parsed.CSV,0
28,1.2674051797701409,3.7313448392889326,-0.0,3.5379968339965457,real,SouthernBritishEnglish.Parsed.CSV,0
0,3.1701371734293295,10.91935777313512,nan,0.0,scramble,SouthernBritishEnglish.Parsed.CSV,0
1,2.5532539473641607,8.53669772218937,0.6168832260651689,0.6168832260651689,scramble,SouthernBritishEnglish.Parsed.CSV,0
2,1.9223803380973798,5.999329872751255,0.6308736092667808,1.8786304445987305,scramble,SouthernBritishEnglish.Parsed.CSV,0
3,1.444454437275506,4.372035730334517,0.4779259008218739,3.3124081470643523,scramble,SouthernBritishEnglish.Parsed.CSV,0
4,1.2914888849056523,3.9897035722555745,0.15296555236985365,3.924270356543767,scramble,SouthernBritishEnglish.Parsed.CSV,0
5,1.2695576622869447,3.948416659429741,0.021931222618707613,4.033926469637305,scramble,SouthernBritishEnglish.Parsed.CSV,0
6,1.2677371972689122,3.945388633773264,0.0018204650180324577,4.0448492597455,scramble,SouthernBritishEnglish.Parsed.CSV,0
7,1.2674986001239112,3.945034956631958,0.00023859714500096274,4.046519439760507,scramble,SouthernBritishEnglish.Parsed.CSV,0
8,1.2674375906708695,3.944949543011275,6.100945304177152e-05,4.047007515384841,scramble,SouthernBritishEnglish.Parsed.CSV,0
9,1.2674157212924302,3.9449205973520862,2.18693784392876e-05,4.047204339790795,scramble,SouthernBritishEnglish.Parsed.CSV,0
10,1.2674133201381983,3.944917265348826,2.4011542318902457e-06,4.047228351333114,scramble,SouthernBritishEnglish.Parsed.CSV,0
11,1.2674051797701407,3.9449090596335106,8.140368057629743e-06,4.047317895381748,scramble,SouthernBritishEnglish.Parsed.CSV,0
12,1.2674051797701407,3.9449090596335106,-0.0,4.047317895381748,scramble,SouthernBritishEnglish.Parsed.CSV,0
13,1.2674051797701407,3.9449090596335106,-0.0,4.047317895381748,scramble,SouthernBritishEnglish.Parsed.CSV,0
14,1.2674051797701407,3.9449090596335106,-0.0,4.047317895381748,scramble,SouthernBritishEnglish.Parsed.CSV,0
15,1.2674051797701407,3.9449090596335106,-0.0,4.047317895381748,scramble,SouthernBritishEnglish.Parsed.CSV,0
16,1.2674051797701407,3.9449090596335106,-0.0,4.047317895381748,scramble,SouthernBritishEnglish.Parsed.CSV,0
17,1.2674051797701407,3.9449090596335106,-0.0,4.047317895381748,scramble,SouthernBritishEnglish.Parsed.CSV,0
18,1.2674051797701407,3.9449090596335106,-0.0,4.047317895381748,scramble,SouthernBritishEnglish.Parsed.CSV,0
19,1.2674051797701407,3.9449090596335106,-0.0,4.047317895381748,scramble,SouthernBritishEnglish.Parsed.CSV,0
20,1.2674051797701407,3.9449090596335106,-0.0,4.047317895381748,scramble,SouthernBritishEnglish.Parsed.CSV,0
21,1.2674051797701407,3.9449090596335106,-0.0,4.047317895381748,scramble,SouthernBritishEnglish.Parsed.CSV,0
22,1.2674051797701407,3.9449090596335106,-0.0,4.047317895381748,scramble,SouthernBritishEnglish.Parsed.CSV,0
23,1.2674051797701407,3.9449090596335106,-0.0,4.047317895381748,scramble,SouthernBritishEnglish.Parsed.CSV,0
24,1.2674051797701407,3.9449090596335106,-0.0,4.047317895381748,scramble,SouthernBritishEnglish.Parsed.CSV,0
25,1.2674051797701407,3.9449090596335106,-0.0,4.047317895381748,scramble,SouthernBritishEnglish.Parsed.CSV,0
26,1.2674051797701407,3.9449090596335106,-0.0,4.047317895381748,scramble,SouthernBritishEnglish.Parsed.CSV,0
27,1.2674051797701407,3.9449090596335106,-0.0,4.047317895381748,scramble,SouthernBritishEnglish.Parsed.CSV,0
28,1.2674051797701407,3.9449090596335106,-0.0,4.047317895381748,scramble,SouthernBritishEnglish.Parsed.CSV,0
0,3.1701371734293295,10.91935777313512,nan,0.0,manner,SouthernBritishEnglish.Parsed.CSV,0
1,2.4650011464537678,8.041552400614444,0.7051360269755618,0.7051360269755618,manner,SouthernBritishEnglish.Parsed.CSV,0
2,1.9209220998321246,5.8889706784048945,0.5440790466216432,1.7932941202188482,manner,SouthernBritishEnglish.Parsed.CSV,0
3,1.5391574240368924,4.574506808674039,0.3817646757952322,2.938588147604545,manner,SouthernBritishEnglish.Parsed.CSV,0
4,1.3548472571278418,4.086144228506901,0.18431016690905055,3.675828815240747,manner,SouthernBritishEnglish.Parsed.CSV,0
5,1.313305316733057,4.0004258319342485,0.04154194039478476,3.883538517214671,manner,SouthernBritishEnglish.Parsed.CSV,0
6,1.3086877435778246,3.9924081428294205,0.0046175731552324795,3.9112439561460657,manner,SouthernBritishEnglish.Parsed.CSV,0
7,1.3082637504320087,3.991706594761975,0.0004239931458158708,3.9142119081667768,manner,SouthernBritishEnglish.Parsed.CSV,0
8,1.3081999630350996,3.9916337294392865,6.378739690915403e-05,3.91472220734205,manner,SouthernBritishEnglish.Parsed.CSV,0
9,1.3081903518122144,3.9916264180967036,9.61122288511973e-06,3.914808708348016,manner,SouthernBritishEnglish.Parsed.CSV,0
10,1.308184992095238,3.9916159285131445,5.35971697646076e-06,3.9148623055177807,manner,SouthernBritishEnglish.Parsed.CSV,0
11,1.308184992095238,3.9916159285131445,-0.0,3.9148623055177807,manner,SouthernBritishEnglish.Parsed.CSV,0
12,1.308184992095238,3.9916159285131445,-0.0,3.9148623055177807,manner,SouthernBritishEnglish.Parsed.CSV,0
13,1.308184992095238,3.9916159285131445,-0.0,3.9148623055177807,manner,SouthernBritishEnglish.Parsed.CSV,0
14,1.308184992095238,3.9916159285131445,-0.0,3.9148623055177807,manner,SouthernBritishEnglish.Parsed.CSV,0
15,1.308184992095238,3.9916159285131445,-0.0,3.9148623055177807,manner,SouthernBritishEnglish.Parsed.CSV,0
16,1.308184992095238,3.9916159285131445,-0.0,3.9148623055177807,manner,SouthernBritishEnglish.Parsed.CSV,0
17,1.308184992095238,3.9916159285131445,-0.0,3.9148623055177807,manner,SouthernBritishEnglish.Parsed.CSV,0
18,1.308184992095238,3.9916159285131445,-0.0,3.9148623055177807,manner,SouthernBritishEnglish.Parsed.CSV,0
19,1.308184992095238,3.9916159285131445,-0.0,3.9148623055177807,manner,SouthernBritishEnglish.Parsed.CSV,0
20,1.308184992095238,3.9916159285131445,-0.0,3.9148623055177807,manner,SouthernBritishEnglish.Parsed.CSV,0
21,1.308184992095238,3.9916159285131445,-0.0,3.9148623055177807,manner,SouthernBritishEnglish.Parsed.CSV,0
22,1.308184992095238,3.9916159285131445,-0.0,3.9148623055177807,manner,SouthernBritishEnglish.Parsed.CSV,0
23,1.308184992095238,3.9916159285131445,-0.0,3.9148623055177807,manner,SouthernBritishEnglish.Parsed.CSV,0
24,1.308184992095238,3.9916159285131445,-0.0,3.9148623055177807,manner,SouthernBritishEnglish.Parsed.CSV,0
25,1.308184992095238,3.9916159285131445,-0.0,3.9148623055177807,manner,SouthernBritishEnglish.Parsed.CSV,0
26,1.308184992095238,3.9916159285131445,-0.0,3.9148623055177807,manner,SouthernBritishEnglish.Parsed.CSV,0
27,1.308184992095238,3.9916159285131445,-0.0,3.9148623055177807,manner,SouthernBritishEnglish.Parsed.CSV,0
28,1.308184992095238,3.9916159285131445,-0.0,3.9148623055177807,manner,SouthernBritishEnglish.Parsed.CSV,0
0,3.1701371734293295,10.91935777313512,nan,0.0,cv,SouthernBritishEnglish.Parsed.CSV,0
1,2.561640373220298,8.587667248343932,0.6084968002090316,0.6084968002090316,cv,SouthernBritishEnglish.Parsed.CSV,0
2,2.0156557052436197,6.334931945045175,0.5459846679766782,1.700466136162388,cv,SouthernBritishEnglish.Parsed.CSV,0
3,1.5788661616889528,4.793909018513889,0.4367895435546669,3.010834766826389,cv,SouthernBritishEnglish.Parsed.CSV,0
4,1.3663532825863776,4.235138436596488,0.21251287910257521,3.86088628323669,cv,SouthernBritishEnglish.Parsed.CSV,0
5,1.3296911428427327,4.164056852035972,0.03666213974364485,4.044196981954914,cv,SouthernBritishEnglish.Parsed.CSV,0
6,1.3272130711203145,4.1599324827322155,0.002478071722418207,4.059065412289423,cv,SouthernBritishEnglish.Parsed.CSV,0
7,1.3271048136447194,4.159778834674202,0.00010825747559506382,4.059823214618589,cv,SouthernBritishEnglish.Parsed.CSV,0
8,1.327095702422141,4.1597611830174,9.111222578406242e-06,4.0598961043992166,cv,SouthernBritishEnglish.Parsed.CSV,0
9,1.3270956006992258,4.159761084598117,1.0172291520227361e-07,4.059897019905454,cv,SouthernBritishEnglish.Parsed.CSV,0
10,1.3270956006992258,4.159761084598117,-0.0,4.059897019905454,cv,SouthernBritishEnglish.Parsed.CSV,0
11,1.3270956006992258,4.159761084598117,-0.0,4.059897019905454,cv,SouthernBritishEnglish.Parsed.CSV,0
12,1.3270956006992258,4.159761084598117,-0.0,4.059897019905454,cv,SouthernBritishEnglish.Parsed.CSV,0
13,1.3270956006992258,4.159761084598117,-0.0,4.059897019905454,cv,SouthernBritishEnglish.Parsed.CSV,0
14,1.3270956006992258,4.159761084598117,-0.0,4.059897019905454,cv,SouthernBritishEnglish.Parsed.CSV,0
15,1.3270956006992258,4.159761084598117,-0.0,4.059897019905454,cv,SouthernBritishEnglish.Parsed.CSV,0
16,1.3270956006992258,4.159761084598117,-0.0,4.059897019905454,cv,SouthernBritishEnglish.Parsed.CSV,0
17,1.3270956006992258,4.159761084598117,-0.0,4.059897019905454,cv,SouthernBritishEnglish.Parsed.CSV,0
18,1.3270956006992258,4.159761084598117,-0.0,4.059897019905454,cv,SouthernBritishEnglish.Parsed.CSV,0
19,1.3270956006992258,4.159761084598117,-0.0,4.059897019905454,cv,SouthernBritishEnglish.Parsed.CSV,0
20,1.3270956006992258,4.159761084598117,-0.0,4.059897019905454,cv,SouthernBritishEnglish.Parsed.CSV,0
21,1.3270956006992258,4.159761084598117,-0.0,4.059897019905454,cv,SouthernBritishEnglish.Parsed.CSV,0
22,1.3270956006992258,4.159761084598117,-0.0,4.059897019905454,cv,SouthernBritishEnglish.Parsed.CSV,0
23,1.3270956006992258,4.159761084598117,-0.0,4.059897019905454,cv,SouthernBritishEnglish.Parsed.CSV,0
24,1.3270956006992258,4.159761084598117,-0.0,4.059897019905454,cv,SouthernBritishEnglish.Parsed.CSV,0
25,1.3270956006992258,4.159761084598117,-0.0,4.059897019905454,cv,SouthernBritishEnglish.Parsed.CSV,0
26,1.3270956006992258,4.159761084598117,-0.0,4.059897019905454,cv,SouthernBritishEnglish.Parsed.CSV,0
27,1.3270956006992258,4.159761084598117,-0.0,4.059897019905454,cv,SouthernBritishEnglish.Parsed.CSV,0
28,1.3270956006992258,4.159761084598117,-0.0,4.059897019905454,cv,SouthernBritishEnglish.Parsed.CSV,0
0,3.1701371734293295,10.91935777313512,nan,0.0,scramble,SouthernBritishEnglish.Parsed.CSV,1
1,2.5813040539098613,8.696356162812714,0.5888331195194683,0.5888331195194683,scramble,SouthernBritishEnglish.Parsed.CSV,1
2,1.9288886027247665,6.027256795118626,0.6524154511850948,1.8936640218896579,scramble,SouthernBritishEnglish.Parsed.CSV,1
3,1.4473517697350644,4.405611455107184,0.48153683298970207,3.3382745208587643,scramble,SouthernBritishEnglish.Parsed.CSV,1
4,1.2894347068542649,4.006771668862455,0.15791706288079954,3.9699427723819625,scramble,SouthernBritishEnglish.Parsed.CSV,1
5,1.2694580355706548,3.9676910559975855,0.019976671283610026,4.069826128800012,scramble,SouthernBritishEnglish.Parsed.CSV,1
6,1.2676536161811955,3.9648022468032953,0.0018044193894592997,4.080652645136768,scramble,SouthernBritishEnglish.Parsed.CSV,1
7,1.267471201758754,3.964517879351607,0.00018241442244160133,4.081929546093859,scramble,SouthernBritishEnglish.Parsed.CSV,1
8,1.2674330659775188,3.964468536428548,3.813578123512684e-05,4.08223463234374,scramble,SouthernBritishEnglish.Parsed.CSV,1
9,1.267409988745955,3.9644408847130057,2.3077231563917167e-05,4.082442327427815,scramble,SouthernBritishEnglish.Parsed.CSV,1
10,1.2674054242291357,3.9644368455756074,4.56451681918324e-06,4.082487972596007,scramble,SouthernBritishEnglish.Parsed.CSV,1
11,1.2674051804809952,3.9644365889329034,2.4374814056038474e-07,4.082490653825553,scramble,SouthernBritishEnglish.Parsed.CSV,1
12,1.2674051797701407,3.964436588247093,7.108544863854149e-10,4.082490662355807,scramble,SouthernBritishEnglish.Parsed.CSV,1
13,1.2674051797701407,3.964436588247093,-0.0,4.082490662355807,scramble,SouthernBritishEnglish.Parsed.CSV,1
14,1.2674051797701407,3.964436588247093,-0.0,4.082490662355807,scramble,SouthernBritishEnglish.Parsed.CSV,1
15,1.2674051797701407,3.964436588247093,-0.0,4.082490662355807,scramble,SouthernBritishEnglish.Parsed.CSV,1
16,1.2674051797701407,3.964436588247093,-0.0,4.082490662355807,scramble,SouthernBritishEnglish.Parsed.CSV,1
17,1.2674051797701407,3.964436588247093,-0.0,4.082490662355807,scramble,SouthernBritishEnglish.Parsed.CSV,1
18,1.2674051797701407,3.964436588247093,-0.0,4.082490662355807,scramble,SouthernBritishEnglish.Parsed.CSV,1
19,1.2674051797701407,3.964436588247093,-0.0,4.082490662355807,scramble,SouthernBritishEnglish.Parsed.CSV,1
20,1.2674051797701407,3.964436588247093,-0.0,4.082490662355807,scramble,SouthernBritishEnglish.Parsed.CSV,1
21,1.2674051797701407,3.964436588247093,-0.0,4.082490662355807,scramble,SouthernBritishEnglish.Parsed.CSV,1
22,1.2674051797701407,3.964436588247093,-0.0,4.082490662355807,scramble,SouthernBritishEnglish.Parsed.CSV,1
23,1.2674051797701407,3.964436588247093,-0.0,4.082490662355807,scramble,SouthernBritishEnglish.Parsed.CSV,1
24,1.2674051797701407,3.964436588247093,-0.0,4.082490662355807,scramble,SouthernBritishEnglish.Parsed.CSV,1
25,1.2674051797701407,3.964436588247093,-0.0,4.082490662355807,scramble,SouthernBritishEnglish.Parsed.CSV,1
26,1.2674051797701407,3.964436588247093,-0.0,4.082490662355807,scramble,SouthernBritishEnglish.Parsed.CSV,1
27,1.2674051797701407,3.964436588247093,-0.0,4.082490662355807,scramble,SouthernBritishEnglish.Parsed.CSV,1
28,1.2674051797701407,3.964436588247093,-0.0,4.082490662355807,scramble,SouthernBritishEnglish.Parsed.CSV,1
0,3.1701371734293295,10.91935777313512,nan,0.0,manner,SouthernBritishEnglish.Parsed.CSV,1
1,2.453341298166937,7.98971156286276,0.7167958752623926,0.7167958752623926,manner,SouthernBritishEnglish.Parsed.CSV,1
2,1.9202688487923811,5.87124490374217,0.5330724493745558,1.7829407740115042,manner,SouthernBritishEnglish.Parsed.CSV,1
3,1.5399224976007535,4.55876182606692,0.38034635119162763,2.923979827586387,manner,SouthernBritishEnglish.Parsed.CSV,1
4,1.3533984065147961,4.065200424319495,0.18652409108595736,3.6700761919302165,manner,SouthernBritishEnglish.Parsed.CSV,1
5,1.3117544071317466,3.9793741769108655,0.041643999383049524,3.8782961888454643,manner,SouthernBritishEnglish.Parsed.CSV,1
6,1.3064127103821153,3.9702475867279636,0.005341696749631364,3.9103463693432525,manner,SouthernBritishEnglish.Parsed.CSV,1
7,1.3058197230545912,3.9693411045216425,0.0005929873275241082,3.9144972806359215,manner,SouthernBritishEnglish.Parsed.CSV,1
8,1.3057568796216692,3.9692439668221167,6.284343292195516e-05,3.915000028099297,manner,SouthernBritishEnglish.Parsed.CSV,1
9,1.3057485457013116,3.969235464177874,8.333920357594948e-06,3.9150750333825153,manner,SouthernBritishEnglish.Parsed.CSV,1
10,1.3057477850358394,3.9692333742284136,7.606654721659112e-07,3.915082640037237,manner,SouthernBritishEnglish.Parsed.CSV,1
11,1.3057477850358394,3.9692333742284136,-0.0,3.915082640037237,manner,SouthernBritishEnglish.Parsed.CSV,1
12,1.3057477850358394,3.9692333742284136,-0.0,3.915082640037237,manner,SouthernBritishEnglish.Parsed.CSV,1
13,1.3057477850358394,3.9692333742284136,-0.0,3.915082640037237,manner,SouthernBritishEnglish.Parsed.CSV,1
14,1.3057477850358394,3.9692333742284136,-0.0,3.915082640037237,manner,SouthernBritishEnglish.Parsed.CSV,1
15,1.3057477850358394,3.9692333742284136,-0.0,3.915082640037237,manner,SouthernBritishEnglish.Parsed.CSV,1
16,1.3057477850358394,3.9692333742284136,-0.0,3.915082640037237,manner,SouthernBritishEnglish.Parsed.CSV,1
17,1.3057477850358394,3.9692333742284136,-0.0,3.915082640037237,manner,SouthernBritishEnglish.Parsed.CSV,1
18,1.3057477850358394,3.9692333742284136,-0.0,3.915082640037237,manner,SouthernBritishEnglish.Parsed.CSV,1
19,1.3057477850358394,3.9692333742284136,-0.0,3.915082640037237,manner,SouthernBritishEnglish.Parsed.CSV,1
20,1.3057477850358394,3.9692333742284136,-0.0,3.915082640037237,manner,SouthernBritishEnglish.Parsed.CSV,1
21,1.3057477850358394,3.9692333742284136,-0.0,3.915082640037237,manner,SouthernBritishEnglish.Parsed.CSV,1
22,1.3057477850358394,3.9692333742284136,-0.0,3.915082640037237,manner,SouthernBritishEnglish.Parsed.CSV,1
23,1.3057477850358394,3.9692333742284136,-0.0,3.915082640037237,manner,SouthernBritishEnglish.Parsed.CSV,1
24,1.3057477850358394,3.9692333742284136,-0.0,3.915082640037237,manner,SouthernBritishEnglish.Parsed.CSV,1
25,1.3057477850358394,3.9692333742284136,-0.0,3.915082640037237,manner,SouthernBritishEnglish.Parsed.CSV,1
26,1.3057477850358394,3.9692333742284136,-0.0,3.915082640037237,manner,SouthernBritishEnglish.Parsed.CSV,1
27,1.3057477850358394,3.9692333742284136,-0.0,3.915082640037237,manner,SouthernBritishEnglish.Parsed.CSV,1
28,1.3057477850358394,3.9692333742284136,-0.0,3.915082640037237,manner,SouthernBritishEnglish.Parsed.CSV,1
0,3.1701371734293295,10.91935777313512,nan,0.0,cv,SouthernBritishEnglish.Parsed.CSV,1
1,2.5789970170606713,8.632241109531721,0.5911401563686582,0.5911401563686582,cv,SouthernBritishEnglish.Parsed.CSV,1
2,2.0212719876484098,6.374743989142106,0.5577250294122615,1.7065902151931813,cv,SouthernBritishEnglish.Parsed.CSV,1
3,1.5814849980830101,4.821867151136098,0.43978698956539963,3.0259511838893802,cv,SouthernBritishEnglish.Parsed.CSV,1
4,1.3687266965836264,4.266627149066244,0.21275830149938368,3.876984389886915,cv,SouthernBritishEnglish.Parsed.CSV,1
5,1.3327717542796473,4.195029938022614,0.03595494230397911,4.0567591014068105,cv,SouthernBritishEnglish.Parsed.CSV,1
6,1.3303336081924875,4.191004953890279,0.002438146087159865,4.07138797792977,cv,SouthernBritishEnglish.Parsed.CSV,1
7,1.3302036469790341,4.190806034236073,0.00012996121345332234,4.072297706423943,cv,SouthernBritishEnglish.Parsed.CSV,1
8,1.3301986483949277,4.190800076988427,4.998584106408188e-06,4.072337695096794,cv,SouthernBritishEnglish.Parsed.CSV,1
9,1.3301978833034014,4.190799265297649,7.650915263557323e-07,4.072344580920531,cv,SouthernBritishEnglish.Parsed.CSV,1
10,1.3301978833034014,4.190799265297649,-0.0,4.072344580920531,cv,SouthernBritishEnglish.Parsed.CSV,1
11,1.3301978833034014,4.190799265297649,-0.0,4.072344580920531,cv,SouthernBritishEnglish.Parsed.CSV,1
12,1.3301978833034014,4.190799265297649,-0.0,4.072344580920531,cv,SouthernBritishEnglish.Parsed.CSV,1
13,1.3301978833034014,4.190799265297649,-0.0,4.072344580920531,cv,SouthernBritishEnglish.Parsed.CSV,1
14,1.3301978833034014,4.190799265297649,-0.0,4.072344580920531,cv,SouthernBritishEnglish.Parsed.CSV,1
15,1.3301978833034014,4.190799265297649,-0.0,4.072344580920531,cv,SouthernBritishEnglish.Parsed.CSV,1
16,1.3301978833034014,4.190799265297649,-0.0,4.072344580920531,cv,SouthernBritishEnglish.Parsed.CSV,1
17,1.3301978833034014,4.190799265297649,-0.0,4.072344580920531,cv,SouthernBritishEnglish.Parsed.CSV,1
18,1.3301978833034014,4.190799265297649,-0.0,4.072344580920531,cv,SouthernBritishEnglish.Parsed.CSV,1
19,1.3301978833034014,4.190799265297649,-0.0,4.072344580920531,cv,SouthernBritishEnglish.Parsed.CSV,1
20,1.3301978833034014,4.190799265297649,-0.0,4.072344580920531,cv,SouthernBritishEnglish.Parsed.CSV,1
21,1.3301978833034014,4.190799265297649,-0.0,4.072344580920531,cv,SouthernBritishEnglish.Parsed.CSV,1
22,1.3301978833034014,4.190799265297649,-0.0,4.072344580920531,cv,SouthernBritishEnglish.Parsed.CSV,1
23,1.3301978833034014,4.190799265297649,-0.0,4.072344580920531,cv,SouthernBritishEnglish.Parsed.CSV,1
24,1.3301978833034014,4.190799265297649,-0.0,4.072344580920531,cv,SouthernBritishEnglish.Parsed.CSV,1
25,1.3301978833034014,4.190799265297649,-0.0,4.072344580920531,cv,SouthernBritishEnglish.Parsed.CSV,1
26,1.3301978833034014,4.190799265297649,-0.0,4.072344580920531,cv,SouthernBritishEnglish.Parsed.CSV,1
27,1.3301978833034014,4.190799265297649,-0.0,4.072344580920531,cv,SouthernBritishEnglish.Parsed.CSV,1
28,1.3301978833034014,4.190799265297649,-0.0,4.072344580920531,cv,SouthernBritishEnglish.Parsed.CSV,1
0,3.1701371734293295,10.91935777313512,nan,0.0,scramble,SouthernBritishEnglish.Parsed.CSV,2
1,2.5500174001609537,8.607830667207116,0.6201197732683759,0.6201197732683759,scramble,SouthernBritishEnglish.Parsed.CSV,2
2,1.9283844703480764,6.038157679643556,0.6216329298128773,1.8633856328941305,scramble,SouthernBritishEnglish.Parsed.CSV,2
3,1.451522401033966,4.41502325717178,0.47686206931411035,3.2939718408364618,scramble,SouthernBritishEnglish.Parsed.CSV,2
4,1.287049379375408,3.9966772484889277,0.16447302165855793,3.9518639274706935,scramble,SouthernBritishEnglish.Parsed.CSV,2
5,1.269274342608046,3.962611107644699,0.01777503676736214,4.040739111307504,scramble,SouthernBritishEnglish.Parsed.CSV,2
6,1.2676929140728528,3.9600127582928315,0.0015814285351931634,4.050227682518663,scramble,SouthernBritishEnglish.Parsed.CSV,2
7,1.2674406363830433,3.9596718007538487,0.00025227768980951026,4.05199362634733,scramble,SouthernBritishEnglish.Parsed.CSV,2
8,1.2674107329496604,3.959637183186708,2.9903433382827416e-05,4.052232853814393,scramble,SouthernBritishEnglish.Parsed.CSV,2
9,1.267405599143895,3.959626210689985,5.133805765389354e-06,4.052279058066281,scramble,SouthernBritishEnglish.Parsed.CSV,2
10,1.2674055470140948,3.9596261745498076,5.2129800254263614e-08,4.052279579364283,scramble,SouthernBritishEnglish.Parsed.CSV,2
11,1.2674054387313654,3.9596260205713425,1.0828272944962691e-07,4.052280770474307,scramble,SouthernBritishEnglish.Parsed.CSV,2
12,1.2674051797701409,3.959625502630045,2.5896122446411596e-07,4.052283878009001,scramble,SouthernBritishEnglish.Parsed.CSV,2
13,1.2674051797701409,3.959625502630045,-0.0,4.052283878009001,scramble,SouthernBritishEnglish.Parsed.CSV,2
14,1.2674051797701409,3.959625502630045,-0.0,4.052283878009001,scramble,SouthernBritishEnglish.Parsed.CSV,2
15,1.2674051797701409,3.959625502630045,-0.0,4.052283878009001,scramble,SouthernBritishEnglish.Parsed.CSV,2
16,1.2674051797701409,3.959625502630045,-0.0,4.052283878009001,scramble,SouthernBritishEnglish.Parsed.CSV,2
17,1.2674051797701409,3.959625502630045,-0.0,4.052283878009001,scramble,SouthernBritishEnglish.Parsed.CSV,2
18,1.2674051797701409,3.959625502630045,-0.0,4.052283878009001,scramble,SouthernBritishEnglish.Parsed.CSV,2
19,1.2674051797701409,3.959625502630045,-0.0,4.052283878009001,scramble,SouthernBritishEnglish.Parsed.CSV,2
20,1.2674051797701409,3.959625502630045,-0.0,4.052283878009001,scramble,SouthernBritishEnglish.Parsed.CSV,2
21,1.2674051797701409,3.959625502630045,-0.0,4.052283878009001,scramble,SouthernBritishEnglish.Parsed.CSV,2
22,1.2674051797701409,3.959625502630045,-0.0,4.052283878009001,scramble,SouthernBritishEnglish.Parsed.CSV,2
23,1.2674051797701409,3.959625502630045,-0.0,4.052283878009001,scramble,SouthernBritishEnglish.Parsed.CSV,2
24,1.2674051797701409,3.959625502630045,-0.0,4.052283878009001,scramble,SouthernBritishEnglish.Parsed.CSV,2
25,1.2674051797701409,3.959625502630045,-0.0,4.052283878009001,scramble,SouthernBritishEnglish.Parsed.CSV,2
26,1.2674051797701409,3.959625502630045,-0.0,4.052283878009001,scramble,SouthernBritishEnglish.Parsed.CSV,2
27,1.2674051797701409,3.959625502630045,-0.0,4.052283878009001,scramble,SouthernBritishEnglish.Parsed.CSV,2
28,1.2674051797701409,3.959625502630045,-0.0,4.052283878009001,scramble,SouthernBritishEnglish.Parsed.CSV,2
0,3.1701371734293295,10.91935777313512,nan,0.0,manner,SouthernBritishEnglish.Parsed.CSV,2
1,2.461281904154877,8.023854277601384,0.7088552692744527,0.7088552692744527,manner,SouthernBritishEnglish.Parsed.CSV,2
2,1.9258496790323818,5.896419726454743,0.535432225122495,1.7797197195194427,manner,SouthernBritishEnglish.Parsed.CSV,2
3,1.5408680100769618,4.569120623521488,0.38498166895541996,2.9346647263857024,manner,SouthernBritishEnglish.Parsed.CSV,2
4,1.3557382217594396,4.079082552075247,0.18512978831752225,3.6751838796557914,manner,SouthernBritishEnglish.Parsed.CSV,2
5,1.3134881273575183,3.992724183394371,0.04225009440192129,3.8864343516653976,manner,SouthernBritishEnglish.Parsed.CSV,2
6,1.3086225162329022,3.984265643502846,0.004865611124616143,3.9156280184130945,manner,SouthernBritishEnglish.Parsed.CSV,2
7,1.3081407306047856,3.983555111807324,0.0004817856281165156,3.91900051780991,manner,SouthernBritishEnglish.Parsed.CSV,2
8,1.3080740589807651,3.9834724530400596,6.667162402052007e-05,3.9195338908020743,manner,SouthernBritishEnglish.Parsed.CSV,2
9,1.3080599121424645,3.983458204552913,1.4146838300588271e-05,3.9196612123467798,manner,SouthernBritishEnglish.Parsed.CSV,2
10,1.3080593960766762,3.9834569135535642,5.160657883251929e-07,3.919666373004663,manner,SouthernBritishEnglish.Parsed.CSV,2
11,1.3080593474015925,3.9834568693199137,4.8675083741400726e-08,3.9196669084305844,manner,SouthernBritishEnglish.Parsed.CSV,2
12,1.3080593474015925,3.9834568693199137,-0.0,3.9196669084305844,manner,SouthernBritishEnglish.Parsed.CSV,2
13,1.3080593474015925,3.9834568693199137,-0.0,3.9196669084305844,manner,SouthernBritishEnglish.Parsed.CSV,2
14,1.3080593474015925,3.9834568693199137,-0.0,3.9196669084305844,manner,SouthernBritishEnglish.Parsed.CSV,2
15,1.3080593474015925,3.9834568693199137,-0.0,3.9196669084305844,manner,SouthernBritishEnglish.Parsed.CSV,2
16,1.3080593474015925,3.9834568693199137,-0.0,3.9196669084305844,manner,SouthernBritishEnglish.Parsed.CSV,2
17,1.3080593474015925,3.9834568693199137,-0.0,3.9196669084305844,manner,SouthernBritishEnglish.Parsed.CSV,2
18,1.3080593474015925,3.9834568693199137,-0.0,3.9196669084305844,manner,SouthernBritishEnglish.Parsed.CSV,2
19,1.3080593474015925,3.9834568693199137,-0.0,3.9196669084305844,manner,SouthernBritishEnglish.Parsed.CSV,2
20,1.3080593474015925,3.9834568693199137,-0.0,3.9196669084305844,manner,SouthernBritishEnglish.Parsed.CSV,2
21,1.3080593474015925,3.9834568693199137,-0.0,3.9196669084305844,manner,SouthernBritishEnglish.Parsed.CSV,2
22,1.3080593474015925,3.9834568693199137,-0.0,3.9196669084305844,manner,SouthernBritishEnglish.Parsed.CSV,2
23,1.3080593474015925,3.9834568693199137,-0.0,3.9196669084305844,manner,SouthernBritishEnglish.Parsed.CSV,2
24,1.3080593474015925,3.9834568693199137,-0.0,3.9196669084305844,manner,SouthernBritishEnglish.Parsed.CSV,2
25,1.3080593474015925,3.9834568693199137,-0.0,3.9196669084305844,manner,SouthernBritishEnglish.Parsed.CSV,2
26,1.3080593474015925,3.9834568693199137,-0.0,3.9196669084305844,manner,SouthernBritishEnglish.Parsed.CSV,2
27,1.3080593474015925,3.9834568693199137,-0.0,3.9196669084305844,manner,SouthernBritishEnglish.Parsed.CSV,2
28,1.3080593474015925,3.9834568693199137,-0.0,3.9196669084305844,manner,SouthernBritishEnglish.Parsed.CSV,2
0,3.1701371734293295,10.91935777313512,nan,0.0,cv,SouthernBritishEnglish.Parsed.CSV,2
1,2.580434111886746,8.646123539710395,0.5897030615425836,0.5897030615425836,cv,SouthernBritishEnglish.Parsed.CSV,2
2,2.020691741999394,6.365095081817562,0.5597423698873518,1.7091878013172872,cv,SouthernBritishEnglish.Parsed.CSV,2
3,1.5802825383652928,4.809065667026534,0.4404092036341014,3.0304154122195914,cv,SouthernBritishEnglish.Parsed.CSV,2
4,1.367908718451598,4.253959119137337,0.21237381991369486,3.879910691874371,cv,SouthernBritishEnglish.Parsed.CSV,2
5,1.332312029207561,4.184497177917261,0.035596689244036916,4.0578941380945555,cv,SouthernBritishEnglish.Parsed.CSV,2
6,1.3298791647513826,4.180532182331864,0.0024328644561784074,4.072491324831626,cv,SouthernBritishEnglish.Parsed.CSV,2
7,1.3297691490001076,4.1803503644044415,0.00011001575127500551,4.073261435090551,cv,SouthernBritishEnglish.Parsed.CSV,2
8,1.3297623992768408,4.180338604328486,6.749723266752383e-06,4.073315432876685,cv,SouthernBritishEnglish.Parsed.CSV,2
9,1.329762264438033,4.180337992194379,1.3483880789699754e-07,4.073316646425956,cv,SouthernBritishEnglish.Parsed.CSV,2
10,1.329762264438033,4.180337992194379,-0.0,4.073316646425956,cv,SouthernBritishEnglish.Parsed.CSV,2
11,1.329762264438033,4.180337992194379,-0.0,4.073316646425956,cv,SouthernBritishEnglish.Parsed.CSV,2
12,1.329762264438033,4.180337992194379,-0.0,4.073316646425956,cv,SouthernBritishEnglish.Parsed.CSV,2
13,1.329762264438033,4.180337992194379,-0.0,4.073316646425956,cv,SouthernBritishEnglish.Parsed.CSV,2
14,1.329762264438033,4.180337992194379,-0.0,4.073316646425956,cv,SouthernBritishEnglish.Parsed.CSV,2
15,1.329762264438033,4.180337992194379,-0.0,4.073316646425956,cv,SouthernBritishEnglish.Parsed.CSV,2
16,1.329762264438033,4.180337992194379,-0.0,4.073316646425956,cv,SouthernBritishEnglish.Parsed.CSV,2
17,1.329762264438033,4.180337992194379,-0.0,4.073316646425956,cv,SouthernBritishEnglish.Parsed.CSV,2
18,1.329762264438033,4.180337992194379,-0.0,4.073316646425956,cv,SouthernBritishEnglish.Parsed.CSV,2
19,1.329762264438033,4.180337992194379,-0.0,4.073316646425956,cv,SouthernBritishEnglish.Parsed.CSV,2
20,1.329762264438033,4.180337992194379,-0.0,4.073316646425956,cv,SouthernBritishEnglish.Parsed.CSV,2
21,1.329762264438033,4.180337992194379,-0.0,4.073316646425956,cv,SouthernBritishEnglish.Parsed.CSV,2
22,1.329762264438033,4.180337992194379,-0.0,4.073316646425956,cv,SouthernBritishEnglish.Parsed.CSV,2
23,1.329762264438033,4.180337992194379,-0.0,4.073316646425956,cv,SouthernBritishEnglish.Parsed.CSV,2
24,1.329762264438033,4.180337992194379,-0.0,4.073316646425956,cv,SouthernBritishEnglish.Parsed.CSV,2
25,1.329762264438033,4.180337992194379,-0.0,4.073316646425956,cv,SouthernBritishEnglish.Parsed.CSV,2
26,1.329762264438033,4.180337992194379,-0.0,4.073316646425956,cv,SouthernBritishEnglish.Parsed.CSV,2
27,1.329762264438033,4.180337992194379,-0.0,4.073316646425956,cv,SouthernBritishEnglish.Parsed.CSV,2
28,1.329762264438033,4.180337992194379,-0.0,4.073316646425956,cv,SouthernBritishEnglish.Parsed.CSV,2
0,3.1701371734293295,10.91935777313512,nan,0.0,scramble,SouthernBritishEnglish.Parsed.CSV,3
1,2.5780160230020317,8.597605226432433,0.5921211504272978,0.5921211504272978,scramble,SouthernBritishEnglish.Parsed.CSV,3
2,1.880192997884717,5.884065743564933,0.6978230251173148,1.9877672006619274,scramble,SouthernBritishEnglish.Parsed.CSV,3
3,1.4280040743277602,4.3828902558678395,0.4521889235569567,3.3443339713327975,scramble,SouthernBritishEnglish.Parsed.CSV,3
4,1.289133116795932,4.0198806319873,0.13887095753182832,3.899817801460111,scramble,SouthernBritishEnglish.Parsed.CSV,3
5,1.2691715415304978,3.980255960005155,0.019961575265434073,3.9996256777872814,scramble,SouthernBritishEnglish.Parsed.CSV,3
6,1.2676479385584063,3.9777408574841506,0.0015236029720915312,4.008767295619831,scramble,SouthernBritishEnglish.Parsed.CSV,3
7,1.2674809450394515,3.9774962276912134,0.0001669935189547722,4.0099362502525135,scramble,SouthernBritishEnglish.Parsed.CSV,3
8,1.2674070849263168,3.9774057756268544,7.386011313470497e-05,4.010527131157591,scramble,SouthernBritishEnglish.Parsed.CSV,3
9,1.267405562625028,3.977403641371554,1.5223012888032628e-06,4.01054083186919,scramble,SouthernBritishEnglish.Parsed.CSV,3
10,1.2674052922865755,3.977403312689545,2.703384525126751e-07,4.010543535253715,scramble,SouthernBritishEnglish.Parsed.CSV,3
11,1.2674051876218286,3.9774032177899024,1.0466474686943172e-07,4.010544686565931,scramble,SouthernBritishEnglish.Parsed.CSV,3
12,1.2674051875123018,3.9774032177139844,1.0952683204834557e-10,4.010544687880253,scramble,SouthernBritishEnglish.Parsed.CSV,3
13,1.2674051875123018,3.9774032177139844,-0.0,4.010544687880253,scramble,SouthernBritishEnglish.Parsed.CSV,3
14,1.2674051874027747,3.977403217638066,1.0952705409295049e-10,4.010544689413631,scramble,SouthernBritishEnglish.Parsed.CSV,3
15,1.2674051874027747,3.977403217638066,-0.0,4.010544689413631,scramble,SouthernBritishEnglish.Parsed.CSV,3
16,1.2674051797701404,3.977403208930854,7.632634302368047e-09,4.01054481153578,scramble,SouthernBritishEnglish.Parsed.CSV,3
17,1.2674051797701404,3.977403208930854,-0.0,4.01054481153578,scramble,SouthernBritishEnglish.Parsed.CSV,3
18,1.2674051797701404,3.977403208930854,-0.0,4.01054481153578,scramble,SouthernBritishEnglish.Parsed.CSV,3
19,1.2674051797701404,3.977403208930854,-0.0,4.01054481153578,scramble,SouthernBritishEnglish.Parsed.CSV,3
20,1.2674051797701404,3.977403208930854,-0.0,4.01054481153578,scramble,SouthernBritishEnglish.Parsed.CSV,3
21,1.2674051797701404,3.977403208930854,-0.0,4.01054481153578,scramble,SouthernBritishEnglish.Parsed.CSV,3
22,1.2674051797701404,3.977403208930854,-0.0,4.01054481153578,scramble,SouthernBritishEnglish.Parsed.CSV,3
23,1.2674051797701404,3.977403208930854,-0.0,4.01054481153578,scramble,SouthernBritishEnglish.Parsed.CSV,3
24,1.2674051797701404,3.977403208930854,-0.0,4.01054481153578,scramble,SouthernBritishEnglish.Parsed.CSV,3
25,1.2674051797701404,3.977403208930854,-0.0,4.01054481153578,scramble,SouthernBritishEnglish.Parsed.CSV,3
26,1.2674051797701404,3.977403208930854,-0.0,4.01054481153578,scramble,SouthernBritishEnglish.Parsed.CSV,3
27,1.2674051797701404,3.977403208930854,-0.0,4.01054481153578,scramble,SouthernBritishEnglish.Parsed.CSV,3
28,1.2674051797701404,3.977403208930854,-0.0,4.01054481153578,scramble,SouthernBritishEnglish.Parsed.CSV,3
0,3.1701371734293295,10.91935777313512,nan,0.0,manner,SouthernBritishEnglish.Parsed.CSV,3
1,2.46882954949634,8.058169250557766,0.7013076239329896,0.7013076239329896,manner,SouthernBritishEnglish.Parsed.CSV,3
2,1.9236620583620685,5.9039136955319655,0.5451674911342714,1.7916426062015325,manner,SouthernBritishEnglish.Parsed.CSV,3
3,1.5374651011631977,4.5715897837926365,0.3861969571988708,2.950233477798145,manner,SouthernBritishEnglish.Parsed.CSV,3
4,1.35340125886684,4.083215318405056,0.18406384229635764,3.6864888469835755,manner,SouthernBritishEnglish.Parsed.CSV,3
5,1.3122962957443036,3.998503572328629,0.04110496312253642,3.8920136625962574,manner,SouthernBritishEnglish.Parsed.CSV,3
6,1.3072356973755719,3.9901481504712994,0.005060598368731739,3.922377252808648,manner,SouthernBritishEnglish.Parsed.CSV,3
7,1.3066248829489586,3.989269860626906,0.0006108144266132598,3.9266529537949406,manner,SouthernBritishEnglish.Parsed.CSV,3
8,1.3065594828603628,3.989167284937452,6.54000885957906e-05,3.927176154503707,manner,SouthernBritishEnglish.Parsed.CSV,3
9,1.3065514360660913,3.9891537725215773,8.04679427157673e-06,3.9272485756521514,manner,SouthernBritishEnglish.Parsed.CSV,3
10,1.3065463358427012,3.98914342726494,5.100223390064329e-06,3.927299577886052,manner,SouthernBritishEnglish.Parsed.CSV,3
11,1.306546321926789,3.9891434156908208,1.391591220034627e-08,3.927299730961086,manner,SouthernBritishEnglish.Parsed.CSV,3
12,1.306546321926789,3.9891434156908208,-0.0,3.927299730961086,manner,SouthernBritishEnglish.Parsed.CSV,3
13,1.306546321926789,3.9891434156908208,-0.0,3.927299730961086,manner,SouthernBritishEnglish.Parsed.CSV,3
14,1.306546321926789,3.9891434156908208,-0.0,3.927299730961086,manner,SouthernBritishEnglish.Parsed.CSV,3
15,1.306546321926789,3.9891434156908208,-0.0,3.927299730961086,manner,SouthernBritishEnglish.Parsed.CSV,3
16,1.306546321926789,3.9891434156908208,-0.0,3.927299730961086,manner,SouthernBritishEnglish.Parsed.CSV,3
17,1.306546321926789,3.9891434156908208,-0.0,3.927299730961086,manner,SouthernBritishEnglish.Parsed.CSV,3
18,1.306546321926789,3.9891434156908208,-0.0,3.927299730961086,manner,SouthernBritishEnglish.Parsed.CSV,3
19,1.306546321926789,3.9891434156908208,-0.0,3.927299730961086,manner,SouthernBritishEnglish.Parsed.CSV,3
20,1.306546321926789,3.9891434156908208,-0.0,3.927299730961086,manner,SouthernBritishEnglish.Parsed.CSV,3
21,1.306546321926789,3.9891434156908208,-0.0,3.927299730961086,manner,SouthernBritishEnglish.Parsed.CSV,3
22,1.306546321926789,3.9891434156908208,-0.0,3.927299730961086,manner,SouthernBritishEnglish.Parsed.CSV,3
23,1.306546321926789,3.9891434156908208,-0.0,3.927299730961086,manner,SouthernBritishEnglish.Parsed.CSV,3
24,1.306546321926789,3.9891434156908208,-0.0,3.927299730961086,manner,SouthernBritishEnglish.Parsed.CSV,3
25,1.306546321926789,3.9891434156908208,-0.0,3.927299730961086,manner,SouthernBritishEnglish.Parsed.CSV,3
26,1.306546321926789,3.9891434156908208,-0.0,3.927299730961086,manner,SouthernBritishEnglish.Parsed.CSV,3
27,1.306546321926789,3.9891434156908208,-0.0,3.927299730961086,manner,SouthernBritishEnglish.Parsed.CSV,3
28,1.306546321926789,3.9891434156908208,-0.0,3.927299730961086,manner,SouthernBritishEnglish.Parsed.CSV,3
0,3.1701371734293295,10.91935777313512,nan,0.0,cv,SouthernBritishEnglish.Parsed.CSV,3
1,2.577927130439818,8.620222287952437,0.5922100429895116,0.5922100429895116,cv,SouthernBritishEnglish.Parsed.CSV,3
2,2.020486386576247,6.360458279387494,0.5574407438635709,1.7070915307166534,cv,SouthernBritishEnglish.Parsed.CSV,3
3,1.5820320533875158,4.8030396998626825,0.43845433318873117,3.0224545302828467,cv,SouthernBritishEnglish.Parsed.CSV,3
4,1.368088555845902,4.244005498088082,0.2139434975416139,3.8782285204493023,cv,SouthernBritishEnglish.Parsed.CSV,3
5,1.3309093547041335,4.1716891172642185,0.037179201141768425,4.064124526158144,cv,SouthernBritishEnglish.Parsed.CSV,3
6,1.3282998191149002,4.167417680405538,0.0026095355892332694,4.079781739693544,cv,SouthernBritishEnglish.Parsed.CSV,3
7,1.3281255341778326,4.167131969359847,0.00017428493706761472,4.081001734253018,cv,SouthernBritishEnglish.Parsed.CSV,3
8,1.3281205525246658,4.167123198255224,4.981653166868938e-06,4.081041587478353,cv,SouthernBritishEnglish.Parsed.CSV,3
9,1.328118366673993,4.167121104089941,2.18585067268684e-06,4.081061260134407,cv,SouthernBritishEnglish.Parsed.CSV,3
10,1.328118366673993,4.167121104089941,-0.0,4.081061260134407,cv,SouthernBritishEnglish.Parsed.CSV,3
11,1.328118366673993,4.167121104089941,-0.0,4.081061260134407,cv,SouthernBritishEnglish.Parsed.CSV,3
12,1.328118366673993,4.167121104089941,-0.0,4.081061260134407,cv,SouthernBritishEnglish.Parsed.CSV,3
13,1.328118366673993,4.167121104089941,-0.0,4.081061260134407,cv,SouthernBritishEnglish.Parsed.CSV,3
14,1.328118366673993,4.167121104089941,-0.0,4.081061260134407,cv,SouthernBritishEnglish.Parsed.CSV,3
15,1.328118366673993,4.167121104089941,-0.0,4.081061260134407,cv,SouthernBritishEnglish.Parsed.CSV,3
16,1.328118366673993,4.167121104089941,-0.0,4.081061260134407,cv,SouthernBritishEnglish.Parsed.CSV,3
17,1.328118366673993,4.167121104089941,-0.0,4.081061260134407,cv,SouthernBritishEnglish.Parsed.CSV,3
18,1.328118366673993,4.167121104089941,-0.0,4.081061260134407,cv,SouthernBritishEnglish.Parsed.CSV,3
19,1.328118366673993,4.167121104089941,-0.0,4.081061260134407,cv,SouthernBritishEnglish.Parsed.CSV,3
20,1.328118366673993,4.167121104089941,-0.0,4.081061260134407,cv,SouthernBritishEnglish.Parsed.CSV,3
21,1.328118366673993,4.167121104089941,-0.0,4.081061260134407,cv,SouthernBritishEnglish.Parsed.CSV,3
22,1.328118366673993,4.167121104089941,-0.0,4.081061260134407,cv,SouthernBritishEnglish.Parsed.CSV,3
23,1.328118366673993,4.167121104089941,-0.0,4.081061260134407,cv,SouthernBritishEnglish.Parsed.CSV,3
24,1.328118366673993,4.167121104089941,-0.0,4.081061260134407,cv,SouthernBritishEnglish.Parsed.CSV,3
25,1.328118366673993,4.167121104089941,-0.0,4.081061260134407,cv,SouthernBritishEnglish.Parsed.CSV,3
26,1.328118366673993,4.167121104089941,-0.0,4.081061260134407,cv,SouthernBritishEnglish.Parsed.CSV,3
27,1.328118366673993,4.167121104089941,-0.0,4.081061260134407,cv,SouthernBritishEnglish.Parsed.CSV,3
28,1.328118366673993,4.167121104089941,-0.0,4.081061260134407,cv,SouthernBritishEnglish.Parsed.CSV,3
0,3.1701371734293295,10.91935777313512,nan,0.0,scramble,SouthernBritishEnglish.Parsed.CSV,4
1,2.6224448804796436,8.863345595803173,0.5476922929496859,0.5476922929496859,scramble,SouthernBritishEnglish.Parsed.CSV,4
2,1.9263330180134515,6.069050171854469,0.6961118624661922,1.9399160178820702,scramble,SouthernBritishEnglish.Parsed.CSV,4
3,1.449641111904251,4.450767470497037,0.47669190610920054,3.3699917362096716,scramble,SouthernBritishEnglish.Parsed.CSV,4
4,1.2901288138633664,4.049673566287133,0.15951229804088451,4.00804092837321,scramble,SouthernBritishEnglish.Parsed.CSV,4
5,1.2695727115978392,4.010794190549612,0.020556102265527176,4.110821439700846,scramble,SouthernBritishEnglish.Parsed.CSV,4
6,1.2678774536655164,4.008116744177494,0.0016952579323228356,4.120992987294783,scramble,SouthernBritishEnglish.Parsed.CSV,4
7,1.267495379109993,4.007519370060054,0.00038207455552341507,4.123667509183447,scramble,SouthernBritishEnglish.Parsed.CSV,4
8,1.2674127011188465,4.007371749228655,8.267799114647367e-05,4.1243289331126185,scramble,SouthernBritishEnglish.Parsed.CSV,4
9,1.267405672910002,4.0073646301847266,7.0282088444617585e-06,4.124392186992218,scramble,SouthernBritishEnglish.Parsed.CSV,4
10,1.2674055617749704,4.00736448922126,1.1113503162185623e-07,4.124393298342534,scramble,SouthernBritishEnglish.Parsed.CSV,4
11,1.2674051797701409,4.007364223067363,3.8200482954664494e-07,4.124397500395659,scramble,SouthernBritishEnglish.Parsed.CSV,4
12,1.2674051797701409,4.007364223067363,-0.0,4.124397500395659,scramble,SouthernBritishEnglish.Parsed.CSV,4
13,1.2674051797701409,4.007364223067363,-0.0,4.124397500395659,scramble,SouthernBritishEnglish.Parsed.CSV,4
14,1.2674051797701409,4.007364223067363,-0.0,4.124397500395659,scramble,SouthernBritishEnglish.Parsed.CSV,4
15,1.2674051797701409,4.007364223067363,-0.0,4.124397500395659,scramble,SouthernBritishEnglish.Parsed.CSV,4
16,1.2674051797701409,4.007364223067363,-0.0,4.124397500395659,scramble,SouthernBritishEnglish.Parsed.CSV,4
17,1.2674051797701409,4.007364223067363,-0.0,4.124397500395659,scramble,SouthernBritishEnglish.Parsed.CSV,4
18,1.2674051797701409,4.007364223067363,-0.0,4.124397500395659,scramble,SouthernBritishEnglish.Parsed.CSV,4
19,1.2674051797701409,4.007364223067363,-0.0,4.124397500395659,scramble,SouthernBritishEnglish.Parsed.CSV,4
20,1.2674051797701409,4.007364223067363,-0.0,4.124397500395659,scramble,SouthernBritishEnglish.Parsed.CSV,4
21,1.2674051797701409,4.007364223067363,-0.0,4.124397500395659,scramble,SouthernBritishEnglish.Parsed.CSV,4
22,1.2674051797701409,4.007364223067363,-0.0,4.124397500395659,scramble,SouthernBritishEnglish.Parsed.CSV,4
23,1.2674051797701409,4.007364223067363,-0.0,4.124397500395659,scramble,SouthernBritishEnglish.Parsed.CSV,4
24,1.2674051797701409,4.007364223067363,-0.0,4.124397500395659,scramble,SouthernBritishEnglish.Parsed.CSV,4
25,1.2674051797701409,4.007364223067363,-0.0,4.124397500395659,scramble,SouthernBritishEnglish.Parsed.CSV,4
26,1.2674051797701409,4.007364223067363,-0.0,4.124397500395659,scramble,SouthernBritishEnglish.Parsed.CSV,4
27,1.2674051797701409,4.007364223067363,-0.0,4.124397500395659,scramble,SouthernBritishEnglish.Parsed.CSV,4
28,1.2674051797701409,4.007364223067363,-0.0,4.124397500395659,scramble,SouthernBritishEnglish.Parsed.CSV,4
0,3.1701371734293295,10.91935777313512,nan,0.0,manner,SouthernBritishEnglish.Parsed.CSV,4
1,2.460835442801986,8.03334665625703,0.7093017306273435,0.7093017306273435,manner,SouthernBritishEnglish.Parsed.CSV,4
2,1.918169833311685,5.876983125444994,0.5426656094903011,1.7946329496079456,manner,SouthernBritishEnglish.Parsed.CSV,4
3,1.5390370962926034,4.568439716311577,0.37913273701908157,2.9320311606651903,manner,SouthernBritishEnglish.Parsed.CSV,4
4,1.3542633881095496,4.075116942274364,0.18477370818305383,3.6711259933974056,manner,SouthernBritishEnglish.Parsed.CSV,4
5,1.3125621366613671,3.9892440950358914,0.041701251448182486,3.879632250638318,manner,SouthernBritishEnglish.Parsed.CSV,4
6,1.3075605757954751,3.980571017108151,0.005001560865891985,3.90964161583367,manner,SouthernBritishEnglish.Parsed.CSV,4
7,1.3070025248530488,3.9797802825709305,0.0005580509424263358,3.9135479724306546,manner,SouthernBritishEnglish.Parsed.CSV,4
8,1.306935099646019,3.9796811456540557,6.742520702984756e-05,3.9140873740868933,manner,SouthernBritishEnglish.Parsed.CSV,4
9,1.3069232824151549,3.9796632458339167,1.1817230864075157e-05,3.91419372916467,manner,SouthernBritishEnglish.Parsed.CSV,4
10,1.3069225613910187,3.9796613375840297,7.210241361743641e-07,3.9142009394060318,manner,SouthernBritishEnglish.Parsed.CSV,4
11,1.3069223945145918,3.979661211544485,1.6687642689916515e-07,3.9142027750467276,manner,SouthernBritishEnglish.Parsed.CSV,4
12,1.3069223945145918,3.979661211544485,-0.0,3.9142027750467276,manner,SouthernBritishEnglish.Parsed.CSV,4
13,1.3069223945145918,3.979661211544485,-0.0,3.9142027750467276,manner,SouthernBritishEnglish.Parsed.CSV,4
14,1.3069223945145918,3.979661211544485,-0.0,3.9142027750467276,manner,SouthernBritishEnglish.Parsed.CSV,4
15,1.3069223945145918,3.979661211544485,-0.0,3.9142027750467276,manner,SouthernBritishEnglish.Parsed.CSV,4
16,1.3069223945145918,3.979661211544485,-0.0,3.9142027750467276,manner,SouthernBritishEnglish.Parsed.CSV,4
17,1.3069223945145918,3.979661211544485,-0.0,3.9142027750467276,manner,SouthernBritishEnglish.Parsed.CSV,4
18,1.3069223945145918,3.979661211544485,-0.0,3.9142027750467276,manner,SouthernBritishEnglish.Parsed.CSV,4
19,1.3069223945145918,3.979661211544485,-0.0,3.9142027750467276,manner,SouthernBritishEnglish.Parsed.CSV,4
20,1.3069223945145918,3.979661211544485,-0.0,3.9142027750467276,manner,SouthernBritishEnglish.Parsed.CSV,4
21,1.3069223945145918,3.979661211544485,-0.0,3.9142027750467276,manner,SouthernBritishEnglish.Parsed.CSV,4
22,1.3069223945145918,3.979661211544485,-0.0,3.9142027750467276,manner,SouthernBritishEnglish.Parsed.CSV,4
23,1.3069223945145918,3.979661211544485,-0.0,3.9142027750467276,manner,SouthernBritishEnglish.Parsed.CSV,4
24,1.3069223945145918,3.979661211544485,-0.0,3.9142027750467276,manner,SouthernBritishEnglish.Parsed.CSV,4
25,1.3069223945145918,3.979661211544485,-0.0,3.9142027750467276,manner,SouthernBritishEnglish.Parsed.CSV,4
26,1.3069223945145918,3.979661211544485,-0.0,3.9142027750467276,manner,SouthernBritishEnglish.Parsed.CSV,4
27,1.3069223945145918,3.979661211544485,-0.0,3.9142027750467276,manner,SouthernBritishEnglish.Parsed.CSV,4
28,1.3069223945145918,3.979661211544485,-0.0,3.9142027750467276,manner,SouthernBritishEnglish.Parsed.CSV,4
0,3.1701371734293295,10.91935777313512,nan,0.0,cv,SouthernBritishEnglish.Parsed.CSV,4
1,2.5775357191552364,8.63174780031328,0.5926014542740932,0.5926014542740932,cv,SouthernBritishEnglish.Parsed.CSV,4
2,2.017289933811173,6.370505735245247,0.5602457853440632,1.7130930249622196,cv,SouthernBritishEnglish.Parsed.CSV,4
3,1.5804947498392041,4.81338721796603,0.43679518397196904,3.0234785768781265,cv,SouthernBritishEnglish.Parsed.CSV,4
4,1.3671061177410422,4.254820645322797,0.21338863209816195,3.8770331052707743,cv,SouthernBritishEnglish.Parsed.CSV,4
5,1.3305040968018749,4.183333200492171,0.03660202093916731,4.060043209966611,cv,SouthernBritishEnglish.Parsed.CSV,4
6,1.328018477698623,4.17928734153618,0.002485619103251846,4.074956924586122,cv,SouthernBritishEnglish.Parsed.CSV,4
7,1.327851146229653,4.1790414172422174,0.00016733146897007778,4.0761282448689125,cv,SouthernBritishEnglish.Parsed.CSV,4
8,1.3278455548592139,4.179035685206519,5.5913704390953e-06,4.076172975832425,cv,SouthernBritishEnglish.Parsed.CSV,4
9,1.327845546226096,4.179035661024649,8.63311777621334e-09,4.076173053530486,cv,SouthernBritishEnglish.Parsed.CSV,4
10,1.327845546226096,4.179035661024649,-0.0,4.076173053530486,cv,SouthernBritishEnglish.Parsed.CSV,4
11,1.327845546226096,4.179035661024649,-0.0,4.076173053530486,cv,SouthernBritishEnglish.Parsed.CSV,4
12,1.327845546226096,4.179035661024649,-0.0,4.076173053530486,cv,SouthernBritishEnglish.Parsed.CSV,4
13,1.327845546226096,4.179035661024649,-0.0,4.076173053530486,cv,SouthernBritishEnglish.Parsed.CSV,4
14,1.327845546226096,4.179035661024649,-0.0,4.076173053530486,cv,SouthernBritishEnglish.Parsed.CSV,4
15,1.327845546226096,4.179035661024649,-0.0,4.076173053530486,cv,SouthernBritishEnglish.Parsed.CSV,4
16,1.327845546226096,4.179035661024649,-0.0,4.076173053530486,cv,SouthernBritishEnglish.Parsed.CSV,4
17,1.327845546226096,4.179035661024649,-0.0,4.076173053530486,cv,SouthernBritishEnglish.Parsed.CSV,4
18,1.327845546226096,4.179035661024649,-0.0,4.076173053530486,cv,SouthernBritishEnglish.Parsed.CSV,4
19,1.327845546226096,4.179035661024649,-0.0,4.076173053530486,cv,SouthernBritishEnglish.Parsed.CSV,4
20,1.327845546226096,4.179035661024649,-0.0,4.076173053530486,cv,SouthernBritishEnglish.Parsed.CSV,4
21,1.327845546226096,4.179035661024649,-0.0,4.076173053530486,cv,SouthernBritishEnglish.Parsed.CSV,4
22,1.327845546226096,4.179035661024649,-0.0,4.076173053530486,cv,SouthernBritishEnglish.Parsed.CSV,4
23,1.327845546226096,4.179035661024649,-0.0,4.076173053530486,cv,SouthernBritishEnglish.Parsed.CSV,4
24,1.327845546226096,4.179035661024649,-0.0,4.076173053530486,cv,SouthernBritishEnglish.Parsed.CSV,4
25,1.327845546226096,4.179035661024649,-0.0,4.076173053530486,cv,SouthernBritishEnglish.Parsed.CSV,4
26,1.327845546226096,4.179035661024649,-0.0,4.076173053530486,cv,SouthernBritishEnglish.Parsed.CSV,4
27,1.327845546226096,4.179035661024649,-0.0,4.076173053530486,cv,SouthernBritishEnglish.Parsed.CSV,4
28,1.327845546226096,4.179035661024649,-0.0,4.076173053530486,cv,SouthernBritishEnglish.Parsed.CSV,4
0,3.1701371734293295,10.91935777313512,nan,0.0,scramble,SouthernBritishEnglish.Parsed.CSV,5
1,2.5219452560787934,8.477007127615954,0.6481919173505362,0.6481919173505362,scramble,SouthernBritishEnglish.Parsed.CSV,5
2,1.9160731022772008,5.942609463762207,0.6058721538015925,1.8599362249537212,scramble,SouthernBritishEnglish.Parsed.CSV,5
3,1.4555130491690618,4.402228987694676,0.4605600531081391,3.2416163842781387,scramble,SouthernBritishEnglish.Parsed.CSV,5
4,1.2948183440767358,3.9996709188512614,0.16069470509232597,3.8843952046474426,scramble,SouthernBritishEnglish.Parsed.CSV,5
5,1.2709285494641684,3.9533293578774193,0.02388979461256735,4.003844177710279,scramble,SouthernBritishEnglish.Parsed.CSV,5
6,1.2679313872251061,3.948489744648347,0.002997162239062323,4.021827151144653,scramble,SouthernBritishEnglish.Parsed.CSV,5
7,1.267510641820882,3.9478070831665906,0.0004207454042242098,4.024772368974222,scramble,SouthernBritishEnglish.Parsed.CSV,5
8,1.267435430499776,3.9477039399395495,7.52113211059946e-05,4.02537405954307,scramble,SouthernBritishEnglish.Parsed.CSV,5
9,1.2674105972063563,3.9476743925499203,2.4833293419623814e-05,4.025597559183847,scramble,SouthernBritishEnglish.Parsed.CSV,5
10,1.2674058027445243,3.947669266617488,4.794461831991725e-06,4.025645503802167,scramble,SouthernBritishEnglish.Parsed.CSV,5
11,1.2674052559675042,3.9476687679818045,5.467770201050826e-07,4.025651518349388,scramble,SouthernBritishEnglish.Parsed.CSV,5
12,1.2674051797701409,3.947668700487819,7.619736330788385e-08,4.025652432717748,scramble,SouthernBritishEnglish.Parsed.CSV,5
13,1.2674051797701409,3.947668700487819,-0.0,4.025652432717748,scramble,SouthernBritishEnglish.Parsed.CSV,5
14,1.2674051797701409,3.947668700487819,-0.0,4.025652432717748,scramble,SouthernBritishEnglish.Parsed.CSV,5
15,1.2674051797701409,3.947668700487819,-0.0,4.025652432717748,scramble,SouthernBritishEnglish.Parsed.CSV,5
16,1.2674051797701409,3.947668700487819,-0.0,4.025652432717748,scramble,SouthernBritishEnglish.Parsed.CSV,5
17,1.2674051797701409,3.947668700487819,-0.0,4.025652432717748,scramble,SouthernBritishEnglish.Parsed.CSV,5
18,1.2674051797701409,3.947668700487819,-0.0,4.025652432717748,scramble,SouthernBritishEnglish.Parsed.CSV,5
19,1.2674051797701409,3.947668700487819,-0.0,4.025652432717748,scramble,SouthernBritishEnglish.Parsed.CSV,5
20,1.2674051797701409,3.947668700487819,-0.0,4.025652432717748,scramble,SouthernBritishEnglish.Parsed.CSV,5
21,1.2674051797701409,3.947668700487819,-0.0,4.025652432717748,scramble,SouthernBritishEnglish.Parsed.CSV,5
22,1.2674051797701409,3.947668700487819,-0.0,4.025652432717748,scramble,SouthernBritishEnglish.Parsed.CSV,5
23,1.2674051797701409,3.947668700487819,-0.0,4.025652432717748,scramble,SouthernBritishEnglish.Parsed.CSV,5
24,1.2674051797701409,3.947668700487819,-0.0,4.025652432717748,scramble,SouthernBritishEnglish.Parsed.CSV,5
25,1.2674051797701409,3.947668700487819,-0.0,4.025652432717748,scramble,SouthernBritishEnglish.Parsed.CSV,5
26,1.2674051797701409,3.947668700487819,-0.0,4.025652432717748,scramble,SouthernBritishEnglish.Parsed.CSV,5
27,1.2674051797701409,3.947668700487819,-0.0,4.025652432717748,scramble,SouthernBritishEnglish.Parsed.CSV,5
28,1.2674051797701409,3.947668700487819,-0.0,4.025652432717748,scramble,SouthernBritishEnglish.Parsed.CSV,5
0,3.1701371734293295,10.91935777313512,nan,0.0,manner,SouthernBritishEnglish.Parsed.CSV,5
1,2.4650949520261194,8.040605737433559,0.7050422214032102,0.7050422214032102,manner,SouthernBritishEnglish.Parsed.CSV,5
2,1.918338513216974,5.879979175011242,0.5467564388091455,1.7985550990215011,manner,SouthernBritishEnglish.Parsed.CSV,5
3,1.539802684491712,4.574294181611227,0.3785358287252618,2.934162585197287,manner,SouthernBritishEnglish.Parsed.CSV,5
4,1.3537555643392125,4.078285873884501,0.18604712015249958,3.678351065807285,manner,SouthernBritishEnglish.Parsed.CSV,5
5,1.3124358991746927,3.9938971651626884,0.04131966516451979,3.884949391629884,manner,SouthernBritishEnglish.Parsed.CSV,5
6,1.3073890619168878,3.9853549834120825,0.00504683725780497,3.9152304151767137,manner,SouthernBritishEnglish.Parsed.CSV,5
7,1.3069765223265852,3.984647181525089,0.00041253959030251863,3.9181181923088313,manner,SouthernBritishEnglish.Parsed.CSV,5
8,1.3068868684455626,3.9845120713419804,8.965388102266658e-05,3.9188354233570126,manner,SouthernBritishEnglish.Parsed.CSV,5
9,1.3068712644720666,3.9844933287060367,1.5603973495981194e-05,3.9189758591184765,manner,SouthernBritishEnglish.Parsed.CSV,5
10,1.3068665801627184,3.984488529469114,4.684309348190752e-06,3.9190227022119584,manner,SouthernBritishEnglish.Parsed.CSV,5
11,1.3068665801627184,3.984488529469114,-0.0,3.9190227022119584,manner,SouthernBritishEnglish.Parsed.CSV,5
12,1.3068665801627184,3.984488529469114,-0.0,3.9190227022119584,manner,SouthernBritishEnglish.Parsed.CSV,5
13,1.3068665801627184,3.984488529469114,-0.0,3.9190227022119584,manner,SouthernBritishEnglish.Parsed.CSV,5
14,1.3068665801627184,3.984488529469114,-0.0,3.9190227022119584,manner,SouthernBritishEnglish.Parsed.CSV,5
15,1.3068665801627184,3.984488529469114,-0.0,3.9190227022119584,manner,SouthernBritishEnglish.Parsed.CSV,5
16,1.3068665801627184,3.984488529469114,-0.0,3.9190227022119584,manner,SouthernBritishEnglish.Parsed.CSV,5
17,1.3068665801627184,3.984488529469114,-0.0,3.9190227022119584,manner,SouthernBritishEnglish.Parsed.CSV,5
18,1.3068665801627184,3.984488529469114,-0.0,3.9190227022119584,manner,SouthernBritishEnglish.Parsed.CSV,5
19,1.3068665801627184,3.984488529469114,-0.0,3.9190227022119584,manner,SouthernBritishEnglish.Parsed.CSV,5
20,1.3068665801627184,3.984488529469114,-0.0,3.9190227022119584,manner,SouthernBritishEnglish.Parsed.CSV,5
21,1.3068665801627184,3.984488529469114,-0.0,3.9190227022119584,manner,SouthernBritishEnglish.Parsed.CSV,5
22,1.3068665801627184,3.984488529469114,-0.0,3.9190227022119584,manner,SouthernBritishEnglish.Parsed.CSV,5
23,1.3068665801627184,3.984488529469114,-0.0,3.9190227022119584,manner,SouthernBritishEnglish.Parsed.CSV,5
24,1.3068665801627184,3.984488529469114,-0.0,3.9190227022119584,manner,SouthernBritishEnglish.Parsed.CSV,5
25,1.3068665801627184,3.984488529469114,-0.0,3.9190227022119584,manner,SouthernBritishEnglish.Parsed.CSV,5
26,1.3068665801627184,3.984488529469114,-0.0,3.9190227022119584,manner,SouthernBritishEnglish.Parsed.CSV,5
27,1.3068665801627184,3.984488529469114,-0.0,3.9190227022119584,manner,SouthernBritishEnglish.Parsed.CSV,5
28,1.3068665801627184,3.984488529469114,-0.0,3.9190227022119584,manner,SouthernBritishEnglish.Parsed.CSV,5
0,3.1701371734293295,10.91935777313512,nan,0.0,cv,SouthernBritishEnglish.Parsed.CSV,5
1,2.5796825667930725,8.633018170071294,0.590454606636257,0.590454606636257,cv,SouthernBritishEnglish.Parsed.CSV,5
2,2.0196231016283064,6.350208961330362,0.5600594651647661,1.7105735369657893,cv,SouthernBritishEnglish.Parsed.CSV,5
3,1.5800085855186004,4.797931912500601,0.43961451610970603,3.0294170852949076,cv,SouthernBritishEnglish.Parsed.CSV,5
4,1.3662943798871492,4.240939628008358,0.21371420563145116,3.8842739078207122,cv,SouthernBritishEnglish.Parsed.CSV,5
5,1.3307708862607357,4.170725347421288,0.035523493626413494,4.061891375952779,cv,SouthernBritishEnglish.Parsed.CSV,5
6,1.3283478707838985,4.16671833033103,0.002423015476837209,4.076429468813803,cv,SouthernBritishEnglish.Parsed.CSV,5
7,1.328243635399124,4.166546893986276,0.00010423538477444261,4.077159116507224,cv,SouthernBritishEnglish.Parsed.CSV,5
8,1.3282396719491762,4.166540812384741,3.96344994779696e-06,4.077190824106807,cv,SouthernBritishEnglish.Parsed.CSV,5
9,1.3282395412163344,4.1665406626144135,1.307328418853615e-07,4.077192000702384,cv,SouthernBritishEnglish.Parsed.CSV,5
10,1.3282395412163344,4.1665406626144135,-0.0,4.077192000702384,cv,SouthernBritishEnglish.Parsed.CSV,5
11,1.3282395412163344,4.1665406626144135,-0.0,4.077192000702384,cv,SouthernBritishEnglish.Parsed.CSV,5
12,1.3282395412163344,4.1665406626144135,-0.0,4.077192000702384,cv,SouthernBritishEnglish.Parsed.CSV,5
13,1.3282395412163344,4.1665406626144135,-0.0,4.077192000702384,cv,SouthernBritishEnglish.Parsed.CSV,5
14,1.3282395412163344,4.1665406626144135,-0.0,4.077192000702384,cv,SouthernBritishEnglish.Parsed.CSV,5
15,1.3282395412163344,4.1665406626144135,-0.0,4.077192000702384,cv,SouthernBritishEnglish.Parsed.CSV,5
16,1.3282395412163344,4.1665406626144135,-0.0,4.077192000702384,cv,SouthernBritishEnglish.Parsed.CSV,5
17,1.3282395412163344,4.1665406626144135,-0.0,4.077192000702384,cv,SouthernBritishEnglish.Parsed.CSV,5
18,1.3282395412163344,4.1665406626144135,-0.0,4.077192000702384,cv,SouthernBritishEnglish.Parsed.CSV,5
19,1.3282395412163344,4.1665406626144135,-0.0,4.077192000702384,cv,SouthernBritishEnglish.Parsed.CSV,5
20,1.3282395412163344,4.1665406626144135,-0.0,4.077192000702384,cv,SouthernBritishEnglish.Parsed.CSV,5
21,1.3282395412163344,4.1665406626144135,-0.0,4.077192000702384,cv,SouthernBritishEnglish.Parsed.CSV,5
22,1.3282395412163344,4.1665406626144135,-0.0,4.077192000702384,cv,SouthernBritishEnglish.Parsed.CSV,5
23,1.3282395412163344,4.1665406626144135,-0.0,4.077192000702384,cv,SouthernBritishEnglish.Parsed.CSV,5
24,1.3282395412163344,4.1665406626144135,-0.0,4.077192000702384,cv,SouthernBritishEnglish.Parsed.CSV,5
25,1.3282395412163344,4.1665406626144135,-0.0,4.077192000702384,cv,SouthernBritishEnglish.Parsed.CSV,5
26,1.3282395412163344,4.1665406626144135,-0.0,4.077192000702384,cv,SouthernBritishEnglish.Parsed.CSV,5
27,1.3282395412163344,4.1665406626144135,-0.0,4.077192000702384,cv,SouthernBritishEnglish.Parsed.CSV,5
28,1.3282395412163344,4.1665406626144135,-0.0,4.077192000702384,cv,SouthernBritishEnglish.Parsed.CSV,5
0,3.1701371734293295,10.91935777313512,nan,0.0,scramble,SouthernBritishEnglish.Parsed.CSV,6
1,2.5440648348152037,8.485391639055125,0.6260723386141258,0.6260723386141258,scramble,SouthernBritishEnglish.Parsed.CSV,6
2,1.8704823747348114,5.892319585132766,0.6735824600803924,1.9732372587749105,scramble,SouthernBritishEnglish.Parsed.CSV,6
3,1.4374386819479958,4.4425739910674595,0.43304369278681554,3.272368337135357,scramble,SouthernBritishEnglish.Parsed.CSV,6
4,1.291899356607699,4.063452634949712,0.1455393253402968,3.8545256384965443,scramble,SouthernBritishEnglish.Parsed.CSV,6
5,1.270995654296667,4.021460729915879,0.020903702311032113,3.959044150051705,scramble,SouthernBritishEnglish.Parsed.CSV,6
6,1.2681239189369622,4.0167684538480035,0.0028717353597047524,3.9762745622099334,scramble,SouthernBritishEnglish.Parsed.CSV,6
7,1.267653021983983,4.016046315586375,0.000470896952979194,3.979570840880788,scramble,SouthernBritishEnglish.Parsed.CSV,6
8,1.2675978488135689,4.015918728725799,5.517317041414671e-05,3.980012226244101,scramble,SouthernBritishEnglish.Parsed.CSV,6
9,1.2674079935973508,4.01561349812874,0.00018985521621806,3.9817209231900637,scramble,SouthernBritishEnglish.Parsed.CSV,6
10,1.267405179879668,4.015609690187823,2.8137176828479937e-06,3.981749060366892,scramble,SouthernBritishEnglish.Parsed.CSV,6
11,1.267405179879668,4.015609690187823,-0.0,3.981749060366892,scramble,SouthernBritishEnglish.Parsed.CSV,6
12,1.267405179879668,4.015609690187823,-0.0,3.981749060366892,scramble,SouthernBritishEnglish.Parsed.CSV,6
13,1.267405179770141,4.015609690111904,1.0952683204834557e-10,3.981749061790741,scramble,SouthernBritishEnglish.Parsed.CSV,6
14,1.267405179770141,4.015609690111904,-0.0,3.981749061790741,scramble,SouthernBritishEnglish.Parsed.CSV,6
15,1.267405179770141,4.015609690111904,-0.0,3.981749061790741,scramble,SouthernBritishEnglish.Parsed.CSV,6
16,1.267405179770141,4.015609690111904,-0.0,3.981749061790741,scramble,SouthernBritishEnglish.Parsed.CSV,6
17,1.267405179770141,4.015609690111904,-0.0,3.981749061790741,scramble,SouthernBritishEnglish.Parsed.CSV,6
18,1.267405179770141,4.015609690111904,-0.0,3.981749061790741,scramble,SouthernBritishEnglish.Parsed.CSV,6
19,1.267405179770141,4.015609690111904,-0.0,3.981749061790741,scramble,SouthernBritishEnglish.Parsed.CSV,6
20,1.267405179770141,4.015609690111904,-0.0,3.981749061790741,scramble,SouthernBritishEnglish.Parsed.CSV,6
21,1.267405179770141,4.015609690111904,-0.0,3.981749061790741,scramble,SouthernBritishEnglish.Parsed.CSV,6
22,1.267405179770141,4.015609690111904,-0.0,3.981749061790741,scramble,SouthernBritishEnglish.Parsed.CSV,6
23,1.267405179770141,4.015609690111904,-0.0,3.981749061790741,scramble,SouthernBritishEnglish.Parsed.CSV,6
24,1.267405179770141,4.015609690111904,-0.0,3.981749061790741,scramble,SouthernBritishEnglish.Parsed.CSV,6
25,1.267405179770141,4.015609690111904,-0.0,3.981749061790741,scramble,SouthernBritishEnglish.Parsed.CSV,6
26,1.267405179770141,4.015609690111904,-0.0,3.981749061790741,scramble,SouthernBritishEnglish.Parsed.CSV,6
27,1.267405179770141,4.015609690111904,-0.0,3.981749061790741,scramble,SouthernBritishEnglish.Parsed.CSV,6
28,1.267405179770141,4.015609690111904,-0.0,3.981749061790741,scramble,SouthernBritishEnglish.Parsed.CSV,6
0,3.1701371734293295,10.91935777313512,nan,0.0,manner,SouthernBritishEnglish.Parsed.CSV,6
1,2.453633725651869,8.016399496370214,0.7165034477774603,0.7165034477774603,manner,SouthernBritishEnglish.Parsed.CSV,6
2,1.920543911702117,5.879200324185926,0.5330898139497522,1.7826830756769647,manner,SouthernBritishEnglish.Parsed.CSV,6
3,1.5370981643723989,4.557026580855797,0.38344574732971815,2.933020317666119,manner,SouthernBritishEnglish.Parsed.CSV,6
4,1.3517836565219838,4.064458935310953,0.18531450785041503,3.6742783490677793,manner,SouthernBritishEnglish.Parsed.CSV,6
5,1.3101693214850914,3.979104177617008,0.04161433503689249,3.8823500242522417,manner,SouthernBritishEnglish.Parsed.CSV,6
6,1.3052927260895828,3.9709223023622378,0.004876595395508554,3.911609596625293,manner,SouthernBritishEnglish.Parsed.CSV,6
7,1.304837254577215,3.970273282155323,0.0004554715123676889,3.9147978972118667,manner,SouthernBritishEnglish.Parsed.CSV,6
8,1.3047497731616002,3.9701413099565745,8.748141561487621e-05,3.9154977485367857,manner,SouthernBritishEnglish.Parsed.CSV,6
9,1.3047396003570135,3.9701287363312567,1.0172804586705553e-05,3.915589303778066,manner,SouthernBritishEnglish.Parsed.CSV,6
10,1.304732789136822,3.970117588515277,6.8112201916381565e-06,3.9156574159799824,manner,SouthernBritishEnglish.Parsed.CSV,6
11,1.304732789136822,3.970117588515277,-0.0,3.9156574159799824,manner,SouthernBritishEnglish.Parsed.CSV,6
12,1.304732789136822,3.970117588515277,-0.0,3.9156574159799824,manner,SouthernBritishEnglish.Parsed.CSV,6
13,1.304732789136822,3.970117588515277,-0.0,3.9156574159799824,manner,SouthernBritishEnglish.Parsed.CSV,6
14,1.304732789136822,3.970117588515277,-0.0,3.9156574159799824,manner,SouthernBritishEnglish.Parsed.CSV,6
15,1.304732789136822,3.970117588515277,-0.0,3.9156574159799824,manner,SouthernBritishEnglish.Parsed.CSV,6
16,1.304732789136822,3.970117588515277,-0.0,3.9156574159799824,manner,SouthernBritishEnglish.Parsed.CSV,6
17,1.304732789136822,3.970117588515277,-0.0,3.9156574159799824,manner,SouthernBritishEnglish.Parsed.CSV,6
18,1.304732789136822,3.970117588515277,-0.0,3.9156574159799824,manner,SouthernBritishEnglish.Parsed.CSV,6
19,1.304732789136822,3.970117588515277,-0.0,3.9156574159799824,manner,SouthernBritishEnglish.Parsed.CSV,6
20,1.304732789136822,3.970117588515277,-0.0,3.9156574159799824,manner,SouthernBritishEnglish.Parsed.CSV,6
21,1.304732789136822,3.970117588515277,-0.0,3.9156574159799824,manner,SouthernBritishEnglish.Parsed.CSV,6
22,1.304732789136822,3.970117588515277,-0.0,3.9156574159799824,manner,SouthernBritishEnglish.Parsed.CSV,6
23,1.304732789136822,3.970117588515277,-0.0,3.9156574159799824,manner,SouthernBritishEnglish.Parsed.CSV,6
24,1.304732789136822,3.970117588515277,-0.0,3.9156574159799824,manner,SouthernBritishEnglish.Parsed.CSV,6
25,1.304732789136822,3.970117588515277,-0.0,3.9156574159799824,manner,SouthernBritishEnglish.Parsed.CSV,6
26,1.304732789136822,3.970117588515277,-0.0,3.9156574159799824,manner,SouthernBritishEnglish.Parsed.CSV,6
27,1.304732789136822,3.970117588515277,-0.0,3.9156574159799824,manner,SouthernBritishEnglish.Parsed.CSV,6
28,1.304732789136822,3.970117588515277,-0.0,3.9156574159799824,manner,SouthernBritishEnglish.Parsed.CSV,6
0,3.1701371734293295,10.91935777313512,nan,0.0,cv,SouthernBritishEnglish.Parsed.CSV,6
1,2.570389146452344,8.614489641666045,0.5997480269769855,0.5997480269769855,cv,SouthernBritishEnglish.Parsed.CSV,6
2,2.0190018193923867,6.362244938830722,0.5513873270599574,1.7025226810969003,cv,SouthernBritishEnglish.Parsed.CSV,6
3,1.5739617777150092,4.797192937631647,0.44504004167737743,3.037642806129033,cv,SouthernBritishEnglish.Parsed.CSV,6
4,1.3639802300787598,4.246265682952266,0.20998154763624943,3.8775689966740305,cv,SouthernBritishEnglish.Parsed.CSV,6
5,1.3276550828455542,4.174576708901437,0.03632514723320557,4.059194732840059,cv,SouthernBritishEnglish.Parsed.CSV,6
6,1.3251404578163466,4.170421862826716,0.002514625029207629,4.074282483015304,cv,SouthernBritishEnglish.Parsed.CSV,6
7,1.3250477030053205,4.170268089190538,9.275481102610783e-05,4.074931766692487,cv,SouthernBritishEnglish.Parsed.CSV,6
8,1.3250388447745383,4.17025817059394,8.858230782227139e-06,4.0750026325387445,cv,SouthernBritishEnglish.Parsed.CSV,6
9,1.3250387267007726,4.170257938443159,1.1807376565364791e-07,4.075003695202636,cv,SouthernBritishEnglish.Parsed.CSV,6
10,1.3250387267007726,4.170257938443159,-0.0,4.075003695202636,cv,SouthernBritishEnglish.Parsed.CSV,6
11,1.3250387267007726,4.170257938443159,-0.0,4.075003695202636,cv,SouthernBritishEnglish.Parsed.CSV,6
12,1.3250387267007726,4.170257938443159,-0.0,4.075003695202636,cv,SouthernBritishEnglish.Parsed.CSV,6
13,1.3250387267007726,4.170257938443159,-0.0,4.075003695202636,cv,SouthernBritishEnglish.Parsed.CSV,6
14,1.3250387267007726,4.170257938443159,-0.0,4.075003695202636,cv,SouthernBritishEnglish.Parsed.CSV,6
15,1.3250387267007726,4.170257938443159,-0.0,4.075003695202636,cv,SouthernBritishEnglish.Parsed.CSV,6
16,1.3250387267007726,4.170257938443159,-0.0,4.075003695202636,cv,SouthernBritishEnglish.Parsed.CSV,6
17,1.3250387267007726,4.170257938443159,-0.0,4.075003695202636,cv,SouthernBritishEnglish.Parsed.CSV,6
18,1.3250387267007726,4.170257938443159,-0.0,4.075003695202636,cv,SouthernBritishEnglish.Parsed.CSV,6
19,1.3250387267007726,4.170257938443159,-0.0,4.075003695202636,cv,SouthernBritishEnglish.Parsed.CSV,6
20,1.3250387267007726,4.170257938443159,-0.0,4.075003695202636,cv,SouthernBritishEnglish.Parsed.CSV,6
21,1.3250387267007726,4.170257938443159,-0.0,4.075003695202636,cv,SouthernBritishEnglish.Parsed.CSV,6
22,1.3250387267007726,4.170257938443159,-0.0,4.075003695202636,cv,SouthernBritishEnglish.Parsed.CSV,6
23,1.3250387267007726,4.170257938443159,-0.0,4.075003695202636,cv,SouthernBritishEnglish.Parsed.CSV,6
24,1.3250387267007726,4.170257938443159,-0.0,4.075003695202636,cv,SouthernBritishEnglish.Parsed.CSV,6
25,1.3250387267007726,4.170257938443159,-0.0,4.075003695202636,cv,SouthernBritishEnglish.Parsed.CSV,6
26,1.3250387267007726,4.170257938443159,-0.0,4.075003695202636,cv,SouthernBritishEnglish.Parsed.CSV,6
27,1.3250387267007726,4.170257938443159,-0.0,4.075003695202636,cv,SouthernBritishEnglish.Parsed.CSV,6
28,1.3250387267007726,4.170257938443159,-0.0,4.075003695202636,cv,SouthernBritishEnglish.Parsed.CSV,6
0,3.1701371734293295,10.91935777313512,nan,0.0,scramble,SouthernBritishEnglish.Parsed.CSV,7
1,2.5912428251047395,8.716404834181038,0.5788943483245901,0.5788943483245901,scramble,SouthernBritishEnglish.Parsed.CSV,7
2,1.9414841310749826,6.125884836608921,0.6497586940297568,1.8784117363841037,scramble,SouthernBritishEnglish.Parsed.CSV,7
3,1.4466724903143753,4.457747370140965,0.49481164076060735,3.3628466586659256,scramble,SouthernBritishEnglish.Parsed.CSV,7
4,1.2919155939368254,4.069890612607577,0.15475689637754986,3.981874244176125,scramble,SouthernBritishEnglish.Parsed.CSV,7
5,1.2696563699351562,4.026794449692259,0.022259224001669242,4.093170364184472,scramble,SouthernBritishEnglish.Parsed.CSV,7
6,1.2677263381569692,4.0236856305984094,0.001930031778186958,4.104750554853593,scramble,SouthernBritishEnglish.Parsed.CSV,7
7,1.2674881379177037,4.023264623321831,0.00023820023926557354,4.106417956528452,scramble,SouthernBritishEnglish.Parsed.CSV,7
8,1.2674264921837999,4.023168360075759,6.164573390377015e-05,4.106911122399683,scramble,SouthernBritishEnglish.Parsed.CSV,7
9,1.2674053659512179,4.0231486797950256,2.1126232581991644e-05,4.1071012584929205,scramble,SouthernBritishEnglish.Parsed.CSV,7
10,1.267405234715561,4.023148482110501,1.3123565678618831e-07,4.107102570849488,scramble,SouthernBritishEnglish.Parsed.CSV,7
11,1.2674051797701407,4.0231483601274824,5.494542043571471e-08,4.1071031752491125,scramble,SouthernBritishEnglish.Parsed.CSV,7
12,1.2674051797701407,4.0231483601274824,-0.0,4.1071031752491125,scramble,SouthernBritishEnglish.Parsed.CSV,7
13,1.2674051797701407,4.0231483601274824,-0.0,4.1071031752491125,scramble,SouthernBritishEnglish.Parsed.CSV,7
14,1.2674051797701407,4.0231483601274824,-0.0,4.1071031752491125,scramble,SouthernBritishEnglish.Parsed.CSV,7
15,1.2674051797701407,4.0231483601274824,-0.0,4.1071031752491125,scramble,SouthernBritishEnglish.Parsed.CSV,7
16,1.2674051797701407,4.0231483601274824,-0.0,4.1071031752491125,scramble,SouthernBritishEnglish.Parsed.CSV,7
17,1.2674051797701407,4.0231483601274824,-0.0,4.1071031752491125,scramble,SouthernBritishEnglish.Parsed.CSV,7
18,1.2674051797701407,4.0231483601274824,-0.0,4.1071031752491125,scramble,SouthernBritishEnglish.Parsed.CSV,7
19,1.2674051797701407,4.0231483601274824,-0.0,4.1071031752491125,scramble,SouthernBritishEnglish.Parsed.CSV,7
20,1.2674051797701407,4.0231483601274824,-0.0,4.1071031752491125,scramble,SouthernBritishEnglish.Parsed.CSV,7
21,1.2674051797701407,4.0231483601274824,-0.0,4.1071031752491125,scramble,SouthernBritishEnglish.Parsed.CSV,7
22,1.2674051797701407,4.0231483601274824,-0.0,4.1071031752491125,scramble,SouthernBritishEnglish.Parsed.CSV,7
23,1.2674051797701407,4.0231483601274824,-0.0,4.1071031752491125,scramble,SouthernBritishEnglish.Parsed.CSV,7
24,1.2674051797701407,4.0231483601274824,-0.0,4.1071031752491125,scramble,SouthernBritishEnglish.Parsed.CSV,7
25,1.2674051797701407,4.0231483601274824,-0.0,4.1071031752491125,scramble,SouthernBritishEnglish.Parsed.CSV,7
26,1.2674051797701407,4.0231483601274824,-0.0,4.1071031752491125,scramble,SouthernBritishEnglish.Parsed.CSV,7
27,1.2674051797701407,4.0231483601274824,-0.0,4.1071031752491125,scramble,SouthernBritishEnglish.Parsed.CSV,7
28,1.2674051797701407,4.0231483601274824,-0.0,4.1071031752491125,scramble,SouthernBritishEnglish.Parsed.CSV,7
0,3.1701371734293295,10.91935777313512,nan,0.0,manner,SouthernBritishEnglish.Parsed.CSV,7
1,2.4611286474720226,8.0409520267915,0.7090085259573069,0.7090085259573069,manner,SouthernBritishEnglish.Parsed.CSV,7
2,1.9199465665364046,5.883707870005617,0.541182080935618,1.791372687828543,manner,SouthernBritishEnglish.Parsed.CSV,7
3,1.5348138740171342,4.560061352832866,0.3851326925192704,2.946770765386354,manner,SouthernBritishEnglish.Parsed.CSV,7
4,1.352359848725149,4.076424219629822,0.1824540252919853,3.6765868665542953,manner,SouthernBritishEnglish.Parsed.CSV,7
5,1.3118064183689069,3.992555552784189,0.04055343035624204,3.8793540183355057,manner,SouthernBritishEnglish.Parsed.CSV,7
6,1.3070066605321458,3.9844818807100375,0.0047997578367611204,3.9081525653560725,manner,SouthernBritishEnglish.Parsed.CSV,7
7,1.306539582123637,3.9837180997858304,0.000467078408508792,3.9114221142156342,manner,SouthernBritishEnglish.Parsed.CSV,7
8,1.3065007420940564,3.9836563515424115,3.8840029580544666e-05,3.9117328344522786,manner,SouthernBritishEnglish.Parsed.CSV,7
9,1.3064921956768871,3.9836402135948807,8.546417169297271e-06,3.9118097522068025,manner,SouthernBritishEnglish.Parsed.CSV,7
10,1.3064905037831074,3.983637878134839,1.6918937797427702e-06,3.9118266711446,manner,SouthernBritishEnglish.Parsed.CSV,7
11,1.3064904921618037,3.9836378393675176,1.1621303697140206e-08,3.9118267989789404,manner,SouthernBritishEnglish.Parsed.CSV,7
12,1.3064904921618037,3.9836378393675176,-0.0,3.9118267989789404,manner,SouthernBritishEnglish.Parsed.CSV,7
13,1.3064904921618037,3.9836378393675176,-0.0,3.9118267989789404,manner,SouthernBritishEnglish.Parsed.CSV,7
14,1.3064904921618037,3.9836378393675176,-0.0,3.9118267989789404,manner,SouthernBritishEnglish.Parsed.CSV,7
15,1.3064904921618037,3.9836378393675176,-0.0,3.9118267989789404,manner,SouthernBritishEnglish.Parsed.CSV,7
16,1.3064904921618037,3.9836378393675176,-0.0,3.9118267989789404,manner,SouthernBritishEnglish.Parsed.CSV,7
17,1.3064904921618037,3.9836378393675176,-0.0,3.9118267989789404,manner,SouthernBritishEnglish.Parsed.CSV,7
18,1.3064904921618037,3.9836378393675176,-0.0,3.9118267989789404,manner,SouthernBritishEnglish.Parsed.CSV,7
19,1.3064904921618037,3.9836378393675176,-0.0,3.9118267989789404,manner,SouthernBritishEnglish.Parsed.CSV,7
20,1.3064904921618037,3.9836378393675176,-0.0,3.9118267989789404,manner,SouthernBritishEnglish.Parsed.CSV,7
21,1.3064904921618037,3.9836378393675176,-0.0,3.9118267989789404,manner,SouthernBritishEnglish.Parsed.CSV,7
22,1.3064904921618037,3.9836378393675176,-0.0,3.9118267989789404,manner,SouthernBritishEnglish.Parsed.CSV,7
23,1.3064904921618037,3.9836378393675176,-0.0,3.9118267989789404,manner,SouthernBritishEnglish.Parsed.CSV,7
24,1.3064904921618037,3.9836378393675176,-0.0,3.9118267989789404,manner,SouthernBritishEnglish.Parsed.CSV,7
25,1.3064904921618037,3.9836378393675176,-0.0,3.9118267989789404,manner,SouthernBritishEnglish.Parsed.CSV,7
26,1.3064904921618037,3.9836378393675176,-0.0,3.9118267989789404,manner,SouthernBritishEnglish.Parsed.CSV,7
27,1.3064904921618037,3.9836378393675176,-0.0,3.9118267989789404,manner,SouthernBritishEnglish.Parsed.CSV,7
28,1.3064904921618037,3.9836378393675176,-0.0,3.9118267989789404,manner,SouthernBritishEnglish.Parsed.CSV,7
0,3.1701371734293295,10.91935777313512,nan,0.0,cv,SouthernBritishEnglish.Parsed.CSV,7
1,2.576067682323559,8.632851556722242,0.5940694911057705,0.5940694911057705,cv,SouthernBritishEnglish.Parsed.CSV,7
2,2.019203894406133,6.358868560090697,0.5568637879174263,1.707797066940623,cv,SouthernBritishEnglish.Parsed.CSV,7
3,1.578451113733159,4.8066114625679734,0.44075278067297385,3.0300554089595444,cv,SouthernBritishEnglish.Parsed.CSV,7
4,1.365713515209918,4.253073593099973,0.21273759852324092,3.881005803052508,cv,SouthernBritishEnglish.Parsed.CSV,7
5,1.3303871383942345,4.183124299805552,0.03532637681568351,4.057637687130926,cv,SouthernBritishEnglish.Parsed.CSV,7
6,1.3278868449235857,4.17910210355888,0.00250029347064884,4.072639447954819,cv,SouthernBritishEnglish.Parsed.CSV,7
7,1.3277618123813775,4.178909394893889,0.00012503254220819215,4.0735146757502765,cv,SouthernBritishEnglish.Parsed.CSV,7
8,1.327759697196759,4.178907122425163,2.1151846185674117e-06,4.073531597227225,cv,SouthernBritishEnglish.Parsed.CSV,7
9,1.3277476750830983,4.178898789403241,1.2022113660581368e-05,4.07363979625017,cv,SouthernBritishEnglish.Parsed.CSV,7
10,1.3277476750830983,4.178898789403241,-0.0,4.07363979625017,cv,SouthernBritishEnglish.Parsed.CSV,7
11,1.3277476750830983,4.178898789403241,-0.0,4.07363979625017,cv,SouthernBritishEnglish.Parsed.CSV,7
12,1.3277476750830983,4.178898789403241,-0.0,4.07363979625017,cv,SouthernBritishEnglish.Parsed.CSV,7
13,1.3277476750830983,4.178898789403241,-0.0,4.07363979625017,cv,SouthernBritishEnglish.Parsed.CSV,7
14,1.3277476750830983,4.178898789403241,-0.0,4.07363979625017,cv,SouthernBritishEnglish.Parsed.CSV,7
15,1.3277476750830983,4.178898789403241,-0.0,4.07363979625017,cv,SouthernBritishEnglish.Parsed.CSV,7
16,1.3277476750830983,4.178898789403241,-0.0,4.07363979625017,cv,SouthernBritishEnglish.Parsed.CSV,7
17,1.3277476750830983,4.178898789403241,-0.0,4.07363979625017,cv,SouthernBritishEnglish.Parsed.CSV,7
18,1.3277476750830983,4.178898789403241,-0.0,4.07363979625017,cv,SouthernBritishEnglish.Parsed.CSV,7
19,1.3277476750830983,4.178898789403241,-0.0,4.07363979625017,cv,SouthernBritishEnglish.Parsed.CSV,7
20,1.3277476750830983,4.178898789403241,-0.0,4.07363979625017,cv,SouthernBritishEnglish.Parsed.CSV,7
21,1.3277476750830983,4.178898789403241,-0.0,4.07363979625017,cv,SouthernBritishEnglish.Parsed.CSV,7
22,1.3277476750830983,4.178898789403241,-0.0,4.07363979625017,cv,SouthernBritishEnglish.Parsed.CSV,7
23,1.3277476750830983,4.178898789403241,-0.0,4.07363979625017,cv,SouthernBritishEnglish.Parsed.CSV,7
24,1.3277476750830983,4.178898789403241,-0.0,4.07363979625017,cv,SouthernBritishEnglish.Parsed.CSV,7
25,1.3277476750830983,4.178898789403241,-0.0,4.07363979625017,cv,SouthernBritishEnglish.Parsed.CSV,7
26,1.3277476750830983,4.178898789403241,-0.0,4.07363979625017,cv,SouthernBritishEnglish.Parsed.CSV,7
27,1.3277476750830983,4.178898789403241,-0.0,4.07363979625017,cv,SouthernBritishEnglish.Parsed.CSV,7
28,1.3277476750830983,4.178898789403241,-0.0,4.07363979625017,cv,SouthernBritishEnglish.Parsed.CSV,7
0,3.1701371734293295,10.91935777313512,nan,0.0,scramble,SouthernBritishEnglish.Parsed.CSV,8
1,2.581724183704741,8.633285622174437,0.5884129897245884,0.5884129897245884,scramble,SouthernBritishEnglish.Parsed.CSV,8
2,1.9258331688624437,6.014088133068335,0.6558910148422974,1.9001950194091832,scramble,SouthernBritishEnglish.Parsed.CSV,8
3,1.4458323050303183,4.413456498279166,0.48000086383212537,3.3401976109055593,scramble,SouthernBritishEnglish.Parsed.CSV,8
4,1.289025617563944,4.021815013683861,0.15680668746637427,3.9674243607710564,scramble,SouthernBritishEnglish.Parsed.CSV,8
5,1.2692846616414697,3.9835074380499442,0.01974095592247438,4.0661291403834285,scramble,SouthernBritishEnglish.Parsed.CSV,8
6,1.2675706061125593,3.9806039627402976,0.001714055528910352,4.07641347355689,scramble,SouthernBritishEnglish.Parsed.CSV,8
7,1.267427369080068,3.9803757555693315,0.00014323703249141673,4.077416132784331,scramble,SouthernBritishEnglish.Parsed.CSV,8
8,1.2674183928767886,3.9803605831902042,8.976203279331685e-06,4.077487942410565,scramble,SouthernBritishEnglish.Parsed.CSV,8
9,1.267406688950873,3.980349563799922,1.170392591554048e-05,4.077593277743805,scramble,SouthernBritishEnglish.Parsed.CSV,8
10,1.2674052028115943,3.98034680692502,1.486139278750187e-06,4.077608139136593,scramble,SouthernBritishEnglish.Parsed.CSV,8
11,1.2674052027020672,3.9803468068491017,1.0952705409295049e-10,4.07760814034139,scramble,SouthernBritishEnglish.Parsed.CSV,8
12,1.2674051798796675,3.9803467299886037,2.282239974782385e-08,4.077608414210187,scramble,SouthernBritishEnglish.Parsed.CSV,8
13,1.2674051797701404,3.980346729912686,1.0952705409295049e-10,4.077608415634039,scramble,SouthernBritishEnglish.Parsed.CSV,8
14,1.2674051797701404,3.980346729912686,-0.0,4.077608415634039,scramble,SouthernBritishEnglish.Parsed.CSV,8
15,1.2674051797701404,3.980346729912686,-0.0,4.077608415634039,scramble,SouthernBritishEnglish.Parsed.CSV,8
16,1.2674051797701404,3.980346729912686,-0.0,4.077608415634039,scramble,SouthernBritishEnglish.Parsed.CSV,8
17,1.2674051797701404,3.980346729912686,-0.0,4.077608415634039,scramble,SouthernBritishEnglish.Parsed.CSV,8
18,1.2674051797701404,3.980346729912686,-0.0,4.077608415634039,scramble,SouthernBritishEnglish.Parsed.CSV,8
19,1.2674051797701404,3.980346729912686,-0.0,4.077608415634039,scramble,SouthernBritishEnglish.Parsed.CSV,8
20,1.2674051797701404,3.980346729912686,-0.0,4.077608415634039,scramble,SouthernBritishEnglish.Parsed.CSV,8
21,1.2674051797701404,3.980346729912686,-0.0,4.077608415634039,scramble,SouthernBritishEnglish.Parsed.CSV,8
22,1.2674051797701404,3.980346729912686,-0.0,4.077608415634039,scramble,SouthernBritishEnglish.Parsed.CSV,8
23,1.2674051797701404,3.980346729912686,-0.0,4.077608415634039,scramble,SouthernBritishEnglish.Parsed.CSV,8
24,1.2674051797701404,3.980346729912686,-0.0,4.077608415634039,scramble,SouthernBritishEnglish.Parsed.CSV,8
25,1.2674051797701404,3.980346729912686,-0.0,4.077608415634039,scramble,SouthernBritishEnglish.Parsed.CSV,8
26,1.2674051797701404,3.980346729912686,-0.0,4.077608415634039,scramble,SouthernBritishEnglish.Parsed.CSV,8
27,1.2674051797701404,3.980346729912686,-0.0,4.077608415634039,scramble,SouthernBritishEnglish.Parsed.CSV,8
28,1.2674051797701404,3.980346729912686,-0.0,4.077608415634039,scramble,SouthernBritishEnglish.Parsed.CSV,8
0,3.1701371734293295,10.91935777313512,nan,0.0,manner,SouthernBritishEnglish.Parsed.CSV,8
1,2.4531138938927834,8.001888382584852,0.7170232795365461,0.7170232795365461,manner,SouthernBritishEnglish.Parsed.CSV,8
2,1.919418007614726,5.8757293006556015,0.5336958862780574,1.784415052092661,manner,SouthernBritishEnglish.Parsed.CSV,8
3,1.5368043157913085,4.557461726817756,0.38261369182341753,2.9322561275629138,manner,SouthernBritishEnglish.Parsed.CSV,8
4,1.3503907651201073,4.064567922941281,0.18641355067120124,3.6779103302477187,manner,SouthernBritishEnglish.Parsed.CSV,8
5,1.309896522340745,3.9806328519333776,0.0404942427793622,3.8803815441445297,manner,SouthernBritishEnglish.Parsed.CSV,8
6,1.3049545319275864,3.972346214924078,0.004941990413158681,3.910033486623482,manner,SouthernBritishEnglish.Parsed.CSV,8
7,1.3044816725208446,3.9716452816106202,0.00047285940674179905,3.913343502470674,manner,SouthernBritishEnglish.Parsed.CSV,8
8,1.3043981115858467,3.9715320560043064,8.356093499783945e-05,3.914011989950657,manner,SouthernBritishEnglish.Parsed.CSV,8
9,1.3043807438400046,3.97151187174923,1.7367745842156168e-05,3.9141682996632365,manner,SouthernBritishEnglish.Parsed.CSV,8
10,1.3043793675702084,3.9715080844050332,1.3762697961272607e-06,3.914182062361198,manner,SouthernBritishEnglish.Parsed.CSV,8
11,1.3043766314780347,3.9715061878942004,2.736092173716287e-06,3.9142121593751087,manner,SouthernBritishEnglish.Parsed.CSV,8
12,1.3043766314780347,3.9715061878942004,-0.0,3.9142121593751087,manner,SouthernBritishEnglish.Parsed.CSV,8
13,1.3043766314780347,3.9715061878942004,-0.0,3.9142121593751087,manner,SouthernBritishEnglish.Parsed.CSV,8
14,1.3043766314780347,3.9715061878942004,-0.0,3.9142121593751087,manner,SouthernBritishEnglish.Parsed.CSV,8
15,1.3043766314780347,3.9715061878942004,-0.0,3.9142121593751087,manner,SouthernBritishEnglish.Parsed.CSV,8
16,1.3043766314780347,3.9715061878942004,-0.0,3.9142121593751087,manner,SouthernBritishEnglish.Parsed.CSV,8
17,1.3043766314780347,3.9715061878942004,-0.0,3.9142121593751087,manner,SouthernBritishEnglish.Parsed.CSV,8
18,1.3043766314780347,3.9715061878942004,-0.0,3.9142121593751087,manner,SouthernBritishEnglish.Parsed.CSV,8
19,1.3043766314780347,3.9715061878942004,-0.0,3.9142121593751087,manner,SouthernBritishEnglish.Parsed.CSV,8
20,1.3043766314780347,3.9715061878942004,-0.0,3.9142121593751087,manner,SouthernBritishEnglish.Parsed.CSV,8
21,1.3043766314780347,3.9715061878942004,-0.0,3.9142121593751087,manner,SouthernBritishEnglish.Parsed.CSV,8
22,1.3043766314780347,3.9715061878942004,-0.0,3.9142121593751087,manner,SouthernBritishEnglish.Parsed.CSV,8
23,1.3043766314780347,3.9715061878942004,-0.0,3.9142121593751087,manner,SouthernBritishEnglish.Parsed.CSV,8
24,1.3043766314780347,3.9715061878942004,-0.0,3.9142121593751087,manner,SouthernBritishEnglish.Parsed.CSV,8
25,1.3043766314780347,3.9715061878942004,-0.0,3.9142121593751087,manner,SouthernBritishEnglish.Parsed.CSV,8
26,1.3043766314780347,3.9715061878942004,-0.0,3.9142121593751087,manner,SouthernBritishEnglish.Parsed.CSV,8
27,1.3043766314780347,3.9715061878942004,-0.0,3.9142121593751087,manner,SouthernBritishEnglish.Parsed.CSV,8
28,1.3043766314780347,3.9715061878942004,-0.0,3.9142121593751087,manner,SouthernBritishEnglish.Parsed.CSV,8
0,3.1701371734293295,10.91935777313512,nan,0.0,cv,SouthernBritishEnglish.Parsed.CSV,8
1,2.566549821299252,8.606499490691887,0.6035873521300776,0.6035873521300776,cv,SouthernBritishEnglish.Parsed.CSV,8
2,2.0132051002225504,6.345505440808543,0.5533447210767015,1.7102767942834807,cv,SouthernBritishEnglish.Parsed.CSV,8
3,1.5748732390230347,4.789818029377055,0.4383318611995157,3.025272377882028,cv,SouthernBritishEnglish.Parsed.CSV,8
4,1.3623245270836866,4.2335774390847885,0.2125487119393481,3.8754672256394205,cv,SouthernBritishEnglish.Parsed.CSV,8
5,1.3260740278794272,4.162662453120202,0.03625049920425938,4.056719721660717,cv,SouthernBritishEnglish.Parsed.CSV,8
6,1.3235396261280554,4.158423575059864,0.002534401751371762,4.071926132168947,cv,SouthernBritishEnglish.Parsed.CSV,8
7,1.3233732181485218,4.158162572814988,0.00016640797953360043,4.073090988025682,cv,SouthernBritishEnglish.Parsed.CSV,8
8,1.3233473987763964,4.158141825682413,2.5819372125424067e-05,4.073297543002686,cv,SouthernBritishEnglish.Parsed.CSV,8
9,1.3233465210115627,4.158139138690754,8.777648337066069e-07,4.0733054428861895,cv,SouthernBritishEnglish.Parsed.CSV,8
10,1.3233465210115627,4.158139138690754,-0.0,4.0733054428861895,cv,SouthernBritishEnglish.Parsed.CSV,8
11,1.3233465210115627,4.158139138690754,-0.0,4.0733054428861895,cv,SouthernBritishEnglish.Parsed.CSV,8
12,1.3233465210115627,4.158139138690754,-0.0,4.0733054428861895,cv,SouthernBritishEnglish.Parsed.CSV,8
13,1.3233465210115627,4.158139138690754,-0.0,4.0733054428861895,cv,SouthernBritishEnglish.Parsed.CSV,8
14,1.3233465210115627,4.158139138690754,-0.0,4.0733054428861895,cv,SouthernBritishEnglish.Parsed.CSV,8
15,1.3233465210115627,4.158139138690754,-0.0,4.0733054428861895,cv,SouthernBritishEnglish.Parsed.CSV,8
16,1.3233465210115627,4.158139138690754,-0.0,4.0733054428861895,cv,SouthernBritishEnglish.Parsed.CSV,8
17,1.3233465210115627,4.158139138690754,-0.0,4.0733054428861895,cv,SouthernBritishEnglish.Parsed.CSV,8
18,1.3233465210115627,4.158139138690754,-0.0,4.0733054428861895,cv,SouthernBritishEnglish.Parsed.CSV,8
19,1.3233465210115627,4.158139138690754,-0.0,4.0733054428861895,cv,SouthernBritishEnglish.Parsed.CSV,8
20,1.3233465210115627,4.158139138690754,-0.0,4.0733054428861895,cv,SouthernBritishEnglish.Parsed.CSV,8
21,1.3233465210115627,4.158139138690754,-0.0,4.0733054428861895,cv,SouthernBritishEnglish.Parsed.CSV,8
22,1.3233465210115627,4.158139138690754,-0.0,4.0733054428861895,cv,SouthernBritishEnglish.Parsed.CSV,8
23,1.3233465210115627,4.158139138690754,-0.0,4.0733054428861895,cv,SouthernBritishEnglish.Parsed.CSV,8
24,1.3233465210115627,4.158139138690754,-0.0,4.0733054428861895,cv,SouthernBritishEnglish.Parsed.CSV,8
25,1.3233465210115627,4.158139138690754,-0.0,4.0733054428861895,cv,SouthernBritishEnglish.Parsed.CSV,8
26,1.3233465210115627,4.158139138690754,-0.0,4.0733054428861895,cv,SouthernBritishEnglish.Parsed.CSV,8
27,1.3233465210115627,4.158139138690754,-0.0,4.0733054428861895,cv,SouthernBritishEnglish.Parsed.CSV,8
28,1.3233465210115627,4.158139138690754,-0.0,4.0733054428861895,cv,SouthernBritishEnglish.Parsed.CSV,8
0,3.1701371734293295,10.91935777313512,nan,0.0,scramble,SouthernBritishEnglish.Parsed.CSV,9
1,2.597931505489472,8.71230945243761,0.5722056679398575,0.5722056679398575,scramble,SouthernBritishEnglish.Parsed.CSV,9
2,1.9121951266543402,6.0042574671630815,0.6857363788351318,1.9436784256101212,scramble,SouthernBritishEnglish.Parsed.CSV,9
3,1.4489098410516115,4.4374927745956905,0.46328528560272875,3.3335342824183076,scramble,SouthernBritishEnglish.Parsed.CSV,9
4,1.2949511931996651,4.048882664177662,0.15395864785194635,3.949368873826093,scramble,SouthernBritishEnglish.Parsed.CSV,9
5,1.2706965351925308,4.002317505140196,0.024254658007134333,4.0706421638617645,scramble,SouthernBritishEnglish.Parsed.CSV,9
6,1.2678798849924784,3.9976085711813716,0.002816650200052395,4.087542065062079,scramble,SouthernBritishEnglish.Parsed.CSV,9
7,1.267474498767985,3.997053447149489,0.00040538622449348694,4.090379768633534,scramble,SouthernBritishEnglish.Parsed.CSV,9
8,1.2674229405343236,3.9969744206473137,5.155823366131962e-05,4.090792234502825,scramble,SouthernBritishEnglish.Parsed.CSV,9
9,1.2674168781642592,3.9969678019858756,6.062370064396916e-06,4.0908467958334045,scramble,SouthernBritishEnglish.Parsed.CSV,9
10,1.2674070100676895,3.996956015856625,9.868096569665141e-06,4.090945476799101,scramble,SouthernBritishEnglish.Parsed.CSV,9
11,1.2674068639739084,3.9969558151246556,1.460937810726648e-07,4.090947083830693,scramble,SouthernBritishEnglish.Parsed.CSV,9
12,1.2674068639739084,3.9969558151246556,-0.0,4.090947083830693,scramble,SouthernBritishEnglish.Parsed.CSV,9
13,1.2674053179873377,3.996953635298545,1.5459865707612153e-06,4.090967181656113,scramble,SouthernBritishEnglish.Parsed.CSV,9
14,1.267405179770141,3.996953477246238,1.3821719657691744e-07,4.090969116696865,scramble,SouthernBritishEnglish.Parsed.CSV,9
15,1.267405179770141,3.996953477246238,-0.0,4.090969116696865,scramble,SouthernBritishEnglish.Parsed.CSV,9
16,1.267405179770141,3.996953477246238,-0.0,4.090969116696865,scramble,SouthernBritishEnglish.Parsed.CSV,9
17,1.267405179770141,3.996953477246238,-0.0,4.090969116696865,scramble,SouthernBritishEnglish.Parsed.CSV,9
18,1.267405179770141,3.996953477246238,-0.0,4.090969116696865,scramble,SouthernBritishEnglish.Parsed.CSV,9
19,1.267405179770141,3.996953477246238,-0.0,4.090969116696865,scramble,SouthernBritishEnglish.Parsed.CSV,9
20,1.267405179770141,3.996953477246238,-0.0,4.090969116696865,scramble,SouthernBritishEnglish.Parsed.CSV,9
21,1.267405179770141,3.996953477246238,-0.0,4.090969116696865,scramble,SouthernBritishEnglish.Parsed.CSV,9
22,1.267405179770141,3.996953477246238,-0.0,4.090969116696865,scramble,SouthernBritishEnglish.Parsed.CSV,9
23,1.267405179770141,3.996953477246238,-0.0,4.090969116696865,scramble,SouthernBritishEnglish.Parsed.CSV,9
24,1.267405179770141,3.996953477246238,-0.0,4.090969116696865,scramble,SouthernBritishEnglish.Parsed.CSV,9
25,1.267405179770141,3.996953477246238,-0.0,4.090969116696865,scramble,SouthernBritishEnglish.Parsed.CSV,9
26,1.267405179770141,3.996953477246238,-0.0,4.090969116696865,scramble,SouthernBritishEnglish.Parsed.CSV,9
27,1.267405179770141,3.996953477246238,-0.0,4.090969116696865,scramble,SouthernBritishEnglish.Parsed.CSV,9
28,1.267405179770141,3.996953477246238,-0.0,4.090969116696865,scramble,SouthernBritishEnglish.Parsed.CSV,9
0,3.1701371734293295,10.91935777313512,nan,0.0,manner,SouthernBritishEnglish.Parsed.CSV,9
1,2.45756418717904,8.013736610175306,0.7125729862502896,0.7125729862502896,manner,SouthernBritishEnglish.Parsed.CSV,9
2,1.9210175432925822,5.885438083397652,0.5365466438864577,1.785666274023205,manner,SouthernBritishEnglish.Parsed.CSV,9
3,1.5361924935287758,4.561034997256244,0.3848250497638064,2.940141423314624,manner,SouthernBritishEnglish.Parsed.CSV,9
4,1.3511888027562433,4.0704272417793455,0.18500369077253254,3.680156186404754,manner,SouthernBritishEnglish.Parsed.CSV,9
5,1.309617482875776,3.9845783571573756,0.04157131988046725,3.8880127858070903,manner,SouthernBritishEnglish.Parsed.CSV,9
6,1.3047255383552518,3.976017493886918,0.004891944520524216,3.9173644529302356,manner,SouthernBritishEnglish.Parsed.CSV,9
7,1.3041556616833314,3.9751455140092404,0.0005698766719204329,3.9213535896336786,manner,SouthernBritishEnglish.Parsed.CSV,9
8,1.3041102682664243,3.975070356748743,4.539341690712462e-05,3.9217167369689356,manner,SouthernBritishEnglish.Parsed.CSV,9
9,1.3041002620699722,3.9750550984894018,1.0006196452083671e-05,3.921806792737004,manner,SouthernBritishEnglish.Parsed.CSV,9
10,1.30410009379727,3.9750548521801816,1.6827270221675406e-07,3.9218084754640263,manner,SouthernBritishEnglish.Parsed.CSV,9
11,1.3041000717207192,3.9750548266896395,2.2076550809657647e-08,3.9218087183060852,manner,SouthernBritishEnglish.Parsed.CSV,9
12,1.3041000717207192,3.9750548266896395,-0.0,3.9218087183060852,manner,SouthernBritishEnglish.Parsed.CSV,9
13,1.3041000717207192,3.9750548266896395,-0.0,3.9218087183060852,manner,SouthernBritishEnglish.Parsed.CSV,9
14,1.3041000717207192,3.9750548266896395,-0.0,3.9218087183060852,manner,SouthernBritishEnglish.Parsed.CSV,9
15,1.3041000717207192,3.9750548266896395,-0.0,3.9218087183060852,manner,SouthernBritishEnglish.Parsed.CSV,9
16,1.3041000717207192,3.9750548266896395,-0.0,3.9218087183060852,manner,SouthernBritishEnglish.Parsed.CSV,9
17,1.3041000717207192,3.9750548266896395,-0.0,3.9218087183060852,manner,SouthernBritishEnglish.Parsed.CSV,9
18,1.3041000717207192,3.9750548266896395,-0.0,3.9218087183060852,manner,SouthernBritishEnglish.Parsed.CSV,9
19,1.3041000717207192,3.9750548266896395,-0.0,3.9218087183060852,manner,SouthernBritishEnglish.Parsed.CSV,9
20,1.3041000717207192,3.9750548266896395,-0.0,3.9218087183060852,manner,SouthernBritishEnglish.Parsed.CSV,9
21,1.3041000717207192,3.9750548266896395,-0.0,3.9218087183060852,manner,SouthernBritishEnglish.Parsed.CSV,9
22,1.3041000717207192,3.9750548266896395,-0.0,3.9218087183060852,manner,SouthernBritishEnglish.Parsed.CSV,9
23,1.3041000717207192,3.9750548266896395,-0.0,3.9218087183060852,manner,SouthernBritishEnglish.Parsed.CSV,9
24,1.3041000717207192,3.9750548266896395,-0.0,3.9218087183060852,manner,SouthernBritishEnglish.Parsed.CSV,9
25,1.3041000717207192,3.9750548266896395,-0.0,3.9218087183060852,manner,SouthernBritishEnglish.Parsed.CSV,9
26,1.3041000717207192,3.9750548266896395,-0.0,3.9218087183060852,manner,SouthernBritishEnglish.Parsed.CSV,9
27,1.3041000717207192,3.9750548266896395,-0.0,3.9218087183060852,manner,SouthernBritishEnglish.Parsed.CSV,9
28,1.3041000717207192,3.9750548266896395,-0.0,3.9218087183060852,manner,SouthernBritishEnglish.Parsed.CSV,9
0,3.1701371734293295,10.91935777313512,nan,0.0,cv,SouthernBritishEnglish.Parsed.CSV,9
1,2.569044330513839,8.612524321142969,0.6010928429154907,0.6010928429154907,cv,SouthernBritishEnglish.Parsed.CSV,9
2,2.016333452942962,6.374685966228676,0.5527108775708767,1.706514598057244,cv,SouthernBritishEnglish.Parsed.CSV,9
3,1.5776919718518754,4.825642014255021,0.4386414810910868,3.0224390413305047,cv,SouthernBritishEnglish.Parsed.CSV,9
4,1.3645576944205768,4.266021673899237,0.21313427743129854,3.874976151055699,cv,SouthernBritishEnglish.Parsed.CSV,9
5,1.327793302079649,4.194549779094935,0.036764392340927765,4.058798112760337,cv,SouthernBritishEnglish.Parsed.CSV,9
6,1.3253088427868784,4.190413513125944,0.0024844592927706355,4.073704868516961,cv,SouthernBritishEnglish.Parsed.CSV,9
7,1.325176508725478,4.190193553289162,0.00013233406140034099,4.074631206946763,cv,SouthernBritishEnglish.Parsed.CSV,9
8,1.3251555983992294,4.190175023249583,2.0910326248735345e-05,4.074798489556753,cv,SouthernBritishEnglish.Parsed.CSV,9
9,1.3251555983992294,4.190175023249583,-0.0,4.074798489556753,cv,SouthernBritishEnglish.Parsed.CSV,9
10,1.3251555983992294,4.190175023249583,-0.0,4.074798489556753,cv,SouthernBritishEnglish.Parsed.CSV,9
11,1.3251555983992294,4.190175023249583,-0.0,4.074798489556753,cv,SouthernBritishEnglish.Parsed.CSV,9
12,1.3251555983992294,4.190175023249583,-0.0,4.074798489556753,cv,SouthernBritishEnglish.Parsed.CSV,9
13,1.3251555983992294,4.190175023249583,-0.0,4.074798489556753,cv,SouthernBritishEnglish.Parsed.CSV,9
14,1.3251555983992294,4.190175023249583,-0.0,4.074798489556753,cv,SouthernBritishEnglish.Parsed.CSV,9
15,1.3251555983992294,4.190175023249583,-0.0,4.074798489556753,cv,SouthernBritishEnglish.Parsed.CSV,9
16,1.3251555983992294,4.190175023249583,-0.0,4.074798489556753,cv,SouthernBritishEnglish.Parsed.CSV,9
17,1.3251555983992294,4.190175023249583,-0.0,4.074798489556753,cv,SouthernBritishEnglish.Parsed.CSV,9
18,1.3251555983992294,4.190175023249583,-0.0,4.074798489556753,cv,SouthernBritishEnglish.Parsed.CSV,9
19,1.3251555983992294,4.190175023249583,-0.0,4.074798489556753,cv,SouthernBritishEnglish.Parsed.CSV,9
20,1.3251555983992294,4.190175023249583,-0.0,4.074798489556753,cv,SouthernBritishEnglish.Parsed.CSV,9
21,1.3251555983992294,4.190175023249583,-0.0,4.074798489556753,cv,SouthernBritishEnglish.Parsed.CSV,9
22,1.3251555983992294,4.190175023249583,-0.0,4.074798489556753,cv,SouthernBritishEnglish.Parsed.CSV,9
23,1.3251555983992294,4.190175023249583,-0.0,4.074798489556753,cv,SouthernBritishEnglish.Parsed.CSV,9
24,1.3251555983992294,4.190175023249583,-0.0,4.074798489556753,cv,SouthernBritishEnglish.Parsed.CSV,9
25,1.3251555983992294,4.190175023249583,-0.0,4.074798489556753,cv,SouthernBritishEnglish.Parsed.CSV,9
26,1.3251555983992294,4.190175023249583,-0.0,4.074798489556753,cv,SouthernBritishEnglish.Parsed.CSV,9
27,1.3251555983992294,4.190175023249583,-0.0,4.074798489556753,cv,SouthernBritishEnglish.Parsed.CSV,9
28,1.3251555983992294,4.190175023249583,-0.0,4.074798489556753,cv,SouthernBritishEnglish.Parsed.CSV,9
